/*!40101 SET @saved_cs_client     = @@character_set_client */;
/*!40101 SET character_set_client = utf8 */;
CREATE TABLE `about_us` (
  `id` bigint(20) unsigned NOT NULL AUTO_INCREMENT,
  `text` varchar(500) COLLATE utf8mb4_unicode_ci NOT NULL,
  `version` varchar(255) COLLATE utf8mb4_unicode_ci NOT NULL,
  `created_at` timestamp NULL DEFAULT NULL,
  `updated_at` timestamp NULL DEFAULT NULL,
  PRIMARY KEY (`id`)
) ENGINE=InnoDB AUTO_INCREMENT=2 DEFAULT CHARSET=utf8mb4 COLLATE=utf8mb4_unicode_ci;
/*!40101 SET character_set_client = @saved_cs_client */;
INSERT INTO `about_us` VALUES (1,'Mom’s Club – это первое полноценное казахстанское приложение для мам. От первых дней беременности до первых дней в детском саду и школе!\r\nНе нужно больше искать ответы на вопросы по всему интернету. Мы собрали всё самое полезное и важное в нашем приложении.\r\nЗадавайте вопросы, общайтесь, делитесь и получайте консультации врачей не выходя из дома. \r\nMom’s club – твой самый лучший помощник!','1.0.1','2019-12-03 17:14:52','2019-12-03 17:14:53');
/*!40101 SET @saved_cs_client     = @@character_set_client */;
/*!40101 SET character_set_client = utf8 */;
CREATE TABLE `admins` (
  `id` bigint(20) unsigned NOT NULL AUTO_INCREMENT,
  `type` enum('admin','blogger') COLLATE utf8mb4_unicode_ci NOT NULL DEFAULT 'admin',
  `name` varchar(255) COLLATE utf8mb4_unicode_ci NOT NULL,
  `username` varchar(255) COLLATE utf8mb4_unicode_ci NOT NULL,
  `password` varchar(255) COLLATE utf8mb4_unicode_ci NOT NULL,
  `created_at` timestamp NULL DEFAULT NULL,
  `updated_at` timestamp NULL DEFAULT NULL,
  PRIMARY KEY (`id`),
  UNIQUE KEY `admins_username_unique` (`username`)
) ENGINE=InnoDB AUTO_INCREMENT=5 DEFAULT CHARSET=utf8mb4 COLLATE=utf8mb4_unicode_ci;
/*!40101 SET character_set_client = @saved_cs_client */;
INSERT INTO `admins` VALUES (1,'admin','Администратор','santo','qazplm123','2019-10-12 12:06:00','2019-10-12 12:06:00'),(3,'admin','Леонтий Ким','admin','qwerty123','2019-11-26 11:23:14','2019-11-26 11:23:14'),(4,'blogger','Арсен','arstoktarov','123456','2020-01-09 10:56:25','2020-01-09 10:56:26');
/*!40101 SET @saved_cs_client     = @@character_set_client */;
/*!40101 SET character_set_client = utf8 */;
CREATE TABLE `articles` (
  `id` bigint(20) unsigned NOT NULL AUTO_INCREMENT,
  `author_id` bigint(20) unsigned NOT NULL,
  `type` enum('article','news','note') COLLATE utf8mb4_unicode_ci NOT NULL,
  `title` varchar(255) COLLATE utf8mb4_unicode_ci NOT NULL,
  `description` text COLLATE utf8mb4_unicode_ci,
  `image` varchar(255) COLLATE utf8mb4_unicode_ci DEFAULT NULL,
  `show` tinyint(4) DEFAULT '1',
  `show_main` tinyint(4) DEFAULT '0',
  `share_file_url` varchar(255) COLLATE utf8mb4_unicode_ci DEFAULT NULL,
  `published_at` timestamp NULL DEFAULT CURRENT_TIMESTAMP,
  `created_at` timestamp NULL DEFAULT NULL,
  `updated_at` timestamp NULL DEFAULT NULL,
  PRIMARY KEY (`id`)
) ENGINE=InnoDB AUTO_INCREMENT=44 DEFAULT CHARSET=utf8mb4 COLLATE=utf8mb4_unicode_ci;
/*!40101 SET character_set_client = @saved_cs_client */;
INSERT INTO `articles` VALUES (40,15,'article','Колики',NULL,'/articles/2019/12/19/5dfa6b175aa2d.jpg',1,1,NULL,'2019-12-18 20:49:35','2019-12-18 20:49:35','2019-12-28 09:23:09'),(41,15,'article','Первое купание',NULL,'/articles/2019/12/19/5dfa6d585778b.jpg',1,1,'/articles/2020/01/09/5e168d864d091.gif','2019-12-18 21:14:29','2019-12-18 21:14:29','2020-01-09 05:18:46'),(42,15,'news','О пользе и важности витамина Д3',NULL,'/articles/2019/12/19/5dfb4cc89440d.jpg',1,0,'/articles/2019/12/19/5dfa6b175aa2d.jpg','2019-12-19 13:03:48','2019-12-19 13:03:48','2019-12-28 09:23:04'),(43,15,'news','5 Мифов о питании мамы',NULL,'/articles/2019/12/19/5dfb4f2d9b9f5.png',1,0,'/articles/2020/01/10/5e185124016f3.pdf','2019-12-19 13:18:15','2019-12-19 13:18:15','2020-01-10 13:25:40');
/*!40101 SET @saved_cs_client     = @@character_set_client */;
/*!40101 SET character_set_client = utf8 */;
CREATE TABLE `authors` (
  `id` bigint(20) unsigned NOT NULL AUTO_INCREMENT,
  `user_id` bigint(20) unsigned DEFAULT NULL,
  `name` varchar(255) COLLATE utf8mb4_unicode_ci DEFAULT NULL,
  `last_name` varchar(255) COLLATE utf8mb4_unicode_ci DEFAULT NULL,
  `thumb` varchar(255) COLLATE utf8mb4_unicode_ci DEFAULT NULL,
  `created_at` timestamp NULL DEFAULT NULL,
  `updated_at` timestamp NULL DEFAULT NULL,
  PRIMARY KEY (`id`),
  KEY `authors_user_id_foreign` (`user_id`)
) ENGINE=InnoDB AUTO_INCREMENT=38 DEFAULT CHARSET=utf8mb4 COLLATE=utf8mb4_unicode_ci;
/*!40101 SET character_set_client = @saved_cs_client */;
INSERT INTO `authors` VALUES (1,1,NULL,NULL,NULL,'2019-11-23 11:42:12','2019-11-23 11:42:14'),(2,NULL,'Arsen','Toktarov','/details/2019/11/17/5dd17dda7f5c6.jpg','2019-11-23 11:42:25','2019-11-23 11:42:26'),(15,NULL,'Леонтий','Ким','/authors/2019/12/24/5e021eb62ea14.JPG','2019-12-04 15:37:43','2019-12-24 17:20:38'),(29,86,NULL,NULL,NULL,'2019-12-24 13:27:41','2019-12-24 13:27:41'),(30,NULL,'Дмитрий','Болотов','/authors/2019/12/24/5e021e8190c2c.jpg','2019-12-24 17:19:45','2019-12-24 17:19:45'),(31,89,NULL,NULL,NULL,'2019-12-25 08:05:08','2019-12-25 08:05:08'),(32,92,NULL,NULL,NULL,'2019-12-27 21:55:01','2019-12-27 21:55:01'),(33,70,NULL,NULL,NULL,'2019-12-28 16:45:28','2019-12-28 16:45:28'),(34,NULL,'Андрей','Пастухов',NULL,'2019-12-30 17:16:30','2019-12-30 17:16:30'),(35,127,NULL,NULL,NULL,'2020-01-14 06:26:31','2020-01-14 06:26:31'),(36,139,NULL,NULL,NULL,'2020-01-17 12:10:47','2020-01-17 12:10:47'),(37,164,NULL,NULL,NULL,'2020-04-07 15:17:21','2020-04-07 15:17:21');
/*!40101 SET @saved_cs_client     = @@character_set_client */;
/*!40101 SET character_set_client = utf8 */;
CREATE TABLE `blogs` (
  `id` bigint(20) unsigned NOT NULL AUTO_INCREMENT,
  `title` varchar(255) COLLATE utf8mb4_unicode_ci DEFAULT NULL,
  `description` varchar(255) COLLATE utf8mb4_unicode_ci DEFAULT NULL,
  `image` varchar(255) COLLATE utf8mb4_unicode_ci DEFAULT NULL,
  `author_id` bigint(20) unsigned NOT NULL,
  `share_file_url` varchar(255) COLLATE utf8mb4_unicode_ci DEFAULT NULL,
  `online_until` date DEFAULT NULL,
  `online_from` time DEFAULT NULL,
  `online_to` time DEFAULT NULL,
  `published_at` timestamp NOT NULL DEFAULT CURRENT_TIMESTAMP,
  `created_at` timestamp NULL DEFAULT NULL,
  `updated_at` timestamp NULL DEFAULT NULL,
  PRIMARY KEY (`id`),
  KEY `blogs_author_id_foreign` (`author_id`)
) ENGINE=InnoDB AUTO_INCREMENT=8 DEFAULT CHARSET=utf8mb4 COLLATE=utf8mb4_unicode_ci;
/*!40101 SET character_set_client = @saved_cs_client */;
INSERT INTO `blogs` VALUES (7,'Поэтапное расслабление',NULL,'/blogs/2020/01/16/5e201fb9047fe.JPG',15,NULL,'2020-01-22','19:00:00','22:00:00','2020-01-10 09:53:33','2020-01-10 12:54:08','2020-01-24 07:52:23');
/*!40101 SET @saved_cs_client     = @@character_set_client */;
/*!40101 SET character_set_client = utf8 */;
CREATE TABLE `children` (
  `id` bigint(20) unsigned NOT NULL AUTO_INCREMENT,
  `name` varchar(255) COLLATE utf8mb4_unicode_ci NOT NULL,
  `parent_id` bigint(20) unsigned NOT NULL,
  `thumb` varchar(255) COLLATE utf8mb4_unicode_ci DEFAULT NULL,
  `gender` enum('male','female') COLLATE utf8mb4_unicode_ci NOT NULL,
  `birth_date` date NOT NULL,
  `created_at` timestamp NULL DEFAULT NULL,
  `updated_at` timestamp NULL DEFAULT NULL,
  PRIMARY KEY (`id`),
  KEY `children_parent_id_index` (`parent_id`),
  CONSTRAINT `children_parent_id_foreign` FOREIGN KEY (`parent_id`) REFERENCES `users` (`id`) ON DELETE CASCADE
) ENGINE=InnoDB AUTO_INCREMENT=192 DEFAULT CHARSET=utf8mb4 COLLATE=utf8mb4_unicode_ci;
/*!40101 SET character_set_client = @saved_cs_client */;
INSERT INTO `children` VALUES (85,'Arsen',70,'/children/2020/01/10/5e186bd4e37e3.jpg','male','2000-08-21','2019-11-20 15:09:36','2020-01-20 16:19:54'),(86,'Арсен',70,'/storage/2019/11/20/5dd52d1d7fd6b.jpg','male','2019-09-25','2019-11-20 15:10:05','2019-11-20 15:10:05'),(100,'Симба',86,'/children/2019/12/04/5de78ece5b963.jpg','male','2019-12-01','2019-12-04 13:47:42','2019-12-21 17:32:41'),(102,'776 по п',86,NULL,'female','2019-12-22','2019-12-04 15:17:19','2019-12-23 09:37:32'),(103,'Шкшкшу',86,NULL,'female','2019-12-04','2019-12-04 15:17:50','2019-12-04 15:17:50'),(105,'Колцу',86,NULL,'female','2019-12-04','2019-12-04 15:18:00','2019-12-04 15:18:00'),(106,'Арурц',86,NULL,'female','2019-11-15','2019-12-04 15:18:05','2019-12-21 17:20:37'),(110,'Танк',92,NULL,'male','2019-09-01','2019-12-05 13:16:43','2019-12-24 09:31:38'),(120,'Злата',1,NULL,'female','2018-12-09','2019-12-09 10:00:21','2019-12-09 10:00:21'),(122,'Илай',96,NULL,'male','2018-01-12','2019-12-10 13:57:30','2020-01-11 22:17:49'),(126,'Elizabeth',105,NULL,'female','2019-12-12','2019-12-12 12:16:50','2019-12-12 12:16:50'),(127,'Лилия',92,NULL,'female','2013-11-06','2019-12-12 13:40:52','2019-12-12 13:40:52'),(128,'Мирана',106,NULL,'female','2017-07-20','2019-12-13 14:15:42','2019-12-13 14:15:42'),(130,'Gulnaz',70,NULL,'female','2019-09-12','2019-11-20 15:10:05','2019-11-20 15:10:05'),(135,'Arsen',70,NULL,'female','2000-08-21','2019-12-21 14:27:23','2019-12-21 17:24:59'),(138,'гулсим',86,NULL,'female','2016-08-20','2019-12-24 08:49:28','2019-12-24 08:49:28'),(139,'Adam',116,NULL,'male','2019-02-13','2019-12-25 17:12:07','2019-12-25 17:12:07'),(140,'Eve',116,NULL,'female','2018-02-13','2019-12-25 17:12:45','2019-12-25 17:12:45'),(142,'1год',92,NULL,'female','2018-10-26','2019-12-28 09:15:59','2019-12-28 09:15:59'),(143,'2мес',92,NULL,'female','2019-10-17','2019-12-28 09:29:53','2019-12-28 09:29:53'),(144,'3мес',92,NULL,'female','2019-09-19','2019-12-28 10:35:56','2019-12-28 10:36:14'),(147,'Рррр',86,'/children/2020/01/13/5e1c15cf055b5.jpg','female','2019-11-07','2020-01-06 10:42:18','2020-01-13 10:01:35'),(148,'Оливия',96,NULL,'female','2019-12-05','2020-01-06 18:00:37','2020-01-06 18:00:37'),(153,'Ерназар',127,'/children/2020/01/14/5e1d441c00842.jpg','male','2019-12-31','2020-01-08 07:42:38','2020-01-14 07:32:11'),(155,'Айрат',136,NULL,'male','2012-10-09','2020-01-09 17:13:47','2020-01-09 17:13:47'),(156,'Арслан',136,'/children/2020/01/27/5e2e594986cef.jpg','male','2018-08-07','2020-01-09 17:14:05','2020-01-27 06:30:17'),(159,'helllo',139,'/children/2020/01/10/5e18613395721.','male','2017-01-10','2020-01-10 14:34:11','2020-01-10 14:34:11'),(161,'Арсен',127,'/children/2020/01/10/5e186bf34ffe9.jpg','female','2019-10-24','2020-01-10 15:12:31','2020-01-14 07:30:27'),(162,'hdbdbbe',139,'/children/2020/01/13/5e1c66d8e023a.','male','2019-11-02','2020-01-10 16:14:39','2020-01-13 15:47:20'),(163,'Hdhshshshs',86,'/children/2020/01/13/5e1c15e3ddeb9.jpg','female','2020-01-13','2020-01-13 10:01:55','2020-01-13 10:01:55'),(164,'Саша',140,NULL,'male','2019-10-01','2020-01-13 10:37:24','2020-01-13 10:37:24'),(165,'3ai',139,NULL,'male','2019-10-13','2020-01-13 15:36:32','2020-01-13 15:45:19'),(183,'кенти',89,'/children/2020/01/24/5e2a94fc5bff5.jpg','male','2015-09-11','2020-01-21 08:29:34','2020-01-24 09:55:56'),(184,'кентинк',89,'/children/2020/01/21/5e268c5bc23f8.','male','2011-01-21','2020-01-21 08:30:03','2020-01-21 08:30:03'),(185,'Енрикекен',89,'/children/2020/01/21/5e268cd42503b.','male','2017-11-19','2020-01-21 08:32:04','2020-01-21 08:32:04'),(186,'макбрро',89,NULL,'female','2018-11-21','2020-01-21 08:32:33','2020-01-21 08:32:33'),(187,'база',89,'/children/2020/01/21/5e268d056709b.','male','2018-11-20','2020-01-21 08:32:53','2020-01-21 08:32:53'),(188,'Мистер',89,NULL,'male','2018-11-21','2020-01-21 08:33:42','2020-01-23 20:12:53'),(189,'Енго',70,NULL,'female','2020-01-09','2020-01-21 08:34:31','2020-01-21 08:34:31'),(190,'Асель',89,NULL,'female','2020-01-23','2020-01-23 20:57:51','2020-01-24 09:55:44'),(191,'Айбек',141,'/children/2020/01/29/5e31597aabc8f.jpg','male','2020-01-29','2020-01-29 13:07:54','2020-01-29 13:07:54');
/*!40101 SET @saved_cs_client     = @@character_set_client */;
/*!40101 SET character_set_client = utf8 */;
CREATE TABLE `comment_likes` (
  `id` bigint(20) unsigned NOT NULL AUTO_INCREMENT,
  `user_id` bigint(20) unsigned NOT NULL,
  `comment_id` bigint(20) unsigned NOT NULL,
  `created_at` timestamp NULL DEFAULT NULL,
  `updated_at` timestamp NULL DEFAULT NULL,
  PRIMARY KEY (`id`),
  KEY `comment_likes_user_id_foreign` (`user_id`),
  KEY `comment_likes_comment_id_foreign` (`comment_id`),
  CONSTRAINT `comment_likes_comment_id_foreign` FOREIGN KEY (`comment_id`) REFERENCES `comments` (`id`) ON DELETE CASCADE,
  CONSTRAINT `comment_likes_user_id_foreign` FOREIGN KEY (`user_id`) REFERENCES `users` (`id`) ON DELETE CASCADE
) ENGINE=InnoDB AUTO_INCREMENT=265 DEFAULT CHARSET=utf8mb4 COLLATE=utf8mb4_unicode_ci;
/*!40101 SET character_set_client = @saved_cs_client */;
INSERT INTO `comment_likes` VALUES (109,1,164,'2019-12-03 08:02:43','2019-12-03 08:02:43'),(112,1,161,'2019-12-03 16:07:14','2019-12-03 16:07:14'),(116,1,160,'2019-12-03 16:11:31','2019-12-03 16:11:31'),(118,86,157,'2019-12-04 14:02:01','2019-12-04 14:02:01'),(121,86,197,'2019-12-09 11:14:10','2019-12-09 11:14:10'),(122,86,195,'2019-12-09 11:14:13','2019-12-09 11:14:13'),(123,89,166,'2019-12-09 14:51:32','2019-12-09 14:51:32'),(124,89,168,'2019-12-09 15:00:21','2019-12-09 15:00:21'),(139,89,207,'2019-12-11 11:28:15','2019-12-11 11:28:15'),(142,92,240,'2019-12-14 14:54:10','2019-12-14 14:54:10'),(143,92,242,'2019-12-14 14:55:16','2019-12-14 14:55:16'),(146,70,158,'2019-12-19 12:26:03','2019-12-19 12:26:03'),(147,70,154,'2019-12-19 13:02:35','2019-12-19 13:02:35'),(148,70,231,'2019-12-19 13:02:38','2019-12-19 13:02:38'),(149,70,243,'2019-12-19 13:02:38','2019-12-19 13:02:38'),(150,70,157,'2019-12-19 13:02:46','2019-12-19 13:02:46'),(158,70,251,'2019-12-19 16:52:52','2019-12-19 16:52:52'),(159,70,250,'2019-12-20 12:50:11','2019-12-20 12:50:11'),(160,107,251,'2019-12-21 10:55:36','2019-12-21 10:55:36'),(161,107,252,'2019-12-21 10:55:36','2019-12-21 10:55:36'),(166,70,257,'2019-12-21 16:02:52','2019-12-21 16:02:52'),(167,86,257,'2019-12-23 08:36:05','2019-12-23 08:36:05'),(173,70,267,'2019-12-23 11:53:31','2019-12-23 11:53:31'),(175,86,267,'2019-12-24 08:47:07','2019-12-24 08:47:07'),(177,116,269,'2019-12-26 13:59:24','2019-12-26 13:59:24'),(178,116,264,'2019-12-26 13:59:26','2019-12-26 13:59:26'),(179,116,271,'2019-12-28 17:18:35','2019-12-28 17:18:35'),(180,107,270,'2019-12-30 10:04:17','2019-12-30 10:04:17'),(181,107,275,'2019-12-30 10:05:28','2019-12-30 10:05:28'),(182,107,282,'2019-12-30 10:36:12','2019-12-30 10:36:12'),(183,92,276,'2019-12-30 19:32:43','2019-12-30 19:32:43'),(184,96,285,'2020-01-06 17:58:39','2020-01-06 17:58:39'),(187,89,275,'2020-01-08 08:08:54','2020-01-08 08:08:54'),(189,89,273,'2020-01-08 15:17:58','2020-01-08 15:17:58'),(190,127,289,'2020-01-09 13:31:12','2020-01-09 13:31:12'),(198,89,330,'2020-01-09 13:58:41','2020-01-09 13:58:41'),(199,89,329,'2020-01-09 13:58:45','2020-01-09 13:58:45'),(212,89,263,'2020-01-09 14:07:42','2020-01-09 14:07:42'),(223,70,160,'2020-01-09 14:21:27','2020-01-09 14:21:27'),(229,70,328,'2020-01-09 14:24:20','2020-01-09 14:24:20'),(230,127,325,'2020-01-09 14:24:36','2020-01-09 14:24:36'),(231,127,326,'2020-01-09 14:24:40','2020-01-09 14:24:40'),(232,127,327,'2020-01-09 14:24:40','2020-01-09 14:24:40'),(233,127,328,'2020-01-09 14:24:41','2020-01-09 14:24:41'),(234,89,328,'2020-01-09 16:40:17','2020-01-09 16:40:17'),(238,89,347,'2020-01-11 10:46:13','2020-01-11 10:46:13'),(239,89,345,'2020-01-13 08:57:21','2020-01-13 08:57:21'),(240,92,272,'2020-01-13 10:40:20','2020-01-13 10:40:20'),(241,92,273,'2020-01-13 10:40:28','2020-01-13 10:40:28'),(242,107,263,'2020-01-13 14:39:03','2020-01-13 14:39:03'),(243,107,285,'2020-01-13 14:41:00','2020-01-13 14:41:00'),(244,96,267,'2020-01-13 16:57:13','2020-01-13 16:57:13'),(245,127,355,'2020-01-13 17:46:21','2020-01-13 17:46:21'),(246,127,354,'2020-01-13 17:46:27','2020-01-13 17:46:27'),(247,136,332,'2020-01-14 06:24:20','2020-01-14 06:24:20'),(248,136,342,'2020-01-14 06:24:21','2020-01-14 06:24:21'),(251,107,349,'2020-01-19 14:08:55','2020-01-19 14:08:55'),(252,107,271,'2020-01-19 14:11:28','2020-01-19 14:11:28'),(254,107,264,'2020-02-01 08:10:49','2020-02-01 08:10:49'),(255,139,384,'2020-03-11 09:07:07','2020-03-11 09:07:07'),(256,139,269,'2020-03-11 09:07:08','2020-03-11 09:07:08'),(257,89,366,'2020-03-20 09:38:17','2020-03-20 09:38:17'),(258,89,269,'2020-03-20 09:44:23','2020-03-20 09:44:23'),(262,164,264,'2020-03-20 09:57:23','2020-03-20 09:57:23'),(263,164,269,'2020-03-20 09:57:25','2020-03-20 09:57:25'),(264,164,384,'2020-03-20 09:57:26','2020-03-20 09:57:26');
/*!40101 SET @saved_cs_client     = @@character_set_client */;
/*!40101 SET character_set_client = utf8 */;
CREATE TABLE `comments` (
  `id` bigint(20) unsigned NOT NULL AUTO_INCREMENT,
  `commentable_type` enum('article','forum','event','playlist','vaccine','feeding','consultation','development','blog') COLLATE utf8mb4_unicode_ci NOT NULL,
  `commentable_id` bigint(20) unsigned NOT NULL,
  `user_id` bigint(20) unsigned DEFAULT NULL,
  `to_user_id` bigint(20) unsigned DEFAULT NULL,
  `root_id` bigint(20) unsigned DEFAULT NULL,
  `parent_id` bigint(20) unsigned DEFAULT NULL,
  `comment` varchar(280) COLLATE utf8mb4_unicode_ci NOT NULL,
  `deleted_at` timestamp NULL DEFAULT NULL,
  `created_at` timestamp NULL DEFAULT NULL,
  `updated_at` timestamp NULL DEFAULT NULL,
  PRIMARY KEY (`id`),
  KEY `comments_root_id_foreign` (`root_id`),
  KEY `comments_parent_id_foreign` (`parent_id`),
  KEY `user_comment` (`user_id`),
  KEY `to_user_comment` (`to_user_id`),
  CONSTRAINT `to_user_comment` FOREIGN KEY (`to_user_id`) REFERENCES `users` (`id`) ON DELETE SET NULL,
  CONSTRAINT `user_comment` FOREIGN KEY (`user_id`) REFERENCES `users` (`id`) ON DELETE SET NULL
) ENGINE=InnoDB AUTO_INCREMENT=386 DEFAULT CHARSET=utf8mb4 COLLATE=utf8mb4_unicode_ci;
/*!40101 SET character_set_client = @saved_cs_client */;
INSERT INTO `comments` VALUES (154,'forum',1,1,NULL,154,154,'Рут коммент 11','2020-01-21 20:59:23','2019-11-25 14:26:22','2020-01-21 20:59:23'),(157,'forum',1,1,NULL,154,155,'Madiyar,Чайлд 1 оф Чайлд 1 оф рут 1','2020-01-21 20:59:20','2019-11-25 14:28:06','2020-01-21 20:59:20'),(158,'forum',1,70,1,154,154,'Madiyar, Чайлд 2 оф рут 1','2020-01-21 20:59:17','2019-11-25 14:28:36','2020-01-21 20:59:17'),(159,'forum',1,1,NULL,159,159,'Рут коммент 2','2020-01-21 20:59:12','2019-11-25 14:33:25','2020-01-21 20:59:12'),(160,'forum',1,1,1,154,157,'Лео, оооо ааа','2020-01-21 20:59:09','2019-11-26 06:00:23','2020-01-21 20:59:09'),(161,'forum',1,1,1,154,160,'Лео, привет','2019-11-26 13:08:42','2019-11-26 13:08:20','2019-11-26 13:08:42'),(162,'forum',1,1,NULL,162,162,'привет','2020-01-21 20:59:27','2019-11-26 13:09:53','2020-01-21 20:59:27'),(163,'forum',21,1,NULL,163,163,'компьютер в моей голове крутится вертится','2020-01-21 20:59:06','2019-11-28 08:18:42','2020-01-21 20:59:06'),(164,'consultation',1,1,NULL,164,164,'Good answer',NULL,'2019-11-28 09:38:55','2019-11-28 09:38:55'),(165,'consultation',1,1,1,164,164,'Лео, yess','2020-01-21 20:59:02','2019-11-28 09:39:21','2020-01-21 20:59:02'),(166,'vaccine',1,1,NULL,166,166,'Повседневная практика показывает, что постоянное информационно-пропагандистское обеспечение нашей деятельности требуют определения и','2020-01-21 21:05:21','2019-11-28 15:41:48','2020-01-21 21:05:21'),(167,'vaccine',1,1,NULL,167,167,'Повседневная практика показывает, что постоянное информационно-пропагандистское обеспечение нашей деятельности требуют определения и','2020-01-21 20:59:00','2019-11-28 15:41:49','2020-01-21 20:59:00'),(168,'vaccine',1,1,NULL,168,168,'Повседневная практика показывает, что постоянное информационно-пропагандистское обеспечение нашей деятельности требуют определения и',NULL,'2019-11-28 15:41:50','2019-11-28 15:41:50'),(169,'vaccine',1,1,NULL,169,169,'Повседневная практика показывает, что постоянное информационно-пропагандистское обеспечение нашей деятельности требуют определения и','2020-01-21 20:58:57','2019-11-28 15:41:51','2020-01-21 20:58:57'),(170,'vaccine',1,1,1,166,166,'Повседневная практика показывает, что постоянное информационно-пропагандистское обеспечение нашей деятельности требуют определения и','2020-01-21 20:58:53','2019-11-28 15:42:03','2020-01-21 20:58:53'),(171,'consultation',1,1,1,164,165,'Лео, ou','2020-01-21 20:59:02','2019-11-29 08:15:23','2020-01-21 20:59:02'),(172,'consultation',1,1,1,164,171,'Лео, компьютер в моей голове крутится вертится','2020-01-21 20:58:48','2019-12-03 07:56:19','2020-01-21 20:58:48'),(194,'feeding',1,86,NULL,194,194,'7f7f7','2020-01-21 20:58:29','2019-12-09 11:13:22','2020-01-21 20:58:29'),(195,'feeding',1,86,NULL,195,195,'компьютер в моей голове вертится','2020-01-21 20:58:45','2019-12-09 11:13:36','2020-01-21 20:58:45'),(196,'feeding',1,86,86,195,195,'Теоуоуа5пп6, компьютер в моей голове вертится','2020-01-21 20:58:25','2019-12-09 11:13:42','2020-01-21 20:58:25'),(197,'feeding',1,86,86,195,196,'Теоуоуа5пп6, This is a website','2020-01-21 20:58:25','2019-12-09 11:13:57','2020-01-21 20:58:25'),(198,'feeding',1,86,NULL,198,198,'компьютер в моей голове вертится','2020-01-21 20:58:22','2019-12-09 11:14:56','2020-01-21 20:58:22'),(199,'feeding',1,86,NULL,199,199,'This is a website','2020-01-21 20:58:40','2019-12-09 11:14:59','2020-01-21 20:58:40'),(200,'feeding',1,86,NULL,200,200,'This is a website',NULL,'2019-12-09 11:15:02','2019-12-12 09:28:18'),(201,'feeding',1,86,NULL,201,201,'This is a website','2020-01-21 20:57:59','2019-12-09 11:15:10','2020-01-21 20:57:59'),(202,'feeding',1,86,NULL,202,202,'This comment is wonderful!!!','2020-01-21 20:57:35','2019-12-09 11:24:23','2020-01-21 20:57:35'),(203,'feeding',1,86,NULL,203,203,'Огого','2020-01-21 20:57:32','2019-12-09 11:24:30','2020-01-21 20:57:32'),(204,'forum',1,86,NULL,204,204,'This comment is wonderful!!!','2020-01-21 20:57:29','2019-12-09 11:24:49','2020-01-21 20:57:29'),(205,'forum',1,86,NULL,205,205,'This comment is wonderful!!!','2020-01-21 20:57:27','2019-12-09 11:24:57','2020-01-21 20:57:27'),(206,'forum',1,86,NULL,206,206,'This comment is wonderful!!!','2020-01-21 20:57:24','2019-12-09 11:25:15','2020-01-21 20:57:24'),(207,'forum',1,86,NULL,154,155,'Элдар, This comment is wonderful!!!','2020-01-21 20:57:21','2019-12-09 11:27:15','2020-01-21 20:57:21'),(208,'forum',1,86,1,154,160,'Лео, This comment is wonderful!!!','2020-01-21 20:57:18','2019-12-09 11:27:29','2020-01-21 20:57:18'),(209,'forum',1,86,NULL,209,209,'This comment is wonderful!!!','2020-01-21 20:57:40','2019-12-09 11:27:37','2020-01-21 20:57:40'),(210,'forum',1,86,NULL,210,210,'This comment is wonderful!!!','2020-01-21 20:57:44','2019-12-09 11:27:46','2020-01-21 20:57:44'),(211,'forum',1,86,70,154,158,'Арсен, tygg','2020-01-21 20:57:14','2019-12-09 11:28:53','2020-01-21 20:57:14'),(212,'forum',1,86,NULL,212,212,'This comment is wonderful!!!','2020-01-21 20:59:31','2019-12-09 11:29:00','2020-01-21 20:59:31'),(213,'forum',1,86,NULL,213,213,'This comment is wonderful!!!','2020-01-21 20:57:52','2019-12-09 11:29:05','2020-01-21 20:57:52'),(214,'feeding',1,86,NULL,214,214,'This comment is wonderful!!!','2020-01-21 20:56:59','2019-12-09 11:29:27','2020-01-21 20:56:59'),(215,'feeding',1,86,NULL,215,215,'This comment is wonderful!!!','2020-01-21 20:56:53','2019-12-09 11:29:33','2020-01-21 20:56:53'),(216,'feeding',1,86,NULL,216,216,'This comment is wonderful!!!','2020-01-21 20:56:49','2019-12-09 11:29:37','2020-01-21 20:56:49'),(217,'feeding',5,86,NULL,217,217,'This comment is wonderful!!!','2020-01-21 20:56:56','2019-12-09 11:32:03','2020-01-21 20:56:56'),(218,'feeding',7,86,NULL,218,218,'This comment is wonderful!!!','2020-01-21 20:58:37','2019-12-09 11:32:17','2020-01-21 20:58:37'),(219,'feeding',1,86,86,214,214,'Теоуоуа5пп6, vzvsvs','2019-12-12 09:23:59','2019-12-09 11:42:10','2019-12-12 09:23:59'),(220,'vaccine',1,89,1,166,170,'Лео, This comment is wonderful!!!','2020-01-21 20:58:33','2019-12-09 14:58:15','2020-01-21 20:58:33'),(221,'forum',1,89,1,154,154,'Лео, This comment is wonderful!!!','2020-01-21 20:57:14','2019-12-09 14:58:39','2020-01-21 20:57:14'),(222,'vaccine',1,89,1,168,168,'This comment is wonderful!!!',NULL,'2019-12-09 15:00:27','2019-12-12 09:23:41'),(223,'forum',1,1,NULL,154,155,'Элдар, nikak','2020-01-21 20:57:03','2019-12-11 09:34:52','2020-01-21 20:57:03'),(224,'forum',1,1,70,154,158,'Арсен, This comment is wonderful!!!?','2020-01-21 20:57:03','2019-12-11 09:35:13','2020-01-21 20:57:03'),(225,'forum',1,1,89,154,221,'Eldor, au??','2020-01-21 20:56:39','2019-12-11 09:35:28','2020-01-21 20:56:39'),(231,'forum',1,86,1,154,154,'Лео, ggg','2020-01-21 20:56:01','2019-12-12 10:57:58','2020-01-21 20:56:01'),(240,'consultation',4,92,NULL,240,240,'Тут проверить как добавляются ответы врачей',NULL,'2019-12-14 14:54:04','2019-12-14 14:54:04'),(241,'consultation',4,92,92,240,240,'Кирилл, нельзя наверное самому себе лайки ставить?',NULL,'2019-12-14 14:54:41','2019-12-14 14:54:41'),(242,'consultation',4,92,92,240,241,'Кирилл, почему бы и нет?',NULL,'2019-12-14 14:55:08','2019-12-14 14:55:08'),(243,'forum',1,70,1,154,154,'Лео, asdasd','2020-01-21 20:56:01','2019-12-19 12:26:27','2020-01-21 20:56:01'),(244,'forum',1,70,1,154,154,'Лео, qwerty','2020-01-21 20:56:01','2019-12-19 12:28:49','2020-01-21 20:56:01'),(247,'forum',1,70,NULL,154,246,'Arsen, No, u','2020-01-21 20:56:01','2019-12-19 13:54:44','2020-01-21 20:56:01'),(248,'forum',1,70,NULL,245,245,'Arsen, Ответ на комментарий','2020-01-21 20:56:24','2019-12-19 13:55:04','2020-01-21 20:56:24'),(249,'forum',39,92,NULL,249,249,'Ваш вопрос был передан на модерацию. Мы очень скоро Вам ответим!',NULL,'2019-12-19 15:13:50','2019-12-19 15:13:50'),(250,'forum',39,89,NULL,250,250,'Klewdewkldmwekdmewkmdew','2019-12-22 21:09:16','2019-12-19 16:52:06','2019-12-22 21:09:16'),(251,'forum',39,70,89,250,250,'Eldor, Salem','2020-01-21 20:56:34','2019-12-19 16:52:46','2020-01-21 20:56:34'),(252,'forum',39,70,89,250,250,'Eldor, Salem2','2020-01-21 20:56:34','2019-12-19 17:31:09','2020-01-21 20:56:34'),(253,'forum',39,70,70,250,251,'Арсен, салем 3','2020-01-21 20:56:34','2019-12-20 12:49:42','2020-01-21 20:56:34'),(254,'forum',39,70,89,250,250,'Eldor, салем 3 сеники','2020-01-21 20:55:56','2019-12-20 12:50:08','2020-01-21 20:55:56'),(255,'forum',39,107,NULL,255,255,'Test','2020-01-21 20:55:47','2019-12-21 10:54:49','2020-01-21 20:55:47'),(256,'forum',39,107,107,255,255,'Bulat, test2','2020-01-21 20:55:47','2019-12-21 10:55:16','2020-01-21 20:55:47'),(257,'forum',42,86,NULL,257,257,'Bbbbbb','2020-01-21 20:55:51','2019-12-21 15:53:50','2020-01-21 20:55:51'),(258,'forum',42,70,86,257,257,'Sample, Asdasd','2020-01-21 20:55:51','2019-12-21 16:00:40','2020-01-21 20:55:51'),(259,'forum',42,70,86,257,257,'Sample, qwerueiwoqiwydyshwkwowiehhw','2020-01-21 20:55:51','2019-12-21 16:02:15','2020-01-21 20:55:51'),(260,'forum',42,70,86,257,257,'Sample, hajakakahahva','2020-01-21 20:55:51','2019-12-21 16:02:44','2020-01-21 20:55:51'),(261,'forum',42,86,86,257,257,'Sample, bxbdbd','2020-01-21 20:55:51','2019-12-23 08:36:12','2020-01-21 20:55:51'),(262,'forum',42,86,86,257,257,'Sample, hshshs','2020-01-21 20:55:51','2019-12-23 08:36:31','2020-01-21 20:55:51'),(263,'forum',50,86,NULL,263,263,'Простуда',NULL,'2019-12-23 09:57:24','2019-12-23 09:57:24'),(264,'forum',50,86,86,263,263,'Sample, очень опасно',NULL,'2019-12-23 09:57:40','2019-12-23 09:57:40'),(267,'consultation',36,70,NULL,267,267,'Я слышал что простуда у детей это естественное явление и укрепляет иммунитет.',NULL,'2019-12-23 11:53:16','2019-12-23 11:53:16'),(268,'consultation',36,70,70,267,267,'Арсен, А есть ли какая-нибудь статья по этой теме?','2019-12-23 16:43:02','2019-12-23 11:54:32','2019-12-23 16:43:02'),(269,'forum',50,116,NULL,269,269,'всем привет!',NULL,'2019-12-25 12:59:05','2019-12-25 12:59:05'),(270,'forum',50,116,116,269,269,'Леонтий, ответ сам себе','2020-01-21 20:54:58','2019-12-26 13:59:08','2020-01-21 20:54:58'),(271,'forum',55,86,NULL,271,271,'Skoro','2020-01-21 20:55:26','2019-12-28 17:18:31','2020-01-21 20:55:26'),(272,'forum',55,116,86,271,271,'Sample, da','2020-01-21 20:55:16','2019-12-28 17:18:44','2020-01-21 20:55:16'),(273,'forum',55,116,86,271,271,'Sample, skoro','2020-01-21 20:54:33','2019-12-28 17:19:04','2020-01-21 20:54:33'),(274,'forum',41,107,NULL,274,274,'Test','2020-01-21 20:54:29','2019-12-30 10:03:36','2020-01-21 20:54:29'),(275,'forum',41,107,NULL,275,275,'Test2','2020-01-21 20:55:07','2019-12-30 10:04:04','2020-01-21 20:55:07'),(276,'forum',41,107,NULL,276,276,'Test3','2020-01-21 20:54:24','2019-12-30 10:05:33','2020-01-21 20:54:24'),(277,'development',9,107,NULL,277,277,'Test','2020-01-21 20:54:21','2019-12-30 10:06:34','2020-01-21 20:54:21'),(278,'development',7,107,NULL,278,278,'Test','2020-01-21 20:54:19','2019-12-30 10:08:25','2020-01-21 20:54:19'),(279,'development',7,107,NULL,279,279,'Test','2020-01-21 20:55:43','2019-12-30 10:08:49','2020-01-21 20:55:43'),(280,'development',7,107,NULL,280,280,'Test3','2020-01-21 20:55:10','2019-12-30 10:09:15','2020-01-21 20:55:10'),(281,'forum',50,107,NULL,281,281,'Test','2020-01-21 20:55:41','2019-12-30 10:09:31','2020-01-21 20:55:41'),(282,'feeding',17,107,NULL,282,282,'Test','2020-01-21 20:54:06','2019-12-30 10:27:30','2020-01-21 20:54:06'),(283,'feeding',17,107,NULL,283,283,'Test','2020-01-21 20:54:11','2019-12-30 10:36:17','2020-01-21 20:54:11'),(284,'feeding',18,107,NULL,284,284,'Test','2020-01-21 20:55:00','2019-12-30 10:36:42','2020-01-21 20:55:00'),(285,'forum',41,92,107,276,276,'Bulat, тест ответ','2020-01-21 20:54:15','2019-12-30 19:32:39','2020-01-21 20:54:15'),(286,'development',9,96,NULL,286,286,'Test','2020-01-21 20:55:39','2020-01-06 15:45:44','2020-01-21 20:55:39'),(287,'development',7,96,NULL,287,287,'Test','2020-01-21 20:55:36','2020-01-06 15:48:11','2020-01-21 20:55:36'),(288,'feeding',16,96,NULL,288,288,'Test','2020-01-21 20:55:03','2020-01-06 15:49:34','2020-01-21 20:55:03'),(289,'forum',41,89,NULL,289,289,'платвоцорво','2020-01-21 20:54:03','2020-01-08 07:22:00','2020-01-21 20:54:03'),(290,'vaccine',13,96,NULL,290,290,'Test','2020-01-21 20:55:34','2020-01-08 07:22:35','2020-01-21 20:55:34'),(291,'vaccine',13,89,NULL,291,291,'окоуоугуоуг','2020-01-21 20:54:00','2020-01-08 07:22:50','2020-01-21 20:54:00'),(292,'vaccine',13,89,NULL,292,292,'лалалал','2020-01-21 20:54:26','2020-01-08 07:22:55','2020-01-21 20:54:26'),(293,'development',7,96,NULL,293,293,'Test','2020-01-21 20:54:08','2020-01-08 07:23:16','2020-01-21 20:54:08'),(294,'development',9,96,NULL,294,294,'Test','2020-01-21 20:54:48','2020-01-08 07:23:30','2020-01-21 20:54:48'),(295,'development',7,89,NULL,295,295,'кенн','2020-01-21 20:53:58','2020-01-08 07:23:34','2020-01-21 20:53:58'),(296,'vaccine',19,96,NULL,296,296,'Test','2020-01-21 20:53:50','2020-01-08 07:23:43','2020-01-21 20:53:50'),(297,'vaccine',14,89,NULL,297,297,'шиилишииш','2020-01-21 20:53:55','2020-01-08 07:24:14','2020-01-21 20:53:55'),(298,'feeding',18,96,NULL,298,298,'Test','2020-01-21 20:55:32','2020-01-08 07:24:36','2020-01-21 20:55:32'),(299,'vaccine',16,86,NULL,299,299,'Тстсоаа','2020-01-21 20:55:29','2020-01-08 07:39:52','2020-01-21 20:55:29'),(304,'vaccine',15,89,NULL,304,304,'когда?','2020-01-21 20:54:44','2020-01-08 09:43:52','2020-01-21 20:54:44'),(305,'vaccine',17,89,NULL,305,305,'кетии','2020-01-21 20:54:41','2020-01-08 09:45:44','2020-01-21 20:54:41'),(306,'vaccine',20,89,NULL,306,306,'кеттик','2020-01-21 19:37:46','2020-01-08 09:48:43','2020-01-21 19:37:46'),(307,'vaccine',21,89,NULL,307,307,'кеттим','2020-01-21 19:37:43','2020-01-08 09:52:35','2020-01-21 19:37:43'),(308,'vaccine',14,89,NULL,308,308,'шилишшш','2020-01-21 20:53:53','2020-01-08 10:48:34','2020-01-21 20:53:53'),(309,'forum',50,89,NULL,309,309,'тест','2020-01-21 14:26:45','2020-01-08 10:49:14','2020-01-21 14:26:45'),(310,'forum',50,89,NULL,310,310,'тест','2020-01-21 19:37:41','2020-01-08 10:49:22','2020-01-21 19:37:41'),(311,'forum',50,89,NULL,311,311,'тест','2020-01-21 19:37:39','2020-01-08 10:57:22','2020-01-21 19:37:39'),(312,'forum',50,89,NULL,312,312,'кеттт','2020-01-21 19:37:02','2020-01-08 10:58:21','2020-01-21 19:37:02'),(313,'forum',50,89,NULL,313,313,'айтпаш','2020-01-21 19:37:36','2020-01-08 11:24:37','2020-01-21 19:37:36'),(314,'forum',50,89,116,269,269,'Леонтий, привет','2020-01-21 20:54:37','2020-01-08 11:26:04','2020-01-21 20:54:37'),(315,'forum',50,89,89,269,314,'Eldor, привет','2020-01-21 20:53:47','2020-01-08 11:26:25','2020-01-21 20:53:47'),(316,'forum',50,89,86,263,264,'Sample, ымм да','2020-01-21 19:36:59','2020-01-08 11:28:13','2020-01-21 19:36:59'),(317,'forum',50,89,89,263,316,'Eldor, где ты','2020-01-21 19:36:59','2020-01-08 11:29:03','2020-01-21 19:36:59'),(318,'forum',50,89,89,263,317,'Eldor, дома','2020-01-21 19:36:59','2020-01-08 11:31:06','2020-01-21 19:36:59'),(319,'forum',50,89,89,309,309,'Eldor, тест2','2020-01-21 14:26:45','2020-01-08 11:32:22','2020-01-21 14:26:45'),(320,'forum',50,89,89,309,319,'Eldor, тест3','2020-01-21 14:26:45','2020-01-08 11:32:39','2020-01-21 14:26:45'),(321,'forum',50,89,89,309,320,'Eldor, тест4','2020-01-21 14:26:45','2020-01-08 11:32:59','2020-01-21 14:26:45'),(322,'forum',50,89,89,309,319,'Eldor, тест5','2020-01-21 14:26:45','2020-01-08 11:33:55','2020-01-21 14:26:45'),(323,'forum',50,89,89,269,315,'Eldor, как дела','2020-01-21 20:53:44','2020-01-08 11:34:38','2020-01-21 20:53:44'),(324,'forum',50,89,89,309,321,'Eldor, тест 6','2020-01-21 14:26:45','2020-01-08 11:35:09','2020-01-21 14:26:45'),(325,'forum',41,89,NULL,325,325,'Getting','2020-01-21 19:37:29','2020-01-09 08:59:52','2020-01-21 19:37:29'),(326,'forum',41,89,NULL,326,326,'Getting2','2020-01-21 19:37:27','2020-01-09 09:00:05','2020-01-21 19:37:27'),(327,'forum',41,89,NULL,327,327,'Getting3','2020-01-21 19:37:24','2020-01-09 09:00:52','2020-01-21 19:37:24'),(328,'forum',41,89,NULL,328,328,'Getting4','2020-01-21 19:37:15','2020-01-09 09:01:00','2020-01-21 19:37:15'),(329,'forum',41,127,89,328,328,'Eldor, тест','2020-01-21 19:37:15','2020-01-09 13:31:46','2020-01-21 19:37:15'),(330,'forum',41,127,89,328,328,'Eldor, @?','2020-01-21 19:37:15','2020-01-09 13:32:15','2020-01-21 19:37:15'),(331,'forum',55,89,86,271,271,'Sample, еее','2020-01-21 19:37:22','2020-01-09 13:35:48','2020-01-21 19:37:22'),(332,'forum',46,89,NULL,332,332,'getting','2020-01-21 19:37:12','2020-01-09 14:00:17','2020-01-21 19:37:12'),(333,'forum',50,89,86,263,263,'Sample, Make','2020-01-21 19:36:59','2020-01-09 14:11:03','2020-01-21 19:36:59'),(334,'forum',41,127,89,328,328,'Eldor, Нелло','2020-01-21 19:37:10','2020-01-09 14:12:38','2020-01-21 19:37:10'),(335,'forum',41,127,89,328,328,'Eldor, асдасд','2020-01-21 19:37:07','2020-01-09 14:15:16','2020-01-21 19:37:07'),(336,'forum',41,139,NULL,336,336,'db','2020-01-21 14:26:39','2020-01-10 14:30:48','2020-01-21 14:26:39'),(339,'forum',41,139,NULL,339,339,'dv','2020-01-21 14:26:38','2020-01-10 14:32:34','2020-01-21 14:26:38'),(341,'forum',56,139,NULL,341,341,'bd','2020-01-21 19:37:05','2020-01-10 14:32:59','2020-01-21 19:37:05'),(342,'forum',46,139,NULL,342,342,'get','2020-01-21 14:26:37','2020-01-10 14:35:05','2020-01-21 14:26:37'),(345,'blog',6,89,NULL,345,345,'кеттік','2020-01-21 14:26:35','2020-01-10 15:29:24','2020-01-21 14:26:35'),(346,'forum',41,127,NULL,346,346,'полрр','2020-01-21 19:36:53','2020-01-10 18:13:17','2020-01-21 19:36:53'),(347,'blog',6,89,89,345,345,'Eldor, krasavchik','2020-01-21 14:26:35','2020-01-11 10:43:05','2020-01-21 14:26:35'),(348,'vaccine',18,92,NULL,348,348,'Тестовый комментарий','2020-01-21 19:36:50','2020-01-13 10:41:47','2020-01-21 19:36:50'),(349,'forum',41,92,107,276,276,'Bulat, проверка форума','2020-01-21 19:36:45','2020-01-13 12:28:29','2020-01-21 19:36:45'),(350,'forum',50,107,NULL,350,350,'Test','2020-01-21 19:36:42','2020-01-13 14:38:46','2020-01-21 19:36:42'),(351,'forum',50,107,116,269,269,'Леонтий, check','2020-01-21 19:36:40','2020-01-13 14:39:22','2020-01-21 19:36:40'),(352,'forum',41,107,NULL,352,352,'Test4','2020-01-21 19:36:33','2020-01-13 14:40:45','2020-01-21 19:36:33'),(353,'forum',41,107,92,276,285,'Игорь, ok','2020-01-21 19:36:37','2020-01-13 14:41:06','2020-01-21 19:36:37'),(354,'consultation',36,96,70,267,267,'Арсен, и что вы думаете это не нужно лечить?',NULL,'2020-01-13 16:57:29','2020-01-13 16:57:29'),(355,'consultation',36,127,96,267,354,'Люси, Еще как нужно. Просто хотел проинформировать, чтобы родители сильно не переживали)',NULL,'2020-01-13 17:45:19','2020-01-13 17:45:19'),(356,'forum',46,136,NULL,356,356,'Тест','2020-01-21 19:36:26','2020-01-14 06:24:13','2020-01-21 19:36:26'),(357,'forum',46,136,139,342,342,'али, тест','2020-01-21 14:26:37','2020-01-14 06:24:27','2020-01-21 14:26:37'),(358,'consultation',36,136,NULL,358,358,'Тест','2020-01-21 19:36:23','2020-01-14 06:25:07','2020-01-21 19:36:23'),(359,'feeding',23,92,NULL,359,359,'Очень понравился. Но получился совсем другим(((',NULL,'2020-01-16 11:00:48','2020-01-16 11:00:48'),(360,'forum',41,107,NULL,360,360,'Testing','2020-01-21 19:36:20','2020-01-19 14:08:40','2020-01-21 19:36:20'),(361,'forum',50,107,NULL,361,361,'Testing','2020-01-21 19:36:19','2020-01-19 14:09:31','2020-01-21 19:36:19'),(362,'vaccine',13,107,NULL,362,362,'Testing','2020-01-21 19:36:17','2020-01-19 14:10:07','2020-01-21 19:36:17'),(363,'forum',55,107,NULL,363,363,'Testing','2020-01-21 19:36:15','2020-01-19 14:11:23','2020-01-21 19:36:15'),(364,'consultation',69,107,NULL,364,364,'Testing','2020-01-21 19:36:13','2020-01-19 14:11:55','2020-01-21 19:36:13'),(365,'consultation',70,107,NULL,365,365,'Testing','2020-01-21 19:35:59','2020-01-19 17:16:49','2020-01-21 19:35:59'),(366,'consultation',70,92,NULL,366,366,'Спасибо большое за ответ!',NULL,'2020-01-20 12:36:44','2020-01-20 12:36:44'),(367,'forum',46,70,NULL,367,367,'Ахалай','2020-01-21 14:27:19','2020-01-21 14:26:59','2020-01-21 14:27:19'),(368,'forum',46,70,70,367,367,'Арсен, дввдлвлв','2020-01-21 14:27:19','2020-01-21 14:27:08','2020-01-21 14:27:19'),(369,'forum',46,70,70,367,368,'Арсен, лылвлвоытво','2020-01-21 14:27:19','2020-01-21 14:27:12','2020-01-21 14:27:19'),(370,'forum',46,70,NULL,370,370,'адвдвовово','2020-01-21 14:27:46','2020-01-21 14:27:33','2020-01-21 14:27:46'),(371,'forum',46,70,70,370,370,'Арсен, дыдылввово','2020-01-21 14:27:46','2020-01-21 14:27:37','2020-01-21 14:27:46'),(372,'forum',46,70,70,370,371,'Арсен, лыдыдылвлв','2020-01-21 14:27:46','2020-01-21 14:27:41','2020-01-21 14:27:46'),(373,'forum',46,70,NULL,373,373,'ьвьввьтв','2020-01-21 14:28:54','2020-01-21 14:28:45','2020-01-21 14:28:54'),(374,'forum',46,70,70,373,373,'Арсен, лвлвлвлвтв','2020-01-21 14:28:54','2020-01-21 14:28:50','2020-01-21 14:28:54'),(375,'forum',46,70,NULL,375,375,'лвлвововтвлв','2020-01-21 15:58:54','2020-01-21 14:29:09','2020-01-21 15:58:54'),(376,'forum',46,70,70,375,375,'Арсен, лвлвлввооцт','2020-01-21 14:35:24','2020-01-21 14:29:13','2020-01-21 14:35:24'),(377,'forum',46,70,70,375,376,'Арсен, лвлвовоуоу','2020-01-21 14:35:24','2020-01-21 14:29:17','2020-01-21 14:35:24'),(378,'forum',55,70,NULL,378,378,'тылылыллыылыллы','2020-01-21 19:36:10','2020-01-21 15:57:48','2020-01-21 19:36:10'),(379,'forum',55,70,NULL,379,379,'лылылылцоцоц','2020-01-21 15:58:25','2020-01-21 15:57:51','2020-01-21 15:58:25'),(380,'forum',55,70,70,379,379,'Арсен, дылылыоыоы','2020-01-21 15:58:25','2020-01-21 15:57:56','2020-01-21 15:58:25'),(381,'forum',55,70,70,379,380,'Арсен, двлвлутытут','2020-01-21 15:58:25','2020-01-21 15:58:00','2020-01-21 15:58:25'),(382,'forum',105,92,NULL,382,382,'Всем привет!',NULL,'2020-01-22 07:26:39','2020-01-22 07:26:39'),(383,'consultation',69,1,NULL,383,383,'Ffffff',NULL,'2020-01-29 14:12:41','2020-01-29 14:12:41'),(384,'forum',50,107,116,269,269,'Леонтий, hi',NULL,'2020-02-01 08:11:01','2020-02-01 08:11:01'),(385,'forum',46,1,NULL,385,385,'Ccccccc',NULL,'2020-02-11 09:40:17','2020-02-11 09:40:17');
/*!40101 SET @saved_cs_client     = @@character_set_client */;
/*!40101 SET character_set_client = utf8 */;
CREATE TABLE `consultation_answers` (
  `id` bigint(20) unsigned NOT NULL AUTO_INCREMENT,
  `author_id` bigint(20) unsigned DEFAULT NULL,
  `created_at` timestamp NULL DEFAULT NULL,
  `updated_at` timestamp NULL DEFAULT NULL,
  PRIMARY KEY (`id`)
) ENGINE=InnoDB AUTO_INCREMENT=77 DEFAULT CHARSET=utf8mb4 COLLATE=utf8mb4_unicode_ci;
/*!40101 SET character_set_client = @saved_cs_client */;
INSERT INTO `consultation_answers` VALUES (1,2,'2019-11-23 13:03:20','2019-11-23 13:03:21'),(2,2,'2019-11-23 13:03:20','2019-11-23 13:03:21'),(3,4,'2019-11-23 13:03:20','2019-12-04 08:35:07'),(4,2,'2019-11-23 13:03:20','2019-11-23 13:03:21'),(5,9,'2019-11-23 13:03:20','2019-12-04 08:35:34'),(6,2,'2019-11-23 13:03:20','2019-11-23 13:03:21'),(7,2,'2019-11-23 13:03:20','2019-11-23 13:03:21'),(8,2,'2019-11-23 13:03:20','2019-11-23 13:03:21'),(9,2,'2019-11-23 13:03:20','2019-11-23 13:03:21'),(10,2,'2019-11-23 13:03:20','2019-11-23 13:03:21'),(11,2,'2019-11-23 13:03:20','2019-11-23 13:03:21'),(12,2,'2019-11-23 13:03:20','2019-11-23 13:03:21'),(13,2,'2019-11-23 13:03:20','2019-11-23 13:03:21'),(14,2,'2019-11-23 13:03:20','2019-11-23 13:03:21'),(15,2,'2019-11-23 13:03:20','2019-11-23 13:03:21'),(16,2,'2019-11-23 13:03:20','2019-11-23 13:03:21'),(17,2,'2019-11-23 13:03:20','2019-11-23 13:03:21'),(18,2,'2019-11-23 13:03:20','2019-11-23 13:03:21'),(19,2,'2019-11-23 13:03:20','2019-11-23 13:03:21'),(20,2,'2019-11-23 13:03:20','2019-11-23 13:03:21'),(21,2,'2019-11-23 13:03:20','2019-11-23 13:03:21'),(22,2,'2019-11-23 13:03:20','2019-11-23 13:03:21'),(23,2,'2019-11-23 13:03:20','2019-11-23 13:03:21'),(24,2,'2019-11-23 13:03:20','2019-11-23 13:03:21'),(25,2,'2019-11-23 13:03:20','2019-11-23 13:03:21'),(26,2,'2019-11-23 13:03:20','2019-11-23 13:03:21'),(27,2,'2019-11-23 13:03:20','2019-11-23 13:03:21'),(28,2,'2019-11-23 13:03:20','2019-11-23 13:03:21'),(29,2,'2019-11-23 13:03:20','2019-11-23 13:03:21'),(30,2,'2019-11-23 13:03:20','2019-11-23 13:03:21'),(31,NULL,'2019-12-02 13:52:26','2019-12-02 13:52:26'),(32,NULL,'2019-12-03 09:14:44','2019-12-03 09:14:44'),(33,NULL,'2019-12-03 09:14:49','2019-12-03 09:14:49'),(34,NULL,'2019-12-03 09:14:57','2019-12-03 09:14:57'),(35,15,'2019-12-03 09:15:03','2019-12-26 09:20:46'),(36,NULL,'2019-12-03 09:15:12','2019-12-03 09:15:12'),(37,6,'2019-12-03 09:15:16','2019-12-24 13:57:32'),(38,NULL,'2019-12-03 09:59:39','2019-12-03 09:59:39'),(39,NULL,'2019-12-03 11:51:17','2019-12-03 11:51:17'),(40,6,'2019-12-03 12:00:45','2019-12-04 08:35:55'),(41,16,'2019-12-06 07:19:12','2019-12-13 07:25:17'),(42,NULL,'2019-12-06 07:19:57','2019-12-06 07:19:57'),(43,2,'2019-12-24 13:27:41','2019-12-25 14:01:45'),(44,NULL,'2019-12-24 13:28:28','2019-12-24 13:28:28'),(45,2,'2019-12-25 08:05:08','2019-12-28 15:11:57'),(46,NULL,'2019-12-25 08:08:28','2019-12-25 08:08:28'),(47,NULL,'2019-12-25 08:10:37','2019-12-25 08:10:37'),(48,2,'2019-12-25 12:42:54','2019-12-28 14:55:28'),(49,NULL,'2019-12-25 12:45:57','2019-12-25 12:45:57'),(50,NULL,'2019-12-25 12:47:22','2019-12-25 12:47:22'),(51,NULL,'2019-12-27 15:00:42','2019-12-27 15:00:42'),(52,NULL,'2019-12-27 21:56:23','2019-12-27 21:56:23'),(53,NULL,'2019-12-28 15:28:35','2019-12-28 15:28:35'),(54,NULL,'2019-12-28 16:53:54','2019-12-28 16:53:54'),(55,NULL,'2019-12-28 16:55:25','2019-12-28 16:55:25'),(56,34,'2019-12-30 17:11:17','2019-12-30 17:16:30'),(57,NULL,'2020-01-08 14:42:29','2020-01-08 14:42:29'),(58,NULL,'2020-01-10 13:28:41','2020-01-10 13:28:41'),(59,NULL,'2020-01-10 13:28:50','2020-01-10 13:28:50'),(60,NULL,'2020-01-10 13:29:20','2020-01-10 13:29:20'),(61,NULL,'2020-01-10 15:02:32','2020-01-10 15:02:32'),(62,NULL,'2020-01-10 16:06:40','2020-01-10 16:06:40'),(63,NULL,'2020-01-10 16:14:40','2020-01-10 16:14:40'),(64,NULL,'2020-01-10 16:17:17','2020-01-10 16:17:17'),(65,NULL,'2020-01-10 16:17:52','2020-01-10 16:17:52'),(66,NULL,'2020-01-10 16:21:07','2020-01-10 16:21:07'),(67,NULL,'2020-01-14 06:04:11','2020-01-14 06:04:11'),(68,34,'2020-01-14 06:26:31','2020-01-20 10:30:59'),(69,34,'2020-01-17 09:28:52','2020-01-17 09:32:20'),(70,NULL,'2020-01-17 12:10:47','2020-01-17 12:10:47'),(71,NULL,'2020-01-20 14:06:34','2020-01-20 14:06:34'),(72,NULL,'2020-01-20 19:46:06','2020-01-20 19:46:06'),(73,NULL,'2020-01-22 13:08:05','2020-01-22 13:08:05'),(74,NULL,'2020-01-22 13:10:23','2020-01-22 13:10:23'),(75,NULL,'2020-01-22 13:11:01','2020-01-22 13:11:01'),(76,NULL,'2020-01-22 13:17:16','2020-01-22 13:17:16');
/*!40101 SET @saved_cs_client     = @@character_set_client */;
/*!40101 SET character_set_client = utf8 */;
CREATE TABLE `consultations` (
  `id` bigint(20) unsigned NOT NULL AUTO_INCREMENT,
  `author_id` bigint(20) unsigned NOT NULL,
  `title` varchar(255) COLLATE utf8mb4_unicode_ci NOT NULL,
  `description` text COLLATE utf8mb4_unicode_ci,
  `show` tinyint(4) NOT NULL DEFAULT '1',
  `image` varchar(255) COLLATE utf8mb4_unicode_ci DEFAULT NULL,
  `moderated` tinyint(4) NOT NULL DEFAULT '0',
  `published_at` timestamp NOT NULL DEFAULT CURRENT_TIMESTAMP ON UPDATE CURRENT_TIMESTAMP,
  `answer_id` bigint(20) unsigned DEFAULT NULL,
  `created_at` timestamp NULL DEFAULT NULL,
  `updated_at` timestamp NULL DEFAULT NULL,
  PRIMARY KEY (`id`),
  KEY `auth` (`author_id`)
) ENGINE=InnoDB AUTO_INCREMENT=78 DEFAULT CHARSET=utf8mb4 COLLATE=utf8mb4_unicode_ci;
/*!40101 SET character_set_client = @saved_cs_client */;
INSERT INTO `consultations` VALUES (69,35,'Группа крови у новорожденного','Добрый день! Такой вопрос, рожала в феврале, дело в том что когда родила мне сказали что у ребенка первая положительная группа крови, НО в выписке я вычитала только сейчас что написано третья отрицательная, так вот, к кому мне обратиться по этому поводу? остаются ли в роддоме какие либо документы, где можно все это разузнать? Педиатр сказала что такое может быть, но анализы рано брать на группу крови, помогите, это очень важно!',1,'/consultations/2020/01/17/5e2151f4179ae.jpg',1,'2020-01-20 07:30:59',68,'2020-01-14 06:26:31','2020-01-20 10:30:59'),(70,32,'Как лечить простуду?','Можно ли вылечить простуду быстро и как это сделать?',1,'/consultations/2020/01/17/5e215493ef641.jpg',1,'2020-01-17 06:30:43',69,'2020-01-17 09:28:52','2020-01-17 09:30:43'),(73,32,'Прольььлддж ольббжжбббьоооолььбдддддддд','Товалвлвдвддададажажажажажажажжвжвжвжвжвжвжвжвжвжвжжвжжвв',1,NULL,0,'2020-01-20 19:46:06',72,'2020-01-20 19:46:06','2020-01-20 19:46:06'),(75,36,'bddbdbd','bdbdbdbjsndbeknsbdjdbdbdbdhdbdbdirbribrbrktktbtbbtt',1,NULL,0,'2020-01-22 13:10:23',74,'2020-01-22 13:10:23','2020-01-22 13:10:23'),(76,36,'ueheh','shhebebd dbdbdbjdbbdbdhdhddjdhdbdhdhdbdbdhdhdhhdbfbfbbfb',1,NULL,0,'2020-01-22 13:11:01',75,'2020-01-22 13:11:01','2020-01-22 13:11:01'),(77,36,'jsjsjahahahaga','hsshaishahaisidusnskdidhsjdjdsjjdjdjsjjsjsjsjssjsjsjjs',1,NULL,0,'2020-01-22 13:17:16',76,'2020-01-22 13:17:16','2020-01-22 13:17:16');
/*!40101 SET @saved_cs_client     = @@character_set_client */;
/*!40101 SET character_set_client = utf8 */;
CREATE TABLE `details` (
  `id` bigint(20) unsigned NOT NULL AUTO_INCREMENT,
  `detailable_type` enum('article','forum','event','playlist','vaccine','feeding','consultation','consultation_answer','development','blog') COLLATE utf8mb4_unicode_ci NOT NULL,
  `detailable_id` bigint(20) unsigned NOT NULL,
  `order` int(11) DEFAULT NULL,
  `type` enum('title','image','citation','description') COLLATE utf8mb4_unicode_ci NOT NULL,
  `value` text COLLATE utf8mb4_unicode_ci NOT NULL,
  `show` tinyint(4) NOT NULL DEFAULT '1',
  `published_at` timestamp NULL DEFAULT CURRENT_TIMESTAMP,
  `created_at` timestamp NULL DEFAULT NULL,
  `updated_at` timestamp NULL DEFAULT NULL,
  PRIMARY KEY (`id`)
) ENGINE=InnoDB AUTO_INCREMENT=534 DEFAULT CHARSET=utf8mb4 COLLATE=utf8mb4_unicode_ci;
/*!40101 SET character_set_client = @saved_cs_client */;
INSERT INTO `details` VALUES (27,'feeding',1,1,'description','Питание ребенка от 6 месяцев до года Идейные соображения высшего порядка, а также дальнейшее развитие различных форм деятельности представляет собой интересный эксперимент проверки позиций, занимаемых участниками в отношении поставленных задач. Таким образом постоянное информационно-пропагандистское обеспечение нашей деятельности позволяет оценить значение модели развития. С другой стороны рамки и место обучения кадров позволяет оценить значение дальнейших направлений развития. Повседневная практика показывает, что постоянное информационно-пропагандистское обеспечение нашей деятельности требуют определения и Питание ребенка от 6 месяцев до года уточнения системы обучения кадров, соответствует насущным потребностям. Товарищи! консультация с широким активом влечет за собой процесс внедрения и модернизации новых предложений. Повседневная практика показывает, что сложившаяся структура организации в значительной степени обуславливает создание существенных финансовых и административных условий. Товарищи! консультация с широким активом влечет за собой процесс внедрения и модернизации новых предложений. Повседневная практика показывает, что сложившаяся структура организации в значительной степени обуславливает создание существенных финансовых и административных условий. Товарищи! консультация с широким активом влечет за собой процесс внедрения и модернизации новых предложений. Повседневная практика показывает, что сложившаяся структура организации в значительной степени обуславливает создание существенны',1,'2019-11-01 10:21:24','2019-10-31 07:15:57','2019-10-31 07:15:57'),(34,'feeding',1,2,'description','Питание ребенка от 6 месяцев до года Идейные соображения высшего порядка, а также дальнейшее развитие различных форм деятельности представляет собой интересный эксперимент проверки позиций, занимаемых участниками в отношении поставленных задач. Таким образом постоянное информационно-пропагандистское обеспечение нашей деятельности позволяет оценить значение модели развития. С другой стороны рамки и место обучения кадров позволяет оценить значение дальнейших направлений развития. Повседневная практика показывает, что постоянное информационно-пропагандистское обеспечение нашей деятельности требуют определения и Питание ребенка от 6 месяцев до года уточнения системы обучения кадров, соответствует насущным потребностям. Товарищи! консультация с широким активом влечет за собой процесс внедрения и модернизации новых предложений. Повседневная практика показывает, что сложившаяся структура организации в значительной степени обуславливает создание существенных финансовых и административных условий. Товарищи! консультация с широким активом влечет за собой процесс внедрения и модернизации новых предложений. Повседневная практика показывает, что сложившаяся структура организации в значительной степени обуславливает создание существенных финансовых и административных условий. Товарищи! консультация с широким активом влечет за собой процесс внедрения и модернизации новых предложений. Повседневная практика показывает, что сложившаяся структура организации в значительной степени обуславливает создание существенны',1,'2019-11-01 10:21:24','2019-10-31 07:15:57','2019-10-31 07:15:57'),(35,'feeding',1,3,'description','Питание ребенка от 6 месяцев до года Идейные соображения высшего порядка, а также дальнейшее развитие различных форм деятельности представляет собой интересный эксперимент проверки позиций, занимаемых участниками в отношении поставленных задач. Таким образом постоянное информационно-пропагандистское обеспечение нашей деятельности позволяет оценить значение модели развития. С другой стороны рамки и место обучения кадров позволяет оценить значение дальнейших направлений развития. Повседневная практика показывает, что постоянное информационно-пропагандистское обеспечение нашей деятельности требуют определения и Питание ребенка от 6 месяцев до года уточнения системы обучения кадров, соответствует насущным потребностям. Товарищи! консультация с широким активом влечет за собой процесс внедрения и модернизации новых предложений. Повседневная практика показывает, что сложившаяся структура организации в значительной степени обуславливает создание существенных финансовых и административных условий. Товарищи! консультация с широким активом влечет за собой процесс внедрения и модернизации новых предложений. Повседневная практика показывает, что сложившаяся структура организации в значительной степени обуславливает создание существенных финансовых и административных условий. Товарищи! консультация с широким активом влечет за собой процесс внедрения и модернизации новых предложений. Повседневная практика показывает, что сложившаяся структура организации в значительной степени обуславливает создание существенны',1,'2019-11-01 10:21:24','2019-10-31 07:15:57','2019-10-31 07:15:57'),(36,'feeding',2,1,'description','Питание ребенка от 6 месяцев до года Идейные соображения высшего порядка, а также дальнейшее развитие различных форм деятельности представляет собой интересный эксперимент проверки позиций, занимаемых участниками в отношении поставленных задач. Таким образом постоянное информационно-пропагандистское обеспечение нашей деятельности позволяет оценить значение модели развития. С другой стороны рамки и место обучения кадров позволяет оценить значение дальнейших направлений развития. Повседневная практика показывает, что постоянное информационно-пропагандистское обеспечение нашей деятельности требуют определения и Питание ребенка от 6 месяцев до года уточнения системы обучения кадров, соответствует насущным потребностям. Товарищи! консультация с широким активом влечет за собой процесс внедрения и модернизации новых предложений. Повседневная практика показывает, что сложившаяся структура организации в значительной степени обуславливает создание существенных финансовых и административных условий. Товарищи! консультация с широким активом влечет за собой процесс внедрения и модернизации новых предложений. Повседневная практика показывает, что сложившаяся структура организации в значительной степени обуславливает создание существенных финансовых и административных условий. Товарищи! консультация с широким активом влечет за собой процесс внедрения и модернизации новых предложений. Повседневная практика показывает, что сложившаяся структура организации в значительной степени обуславливает создание существенны',1,'2019-11-01 10:21:24','2019-10-31 07:15:57','2019-10-31 07:15:57'),(37,'feeding',2,2,'description','Питание ребенка от 6 месяцев до года Идейные соображения высшего порядка, а также дальнейшее развитие различных форм деятельности представляет собой интересный эксперимент проверки позиций, занимаемых участниками в отношении поставленных задач. Таким образом постоянное информационно-пропагандистское обеспечение нашей деятельности позволяет оценить значение модели развития. С другой стороны рамки и место обучения кадров позволяет оценить значение дальнейших направлений развития. Повседневная практика показывает, что постоянное информационно-пропагандистское обеспечение нашей деятельности требуют определения и Питание ребенка от 6 месяцев до года уточнения системы обучения кадров, соответствует насущным потребностям. Товарищи! консультация с широким активом влечет за собой процесс внедрения и модернизации новых предложений. Повседневная практика показывает, что сложившаяся структура организации в значительной степени обуславливает создание существенных финансовых и административных условий. Товарищи! консультация с широким активом влечет за собой процесс внедрения и модернизации новых предложений. Повседневная практика показывает, что сложившаяся структура организации в значительной степени обуславливает создание существенных финансовых и административных условий. Товарищи! консультация с широким активом влечет за собой процесс внедрения и модернизации новых предложений. Повседневная практика показывает, что сложившаяся структура организации в значительной степени обуславливает создание существенны',1,'2019-11-01 10:21:24','2019-10-31 07:15:57','2019-10-31 07:15:57'),(38,'feeding',2,3,'description','Питание ребенка от 6 месяцев до года Идейные соображения высшего порядка, а также дальнейшее развитие различных форм деятельности представляет собой интересный эксперимент проверки позиций, занимаемых участниками в отношении поставленных задач. Таким образом постоянное информационно-пропагандистское обеспечение нашей деятельности позволяет оценить значение модели развития. С другой стороны рамки и место обучения кадров позволяет оценить значение дальнейших направлений развития. Повседневная практика показывает, что постоянное информационно-пропагандистское обеспечение нашей деятельности требуют определения и Питание ребенка от 6 месяцев до года уточнения системы обучения кадров, соответствует насущным потребностям. Товарищи! консультация с широким активом влечет за собой процесс внедрения и модернизации новых предложений. Повседневная практика показывает, что сложившаяся структура организации в значительной степени обуславливает создание существенных финансовых и административных условий. Товарищи! консультация с широким активом влечет за собой процесс внедрения и модернизации новых предложений. Повседневная практика показывает, что сложившаяся структура организации в значительной степени обуславливает создание существенных финансовых и административных условий. Товарищи! консультация с широким активом влечет за собой процесс внедрения и модернизации новых предложений. Повседневная практика показывает, что сложившаяся структура организации в значительной степени обуславливает создание существенны',1,'2019-11-01 10:21:24','2019-10-31 07:15:57','2019-10-31 07:15:57'),(66,'consultation',1,1,'title','Питание ребенка от 6 месяцев до года',1,'2019-11-01 10:21:24','2019-10-31 07:15:57','2019-10-31 07:15:57'),(67,'consultation',1,2,'description','Питание ребенка от 6 месяцев до года Идейные соображения высшего порядка, а также дальнейшее развитие различных форм деятельности представляет собой интересный эксперимент проверки позиций, занимаемых участниками в отношении поставленных задач. Таким образом постоянное информационно-пропагандистское обеспечение нашей деятельности позволяет оценить значение модели развития. С другой стороны рамки и место обучения кадров позволяет оценить значение дальнейших направлений развития. Повседневная практика показывает, что постоянное информационно-пропагандистское обеспечение нашей деятельности требуют определения и Питание ребенка от 6 месяцев до года уточнения системы обучения кадров, соответствует насущным потребностям. Товарищи! консультация с широким активом влечет за собой процесс внедрения и модернизации новых предложений. Повседневная практика показывает, что сложившаяся структура организации в значительной степени обуславливает создание существенных финансовых и административных условий. Товарищи! консультация с широким активом влечет за собой процесс внедрения и модернизации новых предложений. Повседневная практика показывает, что сложившаяся структура организации в значительной степени обуславливает создание существенных финансовых и административных условий. Товарищи! консультация с широким активом влечет за собой процесс внедрения и модернизации новых предложений. Повседневная практика показывает, что сложившаяся структура организации в значительной степени обуславливает создание существенны',1,'2019-11-01 10:21:24','2019-10-31 07:15:57','2019-10-31 07:15:57'),(71,'consultation_answer',1,1,'title','I will help you!',1,'2019-11-01 10:21:24','2019-10-31 07:15:57','2019-10-31 07:15:57'),(72,'consultation',3,2,'description','QWEQWDACZXC',1,'2019-11-23 12:27:07','2019-11-23 15:27:07','2019-11-23 15:27:07'),(73,'consultation',4,1,'title','Asdwqqweqweadsd',1,'2019-11-23 12:30:54','2019-11-23 15:30:54','2019-11-23 15:30:54'),(74,'consultation',4,2,'description','QWEQWDACZXC',1,'2019-11-23 12:30:54','2019-11-23 15:30:54','2019-11-23 15:30:54'),(75,'consultation',5,1,'title','Asdwqqweqweadsd',1,'2019-11-23 12:32:03','2019-11-23 15:32:03','2019-11-23 15:32:03'),(76,'consultation',5,2,'description','QWEQWDACZXC',1,'2019-11-23 12:32:03','2019-11-23 15:32:03','2019-11-23 15:32:03'),(77,'consultation',6,1,'title','Asdwqqweqweadsd',1,'2019-11-23 12:32:44','2019-11-23 15:32:44','2019-11-23 15:32:44'),(78,'consultation',6,2,'description','QWEQWDACZXC',1,'2019-11-23 12:32:44','2019-11-23 15:32:44','2019-11-23 15:32:44'),(79,'consultation',7,1,'title','Asdwqqweqweadsd',1,'2019-11-23 12:32:59','2019-11-23 15:32:59','2019-11-23 15:32:59'),(80,'consultation',7,2,'description','QWEQWDACZXC',1,'2019-11-23 12:32:59','2019-11-23 15:32:59','2019-11-23 15:32:59'),(81,'consultation',8,1,'title','Asdwqqweqweadsd',1,'2019-11-23 12:43:59','2019-11-23 15:43:59','2019-11-23 15:43:59'),(82,'consultation',8,2,'description','QWEQWDACZXC',1,'2019-11-23 12:43:59','2019-11-23 15:43:59','2019-11-23 15:43:59'),(83,'consultation',9,1,'title','Asdwqqweqweadsd',1,'2019-11-23 12:44:43','2019-11-23 15:44:43','2019-11-23 15:44:43'),(84,'consultation',9,2,'description','QWEQWDACZXC',1,'2019-11-23 12:44:43','2019-11-23 15:44:43','2019-11-23 15:44:43'),(85,'consultation',10,1,'title','Asdwqqweqweadsd',1,'2019-11-23 12:45:38','2019-11-23 15:45:38','2019-11-23 15:45:38'),(86,'consultation',10,2,'description','QWEQWDACZXC',1,'2019-11-23 12:45:38','2019-11-23 15:45:38','2019-11-23 15:45:38'),(87,'consultation',11,1,'title','Asdwqqweqweadsd',1,'2019-11-23 12:45:49','2019-11-23 15:45:49','2019-11-23 15:45:49'),(88,'consultation',11,2,'description','QWEQWDACZXC',1,'2019-11-23 12:45:49','2019-11-23 15:45:49','2019-11-23 15:45:49'),(97,'consultation_answer',1,2,'description','Питание ребенка от 6 месяцев до года Идейные соображения высшего порядка, а также дальнейшее развитие различных форм деятельности представляет собой интересный эксперимент проверки позиций, занимаемых участниками в отношении поставленных задач. Таким образом постоянное информационно-пропагандистское обеспечение нашей деятельности позволяет оценить значение модели развития. С другой стороны рамки и место обучения кадров позволяет оценить значение дальнейших направлений развития. Повседневная практика показывает, что постоянное информационно-пропагандистское обеспечение нашей деятельности требуют определения и Питание ребенка от 6 месяцев до года уточнения системы обучения кадров, соответствует насущным потребностям. Товарищи! консультация с широким активом влечет за собой процесс внедрения и модернизации новых предложений. Повседневная практика показывает, что сложившаяся структура организации в значительной степени обуславливает создание существенных финансовых и административных условий. Товарищи! консультация с широким активом влечет за собой процесс внедрения и модернизации новых предложений. Повседневная практика показывает, что сложившаяся структура организации в значительной степени обуславливает создание существенных финансовых и административных условий. Товарищи! консультация с широким активом влечет за собой процесс внедрения и модернизации новых предложений. Повседневная практика показывает, что сложившаяся структура организации в значительной степени обуславливает создание существенны',1,'2019-11-01 10:21:24','2019-10-31 07:15:57','2019-10-31 07:15:57'),(98,'consultation_answer',1,3,'image','/storage/2019/10/31/5dbaeddc0954f.jpg',1,'2019-11-01 10:21:24','2019-10-31 07:15:57','2019-10-31 07:15:57'),(101,'consultation',12,1,'title','Йцуу',1,'2019-11-23 19:35:29','2019-11-23 22:35:29','2019-11-23 22:35:29'),(102,'consultation',12,2,'description','Уцйй',1,'2019-11-23 19:35:29','2019-11-23 22:35:29','2019-11-23 22:35:29'),(103,'consultation',13,1,'title','Нунн3',1,'2019-11-23 19:48:55','2019-11-23 22:48:55','2019-11-23 22:48:55'),(104,'consultation',13,2,'description','Гугк',1,'2019-11-23 19:48:55','2019-11-23 22:48:55','2019-11-23 22:48:55'),(107,'consultation',14,1,'title','Как воспитать ребенка?',1,'2019-11-24 09:26:30','2019-11-24 12:26:30','2019-11-24 12:26:30'),(108,'consultation',14,2,'description','Меня всегда интересовал вопрос, как же правильно воспитать ребенка. Я перечитал множество статей, но все были неоднозначны. Неужели нету всегда работающих советов, чтобы ребенок вырос зравомыслящим, целеустремленным человеком?',1,'2019-11-24 09:26:30','2019-11-24 12:26:30','2019-11-24 12:26:30'),(109,'consultation',15,1,'title','Asdwqqweqweadsd',1,'2019-11-25 10:45:43','2019-11-25 13:45:43','2019-11-25 13:45:43'),(110,'consultation',15,2,'description','QWEQWDACZXC',1,'2019-11-25 10:45:43','2019-11-25 13:45:43','2019-11-25 13:45:43'),(111,'consultation',16,1,'title','Asdwqqweqweadsd',1,'2019-11-25 10:45:59','2019-11-25 13:45:59','2019-11-25 13:45:59'),(112,'consultation',16,2,'description','QWEQWDACZXC',1,'2019-11-25 10:45:59','2019-11-25 13:45:59','2019-11-25 13:45:59'),(113,'consultation',17,1,'title','Asdwqqweqweadsd',1,'2019-11-25 10:46:01','2019-11-25 13:46:01','2019-11-25 13:46:01'),(114,'consultation',17,2,'description','QWEQWDACZXC',1,'2019-11-25 10:46:01','2019-11-25 13:46:01','2019-11-25 13:46:01'),(115,'consultation',18,1,'title','Asdwqqweqweadsd',1,'2019-11-25 10:48:16','2019-11-25 13:48:16','2019-11-25 13:48:16'),(116,'consultation',18,2,'description','QWEQWDACZXC',1,'2019-11-25 10:48:16','2019-11-25 13:48:16','2019-11-25 13:48:16'),(121,'consultation',19,1,'title','Asdwqqweqweadsd',1,'2019-11-25 11:05:51','2019-11-25 14:05:51','2019-11-25 14:05:51'),(122,'consultation',19,2,'description','QWEQWDACZXC',1,'2019-11-25 11:05:51','2019-11-25 14:05:51','2019-11-25 14:05:51'),(123,'consultation',20,1,'title','Ali',1,'2019-11-25 11:52:41','2019-11-25 14:52:41','2019-11-25 14:52:41'),(124,'consultation',20,2,'description','QWERRTTT',1,'2019-11-25 11:52:41','2019-11-25 14:52:41','2019-11-25 14:52:41'),(125,'consultation',21,1,'title','Asdwqqweqweadsd',1,'2019-11-25 12:06:24','2019-11-25 15:06:24','2019-11-25 15:06:24'),(126,'consultation',21,2,'description','QWEQWDACZXC',1,'2019-11-25 12:06:24','2019-11-25 15:06:24','2019-11-25 15:06:24'),(127,'consultation',22,1,'title','Asdwqqweqweadsd',1,'2019-11-25 12:06:34','2019-11-25 15:06:34','2019-11-25 15:06:34'),(128,'consultation',22,2,'description','QWEQWDACZXC',1,'2019-11-25 12:06:34','2019-11-25 15:06:34','2019-11-25 15:06:34'),(129,'consultation',23,1,'title','Asdwqqweqweadsd',1,'2019-11-25 12:11:41','2019-11-25 15:11:41','2019-11-25 15:11:41'),(130,'consultation',23,2,'description','QWEQWDACZXC',1,'2019-11-25 12:11:41','2019-11-25 15:11:41','2019-11-25 15:11:41'),(131,'consultation',24,1,'title','Asdwqqweqweadsd',1,'2019-11-25 12:46:04','2019-11-25 15:46:04','2019-11-25 15:46:04'),(132,'consultation',24,2,'description','QWEQWDACZXC',1,'2019-11-25 12:46:04','2019-11-25 15:46:04','2019-11-25 15:46:04'),(133,'consultation',25,1,'title','Asdwqqweqweadsd',1,'2019-11-25 12:46:06','2019-11-25 15:46:06','2019-11-25 15:46:06'),(134,'consultation',25,2,'description','QWEQWDACZXC',1,'2019-11-25 12:46:06','2019-11-25 15:46:06','2019-11-25 15:46:06'),(135,'consultation',26,1,'title','вовласд',1,'2019-11-25 13:06:01','2019-11-25 16:06:01','2019-11-25 16:06:01'),(136,'consultation',26,2,'description','Повседневная практика показывает, что ости требуют определения.',1,'2019-11-25 13:06:01','2019-11-25 16:06:01','2019-11-25 16:06:01'),(137,'consultation',27,1,'title','титл гой',1,'2019-11-25 13:06:36','2019-11-25 16:06:36','2019-11-25 16:06:36'),(138,'consultation',27,2,'description','Повседневная практика показывает, что постоянное информационно-пропагандистское обеспечение нашей деятельности требуют определения и',1,'2019-11-25 13:06:36','2019-11-25 16:06:36','2019-11-25 16:06:36'),(139,'consultation',28,1,'title','иттаьала',1,'2019-11-25 13:09:19','2019-11-25 16:09:19','2019-11-25 16:09:19'),(140,'consultation',28,2,'description','Повседневная практика показывает, что постоянное информационно-пропагандистское обеспечение нашей деятельности требуют',1,'2019-11-25 13:09:19','2019-11-25 16:09:19','2019-11-25 16:09:19'),(141,'consultation',29,1,'title','аолалаоалалала',1,'2019-11-25 13:10:52','2019-11-25 16:10:52','2019-11-25 16:10:52'),(142,'consultation',29,2,'description','Повседневная практика показывает, что постоянное информационно-пропагандистское обеспечение нашей деятельности требуют определения и повседневная практика показывает, что постоянное информационно-пропагандистское обеспечение нашей деятельности требуют определения и что постоянное информационно-пропагандистское обеспечение нашей деятельности требуют определения.',1,'2019-11-25 13:10:52','2019-11-25 16:10:52','2019-11-25 16:10:52'),(144,'consultation',30,1,'title','очовлвоао',1,'2019-11-27 13:03:00','2019-11-27 16:03:00','2019-11-27 16:03:00'),(145,'consultation',30,2,'description','Повседневная практика показывает, что постоянное информационно-пропагандистское обеспечение нашей деятельности требуют определения и повседневная практика показывает, что постоянное информационно-пропагандистское обеспечение нашей деятельности требуют определения и что постоянное информационно-пропагандистское обеспечение нашей деятельности требуют определения.',1,'2019-11-27 13:03:00','2019-11-27 16:03:00','2019-11-27 16:03:00'),(146,'consultation',31,1,'title','алалала',1,'2019-11-27 13:06:35','2019-11-27 16:06:35','2019-11-27 16:06:35'),(147,'consultation',31,2,'description','состоссосочососососослслслслалалаллаалалласдщсзвзвплмшаждаокладсдадааллааладтсьсьсбсжсжжчжсжажжвжвжжвжажажажажазза',1,'2019-11-27 13:06:35','2019-11-27 16:06:35','2019-11-27 16:06:35'),(151,'event',1,1,'title','Международный форум, посвященный проблемам детского здоровья',1,'2019-11-01 10:21:24','2019-10-31 07:15:57','2020-01-16 12:04:09'),(152,'event',1,2,'citation','Идейные соображения высшего порядка, а также дальнейшее развитие различных форм деятельности',1,'2019-11-01 10:21:24','2019-10-31 07:15:57','2019-10-31 07:15:57'),(153,'event',1,3,'description','Питание ребенка от 6 месяцев до года Идейные соображения высшего порядка, а также дальнейшее развитие различных форм деятельности представляет собой интересный эксперимент проверки позиций, занимаемых участниками в отношении поставленных задач. Таким образом постоянное информационно-пропагандистское обеспечение нашей деятельности позволяет оценить значение модели развития. С другой стороны рамки и место обучения кадров позволяет оценить значение дальнейших направлений развития. Повседневная практика показывает, что постоянное информационно-пропагандистское обеспечение нашей деятельности требуют определения и Питание ребенка от 6 месяцев до года уточнения системы обучения кадров, соответствует насущным потребностям. Товарищи! консультация с широким активом влечет за собой процесс внедрения и модернизации новых предложений. Повседневная практика показывает, что сложившаяся структура организации в значительной степени обуславливает создание существенных финансовых и административных условий. Товарищи! консультация с широким активом влечет за собой процесс внедрения и модернизации новых предложений. Повседневная практика показывает, что сложившаяся структура организации в значительной степени обуславливает создание существенных финансовых и административных условий. Товарищи! консультация с широким активом влечет за собой процесс внедрения и модернизации новых предложений. Повседневная практика показывает, что сложившаяся структура организации в значительной степени обуславливает создание существенны',1,'2019-11-01 10:21:24','2019-10-31 07:15:57','2019-10-31 07:15:57'),(175,'consultation',32,1,'title','Asdwqqweqweadsd',1,'2019-12-02 10:52:26','2019-12-02 13:52:26','2019-12-02 13:52:26'),(176,'consultation',32,2,'description','QWEQWDACZXCasddddddddddddddddddddddddddddddddddddddddddddddddddddddddddddddddddddddddwqqaxczxc',1,'2019-12-02 10:52:26','2019-12-02 13:52:26','2019-12-02 13:52:26'),(177,'consultation_answer',2,1,'title','ASDQWDASDASDASDASD',1,'2019-12-02 10:54:40','2019-12-02 13:54:40','2019-12-02 13:54:40'),(178,'consultation_answer',2,2,'description','ASDQWDWDASDAASDQWDWDASDAASDQWDWDA SDAASDQWDWDASDAASDQWDWDASDAASDQWDWD ASDAASDQWDWDASDAASD QWDWDASDAASDQWDWDASDA',1,'2019-12-02 10:54:53','2019-12-02 13:54:53','2019-12-02 13:55:06'),(180,'consultation_answer',31,1,'description','dfsgs gdf',1,'2019-12-03 04:56:22','2019-12-03 07:56:22','2019-12-03 07:56:22'),(181,'consultation',33,1,'title','Che tan',1,'2019-12-03 06:14:44','2019-12-03 09:14:44','2019-12-03 09:14:44'),(182,'consultation',33,2,'description','Повседневная практика показывает, что постоянное информационно-пропагандистское обеспечение нашей деятельности требуют определения и повседневная практика показывает, что постоянное информационно-пропагандистское обеспечение нашей деятельности требуют определения и что постоянное информационно-пропагандистское обеспечение нашей деятельности требуют определения.',1,'2019-12-03 06:14:44','2019-12-03 09:14:44','2019-12-03 09:14:44'),(183,'consultation',34,1,'title','Che tan',1,'2019-12-03 06:14:49','2019-12-03 09:14:49','2019-12-03 09:14:49'),(184,'consultation',34,2,'description','Повседневная практика показывает, что постоянное информационно-пропагандистское обеспечение нашей деятельности требуют определения и повседневная практика показывает, что постоянное информационно-пропагандистское обеспечение нашей деятельности требуют определения и что постоянное информационно-пропагандистское обеспечение нашей деятельности требуют определения.',1,'2019-12-03 06:14:49','2019-12-03 09:14:49','2019-12-03 09:14:49'),(185,'consultation',35,1,'title','Che tan',1,'2019-12-03 06:14:57','2019-12-03 09:14:57','2019-12-03 09:14:57'),(186,'consultation',35,2,'description','Повседневная практика показывает, что постоянное информационно-пропагандистское обеспечение нашей деятельности требуют определения и повседневная практика показывает, что постоянное информационно-пропагандистское обеспечение нашей деятельности требуют определения и что постоянное информационно-пропагандистское обеспечение нашей деятельности требуют определения.',1,'2019-12-03 06:14:57','2019-12-03 09:14:57','2019-12-03 09:14:57'),(189,'consultation',37,1,'title','Che tan',1,'2019-12-03 06:15:12','2019-12-03 09:15:12','2019-12-03 09:15:12'),(190,'consultation',37,2,'description','Повседневная практика показывает, что постоянное информационно-пропагандистское обеспечение нашей деятельности требуют определения и повседневная практика показывает, что постоянное информационно-пропагандистское обеспечение нашей деятельности требуют определения и что постоянное информационно-пропагандистское обеспечение нашей деятельности требуют определения.',1,'2019-12-03 06:15:12','2019-12-03 09:15:12','2019-12-03 09:15:12'),(193,'consultation',39,1,'title','qwerty',1,'2019-12-03 06:59:39','2019-12-03 09:59:39','2019-12-03 09:59:39'),(194,'consultation',39,2,'description','Eldar meodle\nbc. g. fjbdc. dhgsv gehjfbcg crhcvsh. fjkhd tidbfib gb fhdv fjb \ng. fjbdc. dhgsv gehjfbcg crhcvsh. fjkhd tidbfib gb fhdv fjb fhb',1,'2019-12-03 06:59:39','2019-12-03 09:59:39','2019-12-03 09:59:39'),(195,'consultation',40,1,'title','ehehei',1,'2019-12-03 08:51:17','2019-12-03 11:51:17','2019-12-03 11:51:17'),(196,'consultation',40,2,'description','dhhdjdjdjdjddhfhfjjfjffjjfjfjdhddhdhueueueydhdhshshshshdjshsjsjsjdjsjdhdhdhdjdjdhdhejeuueueueueueueueueueueuehdudhehdjdjdhrhrhhrhfjfjfjfjfjjduririeidjfjjdheieiejhrjejejdudjdhfjdididuud',1,'2019-12-03 08:51:17','2019-12-03 11:51:17','2019-12-03 11:51:17'),(197,'consultation',41,1,'title','ncndc',1,'2019-12-03 09:00:45','2019-12-03 12:00:45','2019-12-03 12:00:45'),(198,'consultation',41,2,'description','xhxhdhdhdhdhdhdshdhdhsssyhdhshdfnatsyshxjxcvckvkfkfkgkggkgfifjfjfifjfkfkfififjfifjfjfifkfjfkfikfkfkfjfjdjdjdjdjdjcjdjdjdjdjxdjddjdjdjjcjfjfjfjfjdhddjfjcjfjdjxjudjfjdjdhxjdjfdjfjdjj',1,'2019-12-03 09:00:45','2019-12-03 12:00:45','2019-12-03 12:00:45'),(217,'consultation',42,1,'title','Zaire’s',1,'2019-12-06 04:19:12','2019-12-06 07:19:12','2019-12-06 07:19:12'),(218,'consultation',42,2,'description','JAsf dksfhskjdfh Sahel askjcskfshd kchsk chef fkjshdf Hadley kljzx ckHXKc SHFkshDFK sdmnzxbchjgs ibewjguyxzgc zBXCz gah sdfsjkdf;shcjkzXNckjSD if sdBCSDB CHJSGDJHCBKSDJCH sdhkljzxncbzxkjcshFSLJNCZXNCKJHIUXFHEKJWFBTCXUYGSHBE',1,'2019-12-06 04:19:12','2019-12-06 07:19:12','2019-12-06 07:19:12'),(219,'consultation',43,1,'title','MAXA MAL',1,'2019-12-06 04:19:57','2019-12-06 07:19:57','2019-12-06 07:19:57'),(220,'consultation',43,2,'description','JKNCKNCKJANDCLKMAKJCNALKCNAJKNCLASKJ CASKNCANCAJSKC ASNCASNCAJS NSKXSANXABSXNASXNSANXASJNXASJNXAJSNXJASNXJSANJSANXJASNXASXAS',1,'2019-12-06 04:19:57','2019-12-06 07:19:57','2019-12-06 07:19:57'),(229,'consultation_answer',42,1,'title','Eldar mal',1,'2019-12-12 05:08:26','2019-12-12 08:08:26','2019-12-12 08:08:26'),(233,'event',20,1,'title','Заголовок',1,'2019-12-14 09:00:08','2019-12-14 12:00:08','2020-01-08 14:40:44'),(234,'event',20,2,'description','Текст',1,'2019-12-14 09:00:08','2019-12-14 12:00:08','2020-01-08 14:40:58'),(235,'consultation_answer',41,1,'citation','Самое главное!',1,'2019-12-14 16:07:31','2019-12-14 19:07:31','2019-12-14 19:07:31'),(236,'vaccine',13,1,'description','В 1 - 4 дни жизни ребенка (еще в роддоме) – делают прививки от туберкулеза (БЦЖ) и гепатита В. Ревакцинация в 6 лет.',1,'2019-12-14 16:55:00','2019-12-14 19:55:00','2020-01-15 11:22:20'),(242,'article',40,1,'citation','КОЛИКИ – не болезнь!',1,'2019-12-18 17:51:03','2019-12-18 20:51:03','2019-12-18 20:51:03'),(243,'article',40,2,'title','Это страшное слово «колики»',1,'2019-12-18 17:51:45','2019-12-18 20:51:45','2019-12-18 20:51:45'),(244,'article',40,3,'description','Практически каждая мама сталкивалась с кишечными коликами и еще долго с содроганием вспоминала о них.\r\nДавайте разберёмся, что это и как уменьшить страдания своего малыша, но сначала нужно убедиться, что у вас действительно колики:\r\n- малыш полностью здоров, у него нет температуры, кашля или других признаков болезни;\r\n- плачет, практически в одно и тоже время;\r\n- во время плача, поджимает ножки к животу;\r\n- ребенок не голоден;\r\nПервое, что вы должны понять: КОЛИКИ – не болезнь. Это совокупность различных факторов, которые доставляют дискомфорт. \r\nОшибочно полагают, что колики связаны только с желудком. Однако, на это влияют несколько факторов, которые мы сейчас подробно разберём.\r\n1)	Каждый ребёнок рождается со стерильным кишечником. Он абсолютно не населён бактериями, в нём полностью отсутствует микрофлора, так как малыш питается через пуповину. С попаданием в организм первого молока или молозива, начинается процесс заселения. Незрелая система ЖКТ (желудочно-кишечный тракт) начинает избыточно производить пузырьки газа. Животик распирает и появляется дискомфорт.\r\n2)	К первой причине относится и неправильное прикладывание к груди. Ребёнок заглатывает вместе с едой воздух, который попадает в желудок. И снова всё идёт в животик.\r\n3)	Современные педиатры считают, что вся соль колик в несозревшей нервной системе. Привыкая к жизни, вне организма мамы, малыш испытывает огромный стресс. У него начинаются головные боли и в целом, физический дискомфорт от этого яркого и шумного мира. Длится этот период, примерно до 3-4 месяцев. К этому времени нервная система «дозревает».\r\n4)	Питание мамы. Оно не играет ключевую роль в коликах. Скорей, это сопутствующая причина. На первое время лучше исключить продукты, которые вызывают газообразование именно у мамы. Это могут быть чёрный хлеб, бобовые, капуста и газированные напитки.\r\n5)	Малыш еще не умеет управлять полноценно своими мышцами. В том числе анальными сфинктерами. Да, ребёнок еще не умеет «пукать» и поэтому, ему сложно справиться с газиками.\r\n6)	Гормоны. После родов перестраивается гормональный фон мамы, вместе с молоком вещества попадают к малышу. Это так же, одна из причин колик.\r\nЧто мы получаем?\r\nКолики – это не болезнь ЖКТ, а адаптационный период новорожденного организма, который длится до 3 месяцев.\r\nИ главный вопрос: что делать?\r\nУвы! Волшебной таблетки не существует. Но есть несколько полезных рекомендаций:\r\n- массаж животика по часовой стрелке и поджимания ножек. Аккуратно пробуйте и следите за настроением малыша;\r\n- не стесняйтесь в роддоме просить совета или обращаться к консультантам по грудному вскармливанию. Они помогут и научат правильно прикладывать малыша;\r\n- включите белый шум. Малыши привыкают к сердцебиению мамы в животе. Монотонные однообразные звуки, напоминают о времени в утробе и успокаивают.\r\n- сбалансированное питание и пробиотики. Ваше питание в любом случае влияет на малыша. Ведите пищевой дневник и наблюдайте за реакцией малыша. Пробиотики помогут нормализовать микрофлору желудка малыша. Полезно, включить пробиотики не только в рацион малыша, но и в свой. Так, они будут способствовать и работе вашего ЖКТ и станут частью молока;\r\n- стандартные способы: укачивание, водные процедуры, пеленание.\r\nКонечно, главное в этой ситуации – ваше спокойствие! Новорожденный очень чутко чувствует эмоциональное состояние родителей. Спокойны мама с папой – спокоен малыш.\r\nИ помните, рано или поздно колики закончатся!',1,'2019-12-18 17:52:52','2019-12-18 20:52:52','2019-12-18 20:52:52'),(245,'article',41,1,'citation','Купание малыша – это ответственный процесс для всей семьи!',1,'2019-12-18 18:15:56','2019-12-18 21:15:56','2019-12-18 21:15:56'),(246,'article',41,2,'description','Купать малыша можно только в том случае, если ваш неонатолог или педиатр дали разрешение!\r\nПрививка или не отпавшая до конца пуповина, могут стать причиной отложить первые процедуры. В таком случае, можно аккуратно пройтись влажной губкой по сгибам локтей, колен и т.д. Насухо вытираем ребёнка и одеваем его. \r\nСамо первое купание - волнительный процесс и вызывает множество вопросов. На часть из них, мы ответили.\r\n1.	Чем можно мыть малыша?\r\nДо 3 месяцев желательно не использовать различные шампуни и гели. Даже если на них стоит пометка 0+. Можно в воду для купания добавить отвар ромашки, череды или лаврового листа. Они помогут подсушить акне новорожденных и укрепят иммунитет.\r\n2.	Какой температуры должна быть вода?\r\nКожа младенцев чувствительней, чем у взрослых. Оптимальная температура для первого купания 30-33 градуса. Если у вас нет термометра, окуните в воду локоть или запястье, там самая чувствительная кожа. Вода не должна обжигать. \r\n3.	На что обратить внимание при купании?\r\nМышцы младенца еще очень слабые. Поэтому важно придерживать спину и голову малыша. Самая удобная позиция, это положить голову на сгиб локтя правой руки, а левой купать. Когда малыш привыкнет к водным процедурам, можно приобрести круг для плавания.\r\n4.	Нужно ли кипятить воду для первого купания?\r\nБольшинство педиатров сейчас придерживаются мнения, что кипятить воду не обязательно. Главное, чтобы сама ванна или ванночка были чистыми.\r\n5.	Сколько по времени должно длиться первое купание?\r\n10 минут для первого знакомства с водой будет достаточно. Постепенно, с каждым купанием, время можно увеличивать на 1-2 минуты. Перед началом, настраиваем младенца на купание. Раздеваем догола и даём ему насладиться воздушными ваннами. \r\nЕсли во время первого купания малыш заплачет, не паникуйте. Помните, процедура для него новая и незнакомая. \r\n\r\nЕще есть несколько важных моментов.\r\nПри купании, обратите внимание на все складочки и сгибы малыша. Под шеей, за ушками, подмышками – везде может скопиться грязь, пот или катышки от одежды.\r\nСовет: купание лучше проводить перед ночным кормлением. Тогда, истратив всю энергию и проголодавшись, малыш уйдёт в крепкий ночной сон.',1,'2019-12-18 18:16:38','2019-12-18 21:16:38','2019-12-18 21:16:38'),(247,'feeding',1,4,'image','/details/2019/12/19/5dfb2d065bea3.jpg',1,'2019-12-19 07:55:50','2019-12-19 10:55:50','2019-12-19 10:55:50'),(248,'article',42,1,'citation','Постоянный дефицит витамина Д поможет «заработать» рак, диабет, псориаз и еще с десяток различных заболеваний',1,'2019-12-19 10:05:19','2019-12-19 13:05:19','2019-12-19 13:05:19'),(249,'article',42,2,'description','О пользе и важности витамина Д3, не говорит разве что ленивый. Мы тоже решили подготовить краткую и ёмкую статью, чтобы стало понятно, зачем врачи назначают вам и малышу витамин Д.\r\nВитамин Д – это вещество, которое вырабатывается под кожей, когда мы на солнце или употребляем Д-содержащие продукты. Он отвечает за развитие костной системы, скелета, повышает иммунитет, хорошо влияет на сердечно-сосудистую систему и нервную. Большинство мам знают о том, что его недостаток – это главная причина рахита у детей. \r\nПостоянный дефицит витамина Д поможет «заработать» рак, диабет, псориаз и еще с десяток различных заболеваний. \r\nКазалось бы, что солнца в нашей жизни достаточно, чтобы каждый день организм получал свою дозу витамина. Но, всё не так просто. Есть несколько нюансов, которые усложняют его синтез (производство в организме). Во-первых, с солнцем, достаточное количество D, получают только те, кто живёт в городах с минимальным количеством машин и заводов. Смог в крупных городах (например, Алматы, Шымкент или Нур-Султан) не пропускает нужные для кожи лучи ультрафиолета. Особенно зимой, когда солнца в принципе мало, количество витамина Д в крови резко падает вниз. Тёмная кожа, беременность, расстройства ЖКТ, плохое питание – это всё факторы, препятствующие нормальному синтезу D. И конечно, чем старше мы становимся, тем хуже кожа работает на производство. Именно поэтому, врачи повсеместно советуют пить препараты витамина Д3, особенно в зимнее время.',1,'2019-12-19 10:08:51','2019-12-19 13:08:51','2019-12-19 13:08:51'),(250,'article',42,3,'image','/details/2019/12/19/5dfb4c5a6182b.jpg',1,'2019-12-19 10:09:30','2019-12-19 13:09:30','2019-12-19 13:09:30'),(251,'article',42,4,'description','Витамин Д3 имеет несколько форм:\r\n- масляная;\r\n- водная;\r\nВыбирать следует, опираясь на организм. \r\nМасляная форма, содержит конечно же, масло и сам витамин Д. Его можно принимать в том случае, если ваш ребёнок и вы, здоровы и не имеете аллергии.\r\nВодная форма – идеальный вариант для новорожденных. Так как их организм еще не в состоянии перерабатывать жиры, масляная форма просто не усвоится малышом. Эту форму также предпочтительно выбирать, если есть заболевания поджелудочной железы.\r\nИ напоследок, небольшая памятка.\r\nО чем нужно знать перед приёмом витаминов?\r\n1.	Витамин D нужно принимать с утра\r\n2.	Предварительно лучше сдать анализы, чтобы выяснить необходимую дозу\r\n3.	Дозу может подобрать только ваш лечащий врач\r\n4.	Обязательно сообщите врачу, если вы дополнительно принимаете другие БАДы или витамины. Так как, например, железо и кальций не могут приниматься одновременно.\r\nКакие признаки у малыша говорят о начале рахита?\r\n1.	Малыш сильно потеет, особенно во время кормления\r\n2.	Не держит голову, согласно возрасту\r\n3.	Беспокоится и излишне реагирует на свет\r\n4.	Залысины на затылки\r\nОбязательно, перед приобретением витаминов, сдавайте анализы и консультируйтесь с врачом, потому что навредить может как дефицит, так и профицит!\r\nБудьте здоровы!',1,'2019-12-19 10:10:06','2019-12-19 13:10:06','2019-12-19 13:10:06'),(252,'article',43,1,'citation','В круговороте информации, очень сложно понять, как же питаться во время кормления грудью',1,'2019-12-19 10:18:49','2019-12-19 13:18:49','2019-12-19 13:18:49'),(253,'article',43,2,'description','МИФ №1\r\nОт питания мамы, полностью зависят колики ребёнка. Каждый новый продукт приводит к приступам у малыша. \r\nПРАВДА\r\nСидя на голом бульоне и сухарях, вы ничем не поможете ребёнку. Разве что, сами станете более раздражительной от такого скудного питания. Однако доля правды всё же есть. Продукты, которые вызывают газообразование у вас, могут вызвать газообразование у малыша. Поэтому важно вести пищевой дневник.\r\n \r\nМИФ №2\r\nДиету нужно держать как можно дольше, потому что на незнакомые продукты у ребёнка может появиться аллергия\r\nПРАВДА\r\nБезусловно, аллергия может появиться. А может и нет. Не попробуете, не узнаете. Поэтому вводите в своё питание правило: один день – один продукт. В свой пищевой дневник, записываете то, что употребляете в течение дня и наблюдаете за малышом. Если за сутки никакой реакции не последовало – можно аккуратно увеличивать порцию. Сначала вводим простые овощи, каши и фрукты (яблоко, банан)\r\n\r\nМИФ №3\r\nПробиотики ничем не помогают\r\nПРАВДА\r\nПосле родов, многие мамы сталкиваются с проблемами ЖКТ и запорами. Пробиотики быстро восстановят микрофлору и к тому же, с молоком попадут в организм малыша. Это благотворно скажется на развитии его микрофлоры и помогут также в борьбе с коликами.\r\n\r\nМИФ №4\r\nПиво усиливает лактацию\r\nПРАВДА\r\nНет, нет и еще раз нет. В пиве содержатся полисахариды, которые по идее, способствуют лактации. Однако алкоголь берёт своё и угнетает выработку окситоцина, который напрямую связан с выработкой молока. Выпьете пива – молока станет меньше, его вкус изменится в худшую сторону, а также газы напитка усугубят колики.\r\nКстати, на вкус влияет абсолютно любая пища. Именно поэтому, первое время стоит воздержаться от пряных специй. Они могут сильно изменить вкус молока, и малыш откажется есть.\r\n\r\nМИФ №5\r\nПри болезни, нужно отнимать ребёнка от груди\r\nПРАВДА\r\nНет, не всегда. Если у вас обычная простуда, вы можете продолжать кормить грудью ребёнка. Более того, антитела, которые начали вырабатываться у вас против болезни, попадут с молоком к малышу. Это будет своеобразным щитом от болезни. Однако, если ваша болезнь требует терапии препартами, вам следует проконсультироваться с врачом и уточнить совместимость препарата с ГВ.\r\n\r\nНам удалось ответить на все ваши вопросы?',1,'2019-12-19 10:19:16','2019-12-19 13:19:16','2019-12-20 13:45:05'),(256,'development',7,1,'citation','Грудной период длится от 29-го дня жизни до 1 года',1,'2019-12-19 14:49:23','2019-12-19 17:49:23','2019-12-19 17:49:23'),(257,'development',7,2,'description','Второй месяц ознаменован нарастающими темпами физического развития:\r\n\r\nприбавка массы тела - в среднем на 800 гр.;\r\nувеличение длины тела - на 3 см.;\r\nувеличение окружности головы - на 1,5 см.\r\nК концу второго месяца ребенок умеет:\r\nудерживать головку несколько минут в вертикальном положении;\r\nлежа на животе поднимает голову под углом 45 градусов;\r\nулыбаться или смеяться;\r\nфокусировать взгляд;\r\nиздавать агукающие звуки.',1,'2019-12-19 14:51:30','2019-12-19 17:51:30','2019-12-19 17:51:30'),(258,'development',7,3,'image','/details/2019/12/19/5dfb8ea1b433e.png',1,'2019-12-19 14:52:17','2019-12-19 17:52:17','2019-12-19 17:52:17'),(259,'development',7,4,'description','Зрение\r\n\r\nПостепенно совершенствуется зрение малыша: ребенок длительно удерживает предмет в поле зрения, задерживает свой взгляд на лице взрослого, чаще смотрит в глаза. Выбирая игрушки, имейте в виду, что он наиболее вероятно предпочтет черно-белый цвет. Это может казаться несколько монотонным вашим полностью развитым глазам, но для ребенка этот контраст наиболее приятен.\r\n\r\nПодвесьте над кроваткой мобиль или яркую игрушку (предпочтительно красного цвета), теперь ребенок чаще и дольше будет останавливать на не свой взгляд. Однако, помните, что игрушка должна висеть на расстоянии 40-50 см. - именно такое расстояние способствует правильной фиксации взора. Внимание малыша стали привлекать движущиеся предметы. Он уже может проследить глазами за предметом, которым вы проводите над кроваткой из стороны в сторону. Когда ребенок видит Ваше лицо, пусть он видит ласковую улыбку. В этом случае он чувствует себя защищенным.\r\n\r\nИногда Вы можете заметить, что ребенок косит одним или обоими глазами. Не волнуйтесь. Если косоглазие \"вовнутрь\", то до определенного возраста это допустимо, это объясняется тем, что глазные мышцы ребенка еще слабы и не в состоянии контролировать движения глаз. Как правило, зрение корригируется к шести месяцам. Однако если глазки смотрят \"наружу\", то необходимо показать малыша детскому офтальмологу и неврологу, так как косоглазие может быть обусловлено врожденными или приобретенными заболеваниями центральной нервной системы.\r\n\r\nСлух\r\n\r\nМалыш начинает различать звуки. Если раньше на интенсивный звуковой раздражитель он просто вздрагивал всем телом, то теперь поворачивает головку в сторону звука, можете в этом убедиться, позвонив колокольчиком то с одной, то с другой стороны кроватки; прислушивается к музыке, разговору. Резкие и громкие интонации ему не нравятся, а вот ласковые и нежные слова способны вызвать у ребенка улыбку. Голос матери ребенок уже отличает от других, он привык к нему еще во время внутриутробного развития и воспринимает его как родной. Поэтому говорите с малышом, ваш крошечный ребенок в состоянии понять больше, чем вы можете ожидать. Для развития остроты слуха чаще включайте ненадолго мелодичную, тихую музыку.\r\n\r\nКоординация\r\n\r\nРефлексы новорожденного постепенно исчезают, на смену им появляются приобретенные условные рефлексы, связанные с вскармливанием и микроокружением. Движения малыша становятся более координированными. Если вы вложите в его руку погремушку, он сожмет ее пальцами, и некоторое время будет удерживать. Чтобы он отпустил погремушку, нужно постучать по тыльной стороне его кулачка.\r\n\r\nХватательный рефлекс сохраняется в течение примерно до 8 недели, после чего, по мере координирования движений глаз и рук, активное схватывание предметов становится более четким. Сжатие кулачков постепенно слабеет, и до конца второго месяца ладонь становится полностью открытой.\r\n\r\nДелайте массаж каждого пальчика по направлению к кончикам, как бы <потягивая> пальчики, но делать нужно очень осторожно. Детки любят, когда им разжимают и гладят ладошки.\r\n\r\nДо конца второго месяца жизни малыш должен до 15-20 секунд своими силами удерживать головку. В этом ему можно помочь: перед каждым кормлением, начиная с рождения, выкладывайте грудного ребенка на животик, сначала на 2-3 минутки, постепенно увеличивая время до 10-15 минут.\r\n\r\nРечь\r\n\r\nСамое главное - Ваш ребенок начинает издавать отдельные гласные звуки при разговоре с ним. Его крик становиться интонационно выразительным. К концу этого месяца горловые хрюкающие звуки сменяются звуками более высокой тональности и становятся более музыкальными.\r\n\r\nЭмоции\r\n\r\nВы можете наблюдать, как время от времени ребенок подает вам какой-нибудь знак, привлекая ваше внимание. По лицу ребенка можно определить, что он недоволен или, наоборот, всё его устраивает. Малыш может улыбнуться или даже засмеяться - это первые проявления удовлетворения и радости. Но не забывайте о знаках, показывающих, что ребенку не комфортно: отсутствие внимания, малыш отворачивает голову в сторону, морщиться, хнычет.\r\n\r\nМалыш вероятно попытается подражать выражениям вашего лица, поэтому не забывайте почаще улыбаться.\r\n\r\nВозможные проблемы\r\n\r\nРаскрытие ладошек позволяет большому пальцу малыша найти путь ко рту на вполне законных основаниях. Ведь еще в утробе он с удовольствием сосал пальчик. Это вызвано потребностью сосать и малыш самоуспокаивается. Особенно велика потребность ребенка в сосании в первые 3-4 месяца. Эксперты соглашаются, что сосание большого пальца в этом возрасте не будет приводить к долгосрочным зубным проблемам, однако если вас это настораживает, попробуйте увеличить время сосания - просто чаще предлагайте грудь и подольше держите у нее. Если ребенок на искусственном вскармливании - подберите более жесткую соску, из которой сосать будет достаточно трудно, в этом случае на поглощение той же порции смеси малышу понадобится больше времени, чем раньше. Если вы решили воспользоваться соской-пустышкой, то выбирайте ортодонтические со скошенным концом. Такая соска наиболее физиологически повторяет форму неба и более щадящие для прикуса. И помните, что у деток, которых мама долго кормит грудью (причем, не по режиму, а по требованию), такой привычки, как правило, не наблюдается.',1,'2019-12-19 14:55:07','2019-12-19 17:55:07','2019-12-19 17:55:07'),(262,'consultation_answer',9,1,'citation','Да',1,'2019-12-19 16:00:20','2019-12-19 19:00:20','2019-12-19 19:00:20'),(263,'consultation_answer',9,2,'description','Это будет ответ!',1,'2019-12-19 16:00:34','2019-12-19 19:00:34','2019-12-19 19:00:34'),(264,'consultation_answer',9,3,'image','/details/2019/12/19/5dfb9eb5cb421.png',1,'2019-12-19 16:00:53','2019-12-19 19:00:53','2019-12-19 19:00:53'),(265,'consultation_answer',29,1,'title','gfhtfyfuy',1,'2019-12-20 11:12:08','2019-12-20 14:12:08','2019-12-20 14:12:08'),(266,'consultation_answer',32,1,'description','Ваш вопрос принят в обработку. Мы очень скоро Вам ответим. Спасибо!!!',1,'2019-12-20 11:40:19','2019-12-20 14:40:19','2019-12-20 14:40:29'),(267,'feeding',11,1,'citation','Первое!',1,'2019-12-20 13:21:32','2019-12-20 16:21:32','2019-12-20 16:21:32'),(268,'feeding',11,2,'description','Текст',1,'2019-12-20 13:21:49','2019-12-20 16:21:49','2019-12-20 16:21:49'),(269,'feeding',11,3,'image','/details/2019/12/20/5dfccb08c08e8.png',1,'2019-12-20 13:22:16','2019-12-20 16:22:16','2019-12-20 16:22:16'),(270,'feeding',14,1,'description','Продукты (на 6 порций):\r\n\r\nМасло сливочное - 50 г (1/4 стакана)\r\nЛук репчатый крупный (почищенный и нашинкованный) - 2 шт.\r\nКартофель (почищенный и порезанный кубиками) - 680 г\r\nГорячий куриный бульон - 1,75 л (7 1/2 стакана)\r\nСоль и черный молотый перец по вксу\r\nНемного молока если это будет необходимо\r\nЗеленый лук (резаный) для украшения\r\n\r\n1. В большой толстостенной кастрюле разогреть сливочное масло, высыпать лук, хорошо перемешать, накрыть крышкой и томить на минимальном огне около 10 минут.\r\n\r\n2. Высыпать в кастрюлю с луком резаный картофель, перемешать, посолить и поперчить, накрыть и готовить на среднем огне еще около 10 минут.\r\n\r\n3. Добавить в кастрюлю с овощами бульон, довести до кипения, уменьшить огонь и варить до мягкости картофеля, около 20-25 минут.\r\n\r\n4. Убрать кастрюлю с плиты и помешивая, слегка охладить.\r\n\r\n5. Охлажденные овощи вместе с жидкостью протереть через сито или пюрировать в кухонном процессоре. Перелить полученное пюре назад в кастрюлю, в которой варились овощи, на среднем огне довести картофельный суп-пюре до кипения, посолить и поперчить по вкусу. Если суп получится сильно густым, можно разбавить его молоком, доведя до нужной консистенции.\r\n\r\n6. Подавать картофельный суп-пюре сразу же, украсив резаным зеленым луком.',1,'2019-12-21 07:07:10','2019-12-21 10:07:10','2019-12-21 10:07:10'),(271,'feeding',15,1,'description','ИНГРЕДИЕНТЫ\r\n\r\nмолоко	200 мл\r\nяйцо	1 шт\r\nкрахмал картофельный	1 ст.л.\r\nсахар	20 г\r\nбанан	1 шт\r\nсливочное масло	1 ст.л.\r\nванилин\r\n\r\nБанан пюрировать в блендере.\r\nМолоко с сахаром и ванилином довести до кипения.\r\nВзбить яйца с крахмалом.\r\nТоненькой струйкой при непрерывном помешивании влить яичную смесь в кипящее молоко.\r\nПроварить на медленном огне до загустения.\r\nСнять с огня и сразу же вмешать пюре и масло.\r\nРазлить по порциям и остудить в холодильнике хотя бы часа 3.',1,'2019-12-21 07:33:16','2019-12-21 10:33:16','2019-12-21 10:33:16'),(272,'feeding',16,1,'description','Ингредиенты\r\n\r\n300г. тыквы\r\n300г. яблок\r\n3/4 стакана солока\r\n2 яйца\r\n2-3 ст. ложки сахара\r\n1-1/2 ст. ложки панировочных сухарей\r\n1-1/2 ст. ложки манной крупы\r\n2-3 ст. ложки сливочного масла\r\nмолотая корица по вкусу\r\n1 ст. ложка сметаны\r\n\r\nОчищенную тыкву нарежьте и припустите до полуготовности в молоке с добавлением масла. Добавте очищенные и нарезанные яблоки и припустите до готовности. Всыпте манную крупу. Массу тщательно перемешайте,варите5 минут,а затемохладите.Введитерастёртые с сахаром яичные желтки и снова хорошо перемешайте. Добавте корицу, взбитые в пену яичные белки и осторожно перемешайте.\r\n\r\nМассу выложите на смазанный маслом и посыпанный сухарями противень, разровняйте поверхность,смажте смешанной с яйцом сметаной и запекайте в духовке.\r\n\r\nПри подаче нарежте на порции и полейте сметаной.',1,'2019-12-21 08:23:35','2019-12-21 11:23:35','2019-12-21 11:23:35'),(273,'feeding',17,1,'description','Молочные смеси - настоящее спасение для тех мам, которые по каким-либо причинам не могут кормить ребенка грудью. Однако искусственное вскармливание имеет свои тонкости, плюсы и минусы. Как правильно выбрать смесь, сколько раз в день кормить ребенка, когда вводить прикорм?\r\n\r\nИскусственным называется вскармливание, когда грудное молоко либо полностью отсутствует, либо его доля составляет менее 1/5 суточного рациона ребенка.\r\n\r\nКакие бывают смеси:\r\nСмеси делятся на адаптированные, частично адаптированные и неадаптированные.\r\n\r\n\r\nНачальные молочные смеси предназначены для вскармливания детей первого полугодия жизни, поэтому должны быть адаптированными (как правило, они отмечены цифрой «1» на упаковке).\r\n\r\nСтартовые смеси по составу максимально приближены к составу женского молока. Они содержат аминокислоты, нуклеотиды, таурин, карнитин, инозит, играющие важную роль в развитии центральной нервной системы, зрительных функций, бронхолегочной системы, пищеварительного тракта и т. д.\r\n\r\nПоследующие молочные смеси - адаптированные (максимально приближенные к составу женского молока) или частично адаптированные (частично приближенные к составу женского молока) смеси на основе молока коровы или других сельскохозяйственных животных, предназначенные для вскармливания детей старше 6 месяцев жизни в сочетании с продуктами прикорма.\r\n\r\nОни содержат больше белка, имеют более высокую энергетическую ценность, повышенное содержание железа. Так как к 6-месячному возрасту запасы железа, полученные от матери во внутриутробном периоде, истощаются.\r\nСмеси от «0 до 12 месяцев» могут применяться на протяжении всего первого года жизни ребенка.\r\nК неадаптированным относят цельное коровье молоко, кефир и др. Применение этих продуктов желательно отложить хотя бы месяцев до 8.\r\n\r\nЕсть смеси пресные и кисломолочные. Адаптированные кисломолочные смеси могут вводиться в питание детей наряду с пресными молочными с первых недель жизни. При этом возможно комбинировать их в соотношении 2:1 - 1:1, особенно при нарушениях процессов пищеварения.\r\nПрименение только кисломолочных смесей (особенно с высокой кислотностью) может вызвать срыгивания, отказ ребенка от продукта.\r\n\r\n\r\nКак приготовить смесь?\r\n1. Главное правило - чистота. Перед кормлением тщательно вымойте руки, горячей водой (можно с добавлением пищевой соды) помойте бутылочку и соску. Стерилизация бутылочек проводится кипячением в течение 5-10 минут. Перед использованием бутылочку требуется высушить.\r\n2. При приготовлении смеси творчество недопустимо, требуется строго следовать инструкции на упаковке: порошка больше, чем нужно, не сыпать, смесь разбавлять водой (не молоком)!\r\n3. После приготовления смесь может храниться не более 1 часа при комнатной температуре, в холодильнике - дольше, но лучше не экспериментировать и, если малыш уснул, так и не поев, вылить, а по мере требования приготовить новую.\r\n\r\n4. Температура смеси примерно должна быть равна температуре тела (36-40 градусов).\r\nТехника кормления\r\n\r\nОтверстие в соске не должно быть большим. Если перевернуть бутылочку, смесь должна вытекать каплями.\r\n\r\nСмесь должна быть хорошо перемешана и не содержать комочков.',1,'2019-12-21 08:29:24','2019-12-21 11:29:24','2020-01-06 06:51:39'),(274,'consultation_answer',36,1,'title','Откуда берётся простуда',1,'2019-12-22 05:34:54','2019-12-22 08:34:54','2019-12-22 08:34:54'),(275,'consultation_answer',36,2,'image','/details/2019/12/22/5dff00c78b621.jpg',1,'2019-12-22 05:36:07','2019-12-22 08:36:07','2019-12-22 08:36:07'),(276,'consultation_answer',36,3,'description','Простуду вызывает вовсе не холод, как можно подумать исходя из её названия. Обычно простуда — это вирусная инфекция, то, что в карточках обозначают аббревиатурой ОРВИ.\r\n\r\nВокруг нас существует огромное количество вирусов, которые вызывают похожие симптомы. Вирусы распространяются через воздух или прикосновения Common cold  в местах, где собирается много людей: в транспорте, офисах, школах. Когда микробы попадают в организм, наш иммунитет отвечает на атаку и вырабатывает антитела — защитные белки, которые убивают вирус. На это уходит несколько дней, от трёх до десяти, а после иммунитет уничтожает микроб.\r\n\r\nВирусы распространяются в холодное время года, и точно не известно, почему так происходит. Есть теория, что при низких температурах наш иммунитет слабеет и хуже отражает атаки вирусов Can Being Cold Really Make You Sick? . Это значит, что в простуде виновата всё же не забытая шапочка, а неготовность организма к борьбе с микробами.\r\n\r\nКстати, грипп тоже относится к тем самым «простудным» ОРВИ, но это куда более сложный и опасный вирус. Как с ним справляться, Лайфхакер уже писал.',1,'2019-12-22 05:37:01','2019-12-22 08:37:01','2019-12-22 08:37:01'),(277,'forum',50,1,'title','Избежать от простуды',1,'2019-12-22 06:22:22','2019-12-22 09:22:22','2019-12-22 09:22:22'),(278,'forum',50,2,'image','/details/2019/12/22/5dff0baa3d35d.jpg',1,'2019-12-22 06:22:34','2019-12-22 09:22:34','2019-12-22 09:22:34'),(279,'feeding',22,1,'title','Начало',1,'2019-12-23 04:51:44','2019-12-23 07:51:44','2019-12-23 07:51:44'),(280,'feeding',22,2,'description','Составляя меню на Новый год, не могла не вспомнить про торт \"Красный бархат\". Наступающий год пройдет под покровительством Огненной Обезьяны. Поэтому яркий красный торт ее обязательно порадует! \r\n\r\nНесколько рецептов этого торта уже есть на сайте. Но мой рецепт с ними не совпадает. Фотографии почти годовалой давности, пекла торт на день рождение мужа. Торт безумно всем понравился. В общем, рекомендую!',1,'2019-12-23 04:51:51','2019-12-23 07:51:51','2019-12-23 07:51:51'),(281,'feeding',22,3,'image','/details/2019/12/23/5e0047ff1cfb7.jpg',1,'2019-12-23 04:52:15','2019-12-23 07:52:15','2019-12-23 07:52:15'),(282,'feeding',23,1,'citation','Давать такое пюре можно только детям, у которых нет аллергии на манго, причем плоды должны быть спелыми, без темных пятен и без волокон внутри.',1,'2019-12-23 06:44:07','2019-12-23 09:44:07','2019-12-23 09:44:07'),(283,'feeding',23,2,'title','Ингредиенты',1,'2019-12-23 06:45:15','2019-12-23 09:45:15','2019-12-23 09:45:15'),(284,'feeding',23,3,'description','Манго       1 шт.',1,'2019-12-23 06:45:41','2019-12-23 09:45:41','2019-12-23 09:45:41'),(285,'feeding',23,4,'title','Шаг 1',1,'2019-12-23 06:46:06','2019-12-23 09:46:06','2019-12-23 09:46:18'),(286,'feeding',23,5,'description','Манго вымыть, почистить, порезать на кусочки.',1,'2019-12-23 06:46:43','2019-12-23 09:46:43','2019-12-23 09:46:43'),(287,'feeding',23,6,'title','Шаг 2',1,'2019-12-23 06:47:20','2019-12-23 09:47:20','2019-12-23 09:47:20'),(288,'feeding',23,7,'description','Поместить нарезанное манго в небольшую кастрюлю, влить 250 мл воды, поставить на огонь и довести до кипения, затем убавить огонь и варить 5 минут.',1,'2019-12-23 06:48:01','2019-12-23 09:48:01','2019-12-23 09:48:01'),(289,'development',9,1,'citation','Этот период жизни ребенка знаменуется всплеском эмоционального развития',1,'2019-12-23 06:59:59','2019-12-23 09:59:59','2019-12-23 09:59:59'),(290,'development',9,2,'description','Третий месяц - период ускорения:\r\n\r\nприбавка массы тела в конце месяца увеличится в среднем на 800 г;\r\n\r\nувеличение длины тела - на 2,5 см.;\r\n\r\nувеличение окружности головы - на 1,5 см;\r\n\r\nгрудной клетки - чуть более 1 см.\r\n\r\nЭтот период жизни ребенка знаменуется всплеском эмоционального развития: активно реагирует на близких людей, много улыбается, агукает. Стоит маме или папе подойти к кроватке и заговорить с ребенком, и он с готовностью ответит Вам самой широкой улыбкой и оживленными движениями ручек и ножек. Ребенок не просто улыбается, он реагирует на взрослого движениями всего тела, откликается эмоционально. В медицине такая эмоционально-двигательная реакция младенца на появление взрослого называется <комплекс оживления>. Это одно из свидетельств нормального психофизического развития малыша. Дети с замедленным развитием, прежде всего, отстают именно в появлении комплекса оживления.',1,'2019-12-23 07:00:26','2019-12-23 10:00:26','2019-12-23 10:00:26'),(291,'development',9,3,'image','/details/2019/12/23/5e00665093e10.png',1,'2019-12-23 07:01:36','2019-12-23 10:01:36','2019-12-23 10:01:36'),(292,'development',9,4,'description','Физическое развитие\r\n\r\nРебенок уже пытается переворачиваться на бок, и чаще - на излюбленную сторону, что связано с особенностями становления тонуса, положением младенца в утробе матери. Можно помочь малышу несложными упражнениями для выравнивания мышечного тонуса. Для этого необходимо положить яркие интересные малышу игрушки с той стороны, на которую малыш поворачиваться не любит.\r\n\r\nВ вертикальном положении на руках уверенно удерживает голову, лежа на животе может даже немного приподнимать плечи, старается опереться на локти.\r\n\r\nХарактерно для трехмесячного ребенка соединять вместе свои ручки, внимательно их рассматривать, тянуть их в рот, сосать пальчики и кулачок.\r\n\r\nХватательный рефлекс исчезает, малыш разжимает кулачки - ладонь распрямляется. Появляется желание протянуть и ухватиться (зацепиться) ручками за все предметы, какие ему доступны - за край простыни, мамины волосы, папины очки. Нацелившись что-то схватить, ребенок чаще всего промахивается, чем хватает, движения его плохо координированы и выглядят резкими. Но способен удержать в руке игрушку, которую Вы ему дадите, и играть с нею - греметь.',1,'2019-12-23 07:02:16','2019-12-23 10:02:16','2019-12-23 10:02:16'),(293,'forum',46,1,'description','Подскажите, как уложить ребенка спать без мучений?',1,'2019-12-24 07:01:16','2019-12-24 10:01:16','2019-12-24 10:01:16'),(318,'consultation_answer',44,NULL,'title','qwqdsasdasd',1,'2019-12-25 10:47:44','2019-12-25 13:47:44','2019-12-25 13:47:44'),(319,'consultation_answer',44,NULL,'title','qwdasdasdas',1,'2019-12-25 10:50:05','2019-12-25 13:50:05','2019-12-25 13:50:05'),(320,'consultation_answer',37,NULL,'title','bcvxxvbnvcxv',1,'2019-12-25 10:58:24','2019-12-25 13:58:24','2019-12-25 13:58:24'),(358,'event',32,1,'title','6bxe73dud3hud3h7',1,'2019-12-28 12:40:19','2019-12-28 15:40:19','2019-12-28 15:40:19'),(359,'event',32,2,'description','610918300236 g7dg3s7s2gg7s2vu1avu2z2vus1svus1ys1vy1s',1,'2019-12-28 12:40:19','2019-12-28 15:40:19','2019-12-28 15:40:19'),(368,'forum',82,1,'title','Gggg',1,'2019-12-28 13:52:24','2019-12-28 16:52:24','2019-12-28 16:52:24'),(369,'forum',82,2,'description','Y7c7c 7v7u Flow kvuy 9vasaasssdwssscccdcwss. Y Togda. ne narselerdi. Y',1,'2019-12-28 13:52:24','2019-12-28 16:52:24','2019-12-28 16:52:24'),(380,'consultation_answer',56,NULL,'citation','Это Маска!',1,'2019-12-30 14:15:25','2019-12-30 17:15:25','2019-12-30 17:15:25'),(381,'consultation_answer',56,NULL,'description','Уважаемый! Вы здоровы!',1,'2019-12-30 14:15:44','2019-12-30 17:15:44','2019-12-30 17:15:44'),(384,'article',43,NULL,'title','Заголовок',1,'2019-12-30 17:06:19','2019-12-30 20:06:19','2019-12-30 20:06:19'),(385,'article',43,NULL,'description','Текст',1,'2019-12-30 17:06:31','2019-12-30 20:06:31','2019-12-30 20:06:31'),(393,'event',35,1,'title','оооооо',1,'2020-01-06 10:10:36','2020-01-06 13:10:36','2020-01-06 13:10:36'),(394,'event',35,2,'description','уововлвлалалалвлалалалалащащласщащдададвдвдвжвжвжвжвдвжвжвждвжвжваждвдв',1,'2020-01-06 10:10:36','2020-01-06 13:10:36','2020-01-06 13:10:36'),(399,'event',38,1,'title','Ouuuu',1,'2020-01-06 10:52:49','2020-01-06 13:52:49','2020-01-06 13:52:49'),(400,'event',38,2,'description','Gfgdhshs ehehbebebe ebennenenebenene eebebeebbebebehebehe',1,'2020-01-06 10:52:49','2020-01-06 13:52:49','2020-01-06 13:52:49'),(404,'forum',86,1,'title','кеттік',1,'2020-01-08 11:41:01','2020-01-08 14:41:01','2020-01-08 14:41:01'),(405,'forum',86,2,'description','лалалалалалалашшашалалалалащащащащащащщащащащащащщащащащащаа',1,'2020-01-08 11:41:01','2020-01-08 14:41:01','2020-01-08 14:41:01'),(417,'consultation',66,1,'title','Asdwqqweqweadsd',1,'2020-01-10 13:17:52','2020-01-10 16:17:52','2020-01-10 16:17:52'),(418,'consultation',66,2,'description','QWEQWDACZXCasddddddddddddddddddddddddddddddddddddddddddddddddddddddddddddddddddddddddwqqaxczxc',1,'2020-01-10 13:17:53','2020-01-10 16:17:53','2020-01-10 16:17:53'),(431,'consultation',67,1,'title','hd',1,'2020-01-10 13:21:07','2020-01-10 16:21:07','2020-01-10 16:21:07'),(432,'consultation',67,2,'description','bdbdueheueheiebevuevehevebevevebevrhrbrbvrhrvrvrvr rve',1,'2020-01-10 13:21:07','2020-01-10 16:21:07','2020-01-10 16:21:07'),(434,'feeding',32,NULL,'title','Молочно-морковный смузи',1,'2020-01-11 10:24:23','2020-01-11 13:24:23','2020-01-11 13:24:23'),(435,'feeding',32,NULL,'description','Вместо моркови можно использовать яблоко, а можно и то, и другое.\r\nИз указанного количества ингредиентов получается 3–4 порции.\r\n\r\n- 300 г моркови\r\n- 50 г сахара\r\n- 250 г детского пюре (фруктового)\r\n- 200 мл сливок или молока\r\n\r\nМорковь натереть на мелкой терке.\r\nВ блендер положить морковь, пюре, сливки, сахар.\r\nВсе хорошо взбить.\r\nПриятного аппетита!',1,'2020-01-11 10:26:45','2020-01-11 13:26:45','2020-01-11 13:26:45'),(436,'consultation',68,1,'title','ролнпаааа',1,'2020-01-14 03:04:11','2020-01-14 06:04:11','2020-01-14 06:04:11'),(437,'consultation',68,2,'description','ррлдмомгпгпгпаггппгпшпшпшплпшпшршплплплрдррдрддрдрдррддо\nжб ж',1,'2020-01-14 03:04:11','2020-01-14 06:04:11','2020-01-14 06:04:11'),(445,'vaccine',29,NULL,'description','В 1 - 4 дни жизни ребенка (еще в роддоме) – делают прививки от туберкулеза (БЦЖ) и гепатита В. Ревакцинация в 6 лет.',1,'2020-01-15 08:24:54','2020-01-15 11:24:54','2020-01-15 11:24:54'),(446,'vaccine',30,NULL,'description','В 2 месяца малыши получают комплексную прививку против гепатита, полиомиелита, коклюша, дифтерии и столбняка (АКДС) и гемофильной инфекции типа b, а также вакцину от пневмококковой инфекции.',1,'2020-01-15 08:31:34','2020-01-15 11:31:34','2020-01-15 11:31:34'),(447,'vaccine',31,NULL,'description','В 2 месяца малыши получают комплексную прививку против гепатита, полиомиелита, коклюша, дифтерии и столбняка (АКДС) и гемофильной инфекции типа b, а также вакцину от пневмококковой инфекции.',1,'2020-01-15 08:33:30','2020-01-15 11:33:30','2020-01-15 11:33:30'),(448,'vaccine',32,NULL,'description','В 2 месяца малыши получают комплексную прививку против гепатита, полиомиелита, коклюша, дифтерии и столбняка (АКДС) и гемофильной инфекции типа b, а также вакцину от пневмококковой инфекции.',1,'2020-01-15 08:35:50','2020-01-15 11:35:50','2020-01-15 11:35:50'),(449,'vaccine',33,NULL,'description','В 2 месяца малыши получают комплексную прививку против гепатита, полиомиелита, коклюша, дифтерии и столбняка (АКДС) и гемофильной инфекции типа b, а также вакцину от пневмококковой инфекции.',1,'2020-01-15 08:36:46','2020-01-15 11:36:46','2020-01-15 11:36:46'),(450,'vaccine',34,NULL,'description','В 2 месяца малыши получают комплексную прививку против гепатита, полиомиелита, коклюша, дифтерии и столбняка (АКДС) и гемофильной инфекции типа b, а также вакцину от пневмококковой инфекции.',1,'2020-01-15 08:38:14','2020-01-15 11:38:14','2020-01-15 11:38:14'),(451,'vaccine',15,NULL,'description','В 3 месяца делают повторные прививки от коклюша, дифтерии и столбняка (АКДС), полиомиелита и гемофильной инфекции типа b.',1,'2020-01-15 08:41:56','2020-01-15 11:41:56','2020-01-15 11:41:56'),(452,'vaccine',35,NULL,'description','В 3 месяца делают повторные прививки от коклюша, дифтерии и столбняка (АКДС), полиомиелита и гемофильной инфекции типа b.',1,'2020-01-15 08:42:14','2020-01-15 11:42:14','2020-01-15 11:42:14'),(453,'vaccine',36,NULL,'description','В 3 месяца делают повторные прививки от коклюша, дифтерии и столбняка (АКДС), полиомиелита и гемофильной инфекции типа b.',1,'2020-01-15 08:42:54','2020-01-15 11:42:54','2020-01-15 11:42:54'),(454,'vaccine',37,NULL,'description','В 4 месяца – 3 этап вакцинирования от гепатита, полиомиелита, гемофильной инфекции типа b и коклюша, дифтерии и столбняка, а также 2-ая прививка от пневмококковой инфекции.',1,'2020-01-15 09:08:35','2020-01-15 12:08:35','2020-01-15 12:08:35'),(455,'vaccine',38,NULL,'description','В 4 месяца – 3 этап вакцинирования от гепатита, полиомиелита, гемофильной инфекции типа b и коклюша, дифтерии и столбняка, а также 2-ая прививка от пневмококковой инфекции.',1,'2020-01-15 09:11:14','2020-01-15 12:11:14','2020-01-15 12:11:14'),(456,'vaccine',39,NULL,'description','В 4 месяца – 3 этап вакцинирования от гепатита, полиомиелита, гемофильной инфекции типа b и коклюша, дифтерии и столбняка, а также 2-ая прививка от пневмококковой инфекции.',1,'2020-01-15 09:12:39','2020-01-15 12:12:39','2020-01-15 12:12:39'),(457,'vaccine',40,NULL,'description','В 4 месяца – 3 этап вакцинирования от гепатита, полиомиелита, гемофильной инфекции типа b и коклюша, дифтерии и столбняка, а также 2-ая прививка от пневмококковой инфекции.',1,'2020-01-15 09:15:36','2020-01-15 12:15:36','2020-01-15 12:15:36'),(458,'vaccine',18,NULL,'description','В возрасте 12-15 месяцев нужно сделать прививку от кори, краснухи и паротита (свинки), повторить вакцинирование от полиомиелита и пневмококковой инфекции.',1,'2020-01-15 09:22:21','2020-01-15 12:22:21','2020-01-15 12:22:21'),(459,'vaccine',41,NULL,'description','В возрасте 12-15 месяцев нужно сделать прививку от кори, краснухи и паротита (свинки), повторить вакцинирование от полиомиелита и пневмококковой инфекции.',1,'2020-01-15 09:24:02','2020-01-15 12:24:02','2020-01-15 12:24:02'),(460,'vaccine',42,NULL,'description','В возрасте 12-15 месяцев нужно сделать прививку от кори, краснухи и паротита (свинки), повторить вакцинирование от полиомиелита и пневмококковой инфекции.',1,'2020-01-15 09:24:47','2020-01-15 12:24:47','2020-01-15 12:24:47'),(461,'vaccine',19,NULL,'description','В 1,5 года делается ревакцинация АКДС, полиомиелита и гемофильной инфекции типа b. Еще несколько прививок ждут детей в школьном возрасте.',1,'2020-01-15 09:27:08','2020-01-15 12:27:08','2020-01-15 12:27:08'),(462,'vaccine',43,NULL,'description','В 1,5 года делается ревакцинация АКДС, полиомиелита и гемофильной инфекции типа b. Еще несколько прививок ждут детей в школьном возрасте.',1,'2020-01-15 09:27:20','2020-01-15 12:27:20','2020-01-15 12:27:20'),(463,'vaccine',44,NULL,'description','В 1,5 года делается ревакцинация АКДС, полиомиелита и гемофильной инфекции типа b. Еще несколько прививок ждут детей в школьном возрасте.',1,'2020-01-15 09:27:56','2020-01-15 12:27:56','2020-01-15 12:27:56'),(464,'vaccine',20,NULL,'description','В 6 лет (в 1 классе) еще раз делается БЦЖ, прививка от кори, краснухи и паротита и АКДС.',1,'2020-01-15 09:30:07','2020-01-15 12:30:07','2020-01-15 12:30:07'),(465,'vaccine',45,NULL,'description','В 6 лет (в 1 классе) еще раз делается БЦЖ, прививка от кори, краснухи и паротита и АКДС.',1,'2020-01-15 09:30:40','2020-01-15 12:30:40','2020-01-15 12:30:40'),(466,'vaccine',46,NULL,'description','В 6 лет (в 1 классе) еще раз делается БЦЖ, прививка от кори, краснухи и паротита и АКДС.',1,'2020-01-15 09:31:46','2020-01-15 12:31:46','2020-01-15 12:31:46'),(467,'vaccine',21,NULL,'description','В 16 лет делается прививка от столбняка и дифтерии (АДС-м), которую в дальнейшем нужно будет повторять каждые 10 лет.',1,'2020-01-15 09:33:05','2020-01-15 12:33:05','2020-01-15 12:33:05'),(475,'event',59,2,'description','Aaaasjsjsjsjsjskskskkskskskskkskskskskskskksksksksk',1,'2020-01-17 05:47:04','2020-01-17 08:47:04','2020-01-17 08:47:04'),(484,'event',64,2,'description','QWDASCZXCZXCZXCZCQWDASCZXCZXCZXCZCQWDASCZXCZXCZXCZC',1,'2020-01-17 09:24:15','2020-01-17 12:24:15','2020-01-17 12:24:15'),(485,'event',65,2,'description','Анввоышыыщышыыллыыылру утиуу у у ууиууиууииуруруруооу',1,'2020-01-17 12:01:22','2020-01-17 15:01:22','2020-01-17 15:01:22'),(488,'consultation',70,2,'description','Можно ли вылечить простуду быстро и как это сделать?',1,'2020-01-17 06:28:52','2020-01-17 09:28:52','2020-01-17 09:33:28'),(490,'consultation',69,2,'description','Добрый день! Такой вопрос, рожала в феврале, дело в том что когда родила мне сказали что у ребенка первая положительная группа крови, НО в выписке я вычитала только сейчас что написано третья отрицательная, так вот, к кому мне обратиться по этому поводу? остаются ли в роддоме какие либо документы, где можно все это разузнать? Педиатр сказала что такое может быть, но анализы рано брать на группу крови, помогите, это очень важно!',1,'2020-01-14 03:26:31','2020-01-14 06:26:31','2020-01-20 10:31:56'),(491,'consultation_answer',69,NULL,'description','Простуда на самом деле проходит сама собой примерно за неделю, когда появляются антитела. Но мы можем помочь организму легче перенести болезнь.\r\nОставайтесь дома и отдыхайте\r\nКонечно, мы очень заняты и не можем себе позволить расслабляться из-за насморка. Но организм тоже очень занят: он завален борьбой с вирусами. И его дедлайн важнее.\r\nПейте больше жидкости\r\nЭто не совет из серии «пейте восемь стаканов в день». Жидкость действительно нужна при простуде. Компот из сухофруктов или тёплый чай помогает справиться с неприятными симптомами. В день надо выпить на 3–5 чашек больше, чем когда вы здоровы.',1,'2020-01-20 11:20:02','2020-01-20 14:20:02','2020-01-20 14:20:02'),(492,'consultation_answer',68,NULL,'description','Обратитесь в роддом, у них сохраняется документация на детей.',1,'2020-01-20 11:20:32','2020-01-20 14:20:32','2020-01-20 14:20:32'),(494,'event',67,NULL,'description','2 - 3 марта 2019 года в Астане пройдет очередной эко-фестиваль Organic Nauryz Festival. В празднике здоровья и правильного питания примут участие более 60 участников - компании и производители, реализующие экопродукцию,  в том числе, казахстанские экобренды. Гостями площадки станут Динара Сатжан, Айгуль Мукей, Ляйла Султанкызы, Санди Султан и многие известные блогеры.\r\nOrganic Nauryz Festival - это мастер-классы и public-talks на тему трансформации личности, гостей экофестиваля ждет розыгрыш ценных призов от участников и спонсоров. Часть дохода от фестиваля пойдет на благотворительность.\r\n\r\nВход для всех желающих бесплатный.',1,'2020-01-20 13:56:15','2020-01-20 16:56:15','2020-01-20 16:56:15'),(495,'event',73,NULL,'description','В постановку вошли три классические русские сказки — «Репка», «Теремок» и «Маша и медведь», в которых заключены добрые истины, прививаемые нам всем с детства.\r\n\r\nСказка «Репка» учит тому, что для того, чтобы вытащить из земли огромную репку, не обойтись, порой, без маленькой мышки. В сказке «Маша и медведь» маленькая девочка Маша с помощью хитрости и находчивости заставила большого и сильного медведя вернуть ее к бабушке и дедушке. Ну а в «Теремке» нашли приют разные звери – от маленькой мухи до большого волка, пока огромный медведь не раздавил милый дом, а это значит, что нужно строить новый!',1,'2020-01-20 14:50:36','2020-01-20 17:50:36','2020-01-20 17:50:36'),(496,'event',74,NULL,'description','Выставка «Образование за рубежом», на которой можно будет получше узнать об образовании в США, Канаде, Великобритании, Германии, Нидерландах, Чехии и Сингапуре и получить подробную консультацию, задать все свои вопросы напрямую представителям учебных заведений из этих стран. Будут освещены визовые вопросы и требования для поступления. Также на выставке поделятся опытом студентов и ответят на актуальные бытовые и финансовые вопросы для всех, кто планирует получить образование за рубежом.',1,'2020-01-20 15:18:25','2020-01-20 18:18:25','2020-01-20 18:18:25'),(497,'event',75,2,'description','Ыовлвддвдвжвжвжвжжввжжсжсжсжсжжчжвжжвжвжвжжжвжвжвжж',1,'2020-01-20 15:58:11','2020-01-20 18:58:11','2020-01-20 18:58:11'),(500,'consultation',73,2,'description','Товалвлвдвддададажажажажажажажжвжвжвжвжвжвжвжвжвжвжжвжжвв',1,'2020-01-20 16:46:06','2020-01-20 19:46:06','2020-01-20 19:46:06'),(505,'event',112,2,'description','Аовововаььвьвьвьвьввьвьвьвввббвьввьвььвьввььввьвьу',1,'2020-01-21 13:30:51','2020-01-21 16:30:51','2020-01-21 16:30:51'),(506,'event',113,2,'description','Уггцгцгцйшццмуцццугурурупупуруруруррурурурцрццрцруоун',1,'2020-01-21 13:31:22','2020-01-21 16:31:22','2020-01-21 16:31:22'),(507,'event',114,2,'description','кетаоалалалалаллалащащпщпщпщпщпщпщпщпщпщпщщпщпщпщпщпп',1,'2020-01-21 13:32:57','2020-01-21 16:32:57','2020-01-21 16:32:57'),(508,'blog',7,NULL,'citation','Расслабляемся перед родами',1,'2020-01-22 07:29:17','2020-01-22 10:29:17','2020-01-24 07:53:25'),(511,'consultation',75,2,'description','bdbdbdbjsndbeknsbdjdbdbdbdhdbdbdirbribrbrktktbtbbtt',1,'2020-01-22 10:10:23','2020-01-22 13:10:23','2020-01-22 13:10:23'),(512,'consultation',76,2,'description','shhebebd dbdbdbjdbbdbdhdhddjdhdbdhdhdbdbdhdhdhhdbfbfbbfb',1,'2020-01-22 10:11:01','2020-01-22 13:11:01','2020-01-22 13:11:01'),(513,'consultation',77,2,'description','hsshaishahaisidusnskdidhsjdjdsjjdjdjsjjsjsjsjssjsjsjjs',1,'2020-01-22 10:17:16','2020-01-22 13:17:16','2020-01-22 13:17:16'),(514,'forum',105,NULL,'description','В каких случаях не стоит сразу хвататься за обезболивающие и как правильно принимать эти таблетки?',1,'2020-01-22 10:47:53','2020-01-22 13:47:53','2020-01-22 13:47:53'),(523,'forum',110,1,'title','Прививки - быть или не быть?',1,'2020-01-23 06:26:30','2020-01-23 09:26:30','2020-01-23 09:26:30'),(524,'forum',110,2,'description','Повседневная практика показывает, что постоянное информационно-пропагандистское обеспечение нашей деятельности требуют определения и повседневная практика показывает, что постоянное информационно-пропагандистское обеспечение нашей деятельности требуют определения и что постоянное информационно-пропагандистское обеспечение нашей деятельности требуют определения.',1,'2020-01-23 06:26:30','2020-01-23 09:26:30','2020-01-23 09:26:30'),(529,'blog',7,NULL,'description','Этот способ состоит в том, что мы вызываем расслабление в одной точке или мышце нашего тела, постепенно распространяя его дальше и дальше, по всему телу. Позу можно принять любую, в которой удобно и нравится. Максимального расслабления легче достичь лежа – на спине (для маленьких сроков), на боку и в позе «бегуна» (для больших сроков). Теперь нам нужно выбрать ту мышцу, с которой мы начнём расслабляться. В классическом варианте этой техники рекомендуется начинать с пальцев ног. Концентрируемся на своих мизинцах и стараемся ощутить в них тепло и тяжесть. Когда это удалось, начинаем распространять это ощущение на другие пальчики, потом на всю стопу, расслабление идёт вверх к колену, потом выше, живот, руки, плечевой пояс. И, наконец, шея и лицо, которому стоит уделить побольше внимания. Может быть так, что расслабление будет распространяться быстрее, чем сознание его будет направлять, а может быть, что на каких-то мышцах придётся задержаться подольше до ощущения тепла и тяжести.',1,'2020-01-24 04:44:14','2020-01-24 07:44:14','2020-01-24 07:44:14'),(530,'forum',113,1,'title','воаллв',1,'2020-01-24 11:17:51','2020-01-24 14:17:51','2020-01-24 14:17:51'),(531,'forum',113,2,'description','лвлвдвдвдвдвдвдвдвдвдввддвдвдвдвдвжвжжчжвжвдчжчжвжчжчб',1,'2020-01-24 11:17:51','2020-01-24 14:17:51','2020-01-24 14:17:51'),(532,'forum',114,1,'title','Ғғғе',1,'2020-04-07 12:17:21','2020-04-07 15:17:21','2020-04-07 15:17:21'),(533,'forum',114,2,'description','ғғғғғғпеееенннннноррррритооороооооооооооооооооооооооооо',1,'2020-04-07 12:17:21','2020-04-07 15:17:21','2020-04-07 15:17:21');
/*!40101 SET @saved_cs_client     = @@character_set_client */;
/*!40101 SET character_set_client = utf8 */;
CREATE TABLE `developments` (
  `id` bigint(20) unsigned NOT NULL AUTO_INCREMENT,
  `title` varchar(255) COLLATE utf8mb4_unicode_ci NOT NULL,
  `description` varchar(255) COLLATE utf8mb4_unicode_ci NOT NULL,
  `age_from` float NOT NULL,
  `age_to` float DEFAULT NULL,
  `age_type` enum('day','week','month','year') COLLATE utf8mb4_unicode_ci NOT NULL,
  `thumb` varchar(255) COLLATE utf8mb4_unicode_ci DEFAULT NULL,
  `share_file_url` varchar(255) COLLATE utf8mb4_unicode_ci DEFAULT NULL,
  `published_at` timestamp NULL DEFAULT CURRENT_TIMESTAMP,
  `created_at` timestamp NULL DEFAULT NULL,
  `updated_at` timestamp NULL DEFAULT NULL,
  PRIMARY KEY (`id`)
) ENGINE=InnoDB AUTO_INCREMENT=10 DEFAULT CHARSET=utf8mb4 COLLATE=utf8mb4_unicode_ci;
/*!40101 SET character_set_client = @saved_cs_client */;
INSERT INTO `developments` VALUES (7,'2-ой месяц','С этого месяца Вашего ребенка называют грудничком!',2,NULL,'month','/developments/2020/01/10/5e1863d68eee8.jpg',NULL,'2019-12-25 12:40:41','2019-12-19 17:47:55','2020-01-10 14:45:26'),(9,'3-ий месяц','Третий месяц - период ускорения!',3,NULL,'month','/developments/2019/12/23/5e00f52c92389.jpg',NULL,'2019-12-25 12:40:42','2019-12-23 09:59:06','2020-01-10 14:24:43');
/*!40101 SET @saved_cs_client     = @@character_set_client */;
/*!40101 SET character_set_client = utf8 */;
CREATE TABLE `discounts` (
  `id` bigint(20) unsigned NOT NULL AUTO_INCREMENT,
  `months` int(11) NOT NULL,
  `discount` int(11) NOT NULL,
  `created_at` timestamp NULL DEFAULT NULL,
  `updated_at` timestamp NULL DEFAULT NULL,
  PRIMARY KEY (`id`)
) ENGINE=InnoDB AUTO_INCREMENT=6 DEFAULT CHARSET=utf8mb4 COLLATE=utf8mb4_unicode_ci;
/*!40101 SET character_set_client = @saved_cs_client */;
INSERT INTO `discounts` VALUES (3,0,10,'2019-12-04 16:20:10','2019-12-04 16:20:11'),(4,1,15,'2019-12-04 16:20:20','2019-12-04 16:20:20'),(5,7,20,'2019-12-04 16:20:31','2019-12-04 16:20:32');
/*!40101 SET @saved_cs_client     = @@character_set_client */;
/*!40101 SET character_set_client = utf8 */;
CREATE TABLE `event_types` (
  `id` bigint(20) unsigned NOT NULL AUTO_INCREMENT,
  `title` varchar(255) COLLATE utf8mb4_unicode_ci NOT NULL,
  `color` varchar(255) COLLATE utf8mb4_unicode_ci NOT NULL,
  `created_at` timestamp NULL DEFAULT NULL,
  `updated_at` timestamp NULL DEFAULT NULL,
  PRIMARY KEY (`id`)
) ENGINE=InnoDB AUTO_INCREMENT=8 DEFAULT CHARSET=utf8mb4 COLLATE=utf8mb4_unicode_ci;
/*!40101 SET character_set_client = @saved_cs_client */;
INSERT INTO `event_types` VALUES (1,'Концерт','#ffff00','2020-01-14 06:47:50','2020-01-16 11:48:38'),(3,'Театр','#0000ff','2020-01-14 07:20:01','2020-01-16 11:48:22'),(4,'Мастер классы','#00ff00','2020-01-16 11:48:04','2020-01-16 11:48:04'),(5,'Ярмарка','#ff80c0','2020-01-16 11:51:43','2020-01-16 11:51:43'),(6,'Праздник','#ff0000','2020-01-16 11:52:10','2020-01-16 11:52:10'),(7,'Фестиваль','#ff80ff','2020-01-20 16:57:33','2020-01-20 16:57:50');
/*!40101 SET @saved_cs_client     = @@character_set_client */;
/*!40101 SET character_set_client = utf8 */;
CREATE TABLE `events` (
  `id` bigint(20) unsigned NOT NULL AUTO_INCREMENT,
  `type_id` bigint(20) unsigned DEFAULT '1',
  `title` varchar(255) COLLATE utf8mb4_unicode_ci NOT NULL,
  `description` text COLLATE utf8mb4_unicode_ci,
  `image` varchar(255) COLLATE utf8mb4_unicode_ci DEFAULT NULL,
  `location` varchar(255) COLLATE utf8mb4_unicode_ci DEFAULT NULL,
  `date_from` date NOT NULL,
  `date_to` date NOT NULL,
  `time_from` varchar(255) COLLATE utf8mb4_unicode_ci DEFAULT NULL,
  `color` varchar(255) COLLATE utf8mb4_unicode_ci DEFAULT NULL,
  `time_to` varchar(255) COLLATE utf8mb4_unicode_ci DEFAULT NULL,
  `moderated` tinyint(4) NOT NULL DEFAULT '0',
  `share_file_url` varchar(255) COLLATE utf8mb4_unicode_ci DEFAULT NULL,
  `published_at` timestamp NOT NULL DEFAULT CURRENT_TIMESTAMP,
  `created_at` timestamp NULL DEFAULT NULL,
  `updated_at` timestamp NULL DEFAULT NULL,
  PRIMARY KEY (`id`),
  KEY `event_types_foreign` (`type_id`),
  CONSTRAINT `event_types_foreign` FOREIGN KEY (`type_id`) REFERENCES `event_types` (`id`) ON DELETE SET NULL ON UPDATE SET NULL
) ENGINE=InnoDB AUTO_INCREMENT=120 DEFAULT CHARSET=utf8mb4 COLLATE=utf8mb4_unicode_ci;
/*!40101 SET character_set_client = @saved_cs_client */;
INSERT INTO `events` VALUES (1,4,'Форум, посвященный педиатрии','Повседневная практика показывает, что постоянное информационно-пропагандистское обеспечение нашей деятельности требуют определения и повседневная практика показывает, что постоянное информационно-пропагандистское обеспечение нашей деятельности требуют определения и что постоянное информационно-пропагандистское обеспечение нашей деятельности требуют определения.','/events/2019/12/04/5de7be8701bbe.jpg','Атакент','2020-01-17','2020-01-17','16:00','#fff','20:00',1,NULL,'2019-12-25 09:44:09','2019-10-31 07:12:08','2020-01-16 12:01:41'),(20,1,'Концерт!','Концерт филармонии','/events/2019/12/21/5dfe39e4b6820.jpg','Дворец республики','2020-01-18','2020-01-18','13:00',NULL,'15:15',1,NULL,'2019-12-25 09:44:09','2019-12-14 12:00:08','2020-01-16 12:02:26'),(59,4,'Checkin','Aaaasjsjsjsjsjskskskkskskskskkskskskskskskksksksksk',NULL,NULL,'2020-01-20','2020-01-20','00:00',NULL,'00:00',0,NULL,'2020-01-17 08:47:04','2020-01-17 08:47:04','2020-01-17 08:47:04'),(64,3,'Aasdqweacz','QWDASCZXCZXCZXCZCQWDASCZXCZXCZXCZCQWDASCZXCZXCZXCZC',NULL,NULL,'2019-11-29','2019-12-05','15:00',NULL,'20:00',0,NULL,'2020-01-17 12:24:15','2020-01-17 12:24:15','2020-01-17 12:24:15'),(65,5,'Урруну','Анввоышыыщышыыллыыылру утиуу у у ууиууиууииуруруруооу',NULL,NULL,'2020-01-17','2020-01-17','00:00',NULL,'00:00',0,NULL,'2020-01-17 15:01:22','2020-01-17 15:01:22','2020-01-17 15:01:22'),(67,7,'Фестиваль здоровья и правильного питания Organic Nauryz Festival','2 - 3 марта 2019 года в Астане пройдет очередной эко-фестиваль Organic Nauryz Festival. В празднике здоровья и правильного питания примут участие более 60 участников - компании и производители, реализующие экопродукцию,  в том числе, казахстанские экобренды. Гостями площадки станут Динара Сатжан, Айгуль Мукей, Ляйла Султанкызы, Санди Султан и многие известные блогеры.\r\nOrganic Nauryz Festival - это мастер-классы и public-talks на тему трансформации личности, гостей экофестиваля ждет розыгрыш ценных призов от участников и спонсоров. Часть дохода от фестиваля пойдет на благотворительность.\r\n\r\nВход для всех желающих бесплатный.','/events/2020/01/20/5e25afddf2cb9.jpg','г. Астана, пр. Туран, 24 ТРЦ \"Сарыарка\"','2020-03-02','2020-03-03','09:00',NULL,'23:00',1,NULL,'2020-01-20 16:49:17','2020-01-20 16:49:17','2020-01-20 16:58:14'),(73,3,'Спектакль «Русские народные сказки»','Текст описания','/events/2020/01/20/5e25be282803f.jpg','улица Пушкина, 63. Государственный театр кукол в городе Алматы','2020-01-31','2020-01-31','16:00',NULL,NULL,1,NULL,'2020-01-20 17:47:18','2020-01-20 17:47:18','2020-01-20 17:50:16'),(74,5,'Выставка «Образование за рубежом»',NULL,'/events/2020/01/20/5e25c4f1d12c6.png','ул. Клочкова, 89. Axis Education','2020-02-07','2020-02-07','12:00',NULL,NULL,1,NULL,'2020-01-20 18:18:09','2020-01-20 18:18:09','2020-01-20 18:19:13'),(75,6,'Шашлычки','Ыовлвддвдвжвжвжвжжввжжсжсжсжсжжчжвжжвжвжвжжжвжвжвжж',NULL,NULL,'2020-01-25','2020-01-25','00:00',NULL,'00:00',0,NULL,'2020-01-20 18:58:11','2020-01-20 18:58:11','2020-01-20 18:58:11'),(99,1,'Некое события для проверки',NULL,NULL,'Кое-где','2020-01-14','2020-01-14','15:00',NULL,'22:00',1,NULL,'2020-01-21 14:09:38','2020-01-21 14:09:38','2020-01-21 14:09:38'),(100,3,'Некое события для проверки',NULL,NULL,'Кое-где','2020-01-14','2020-01-14','15:00',NULL,'22:00',1,NULL,'2020-01-21 14:09:38','2020-01-21 14:09:38','2020-01-21 14:09:38'),(101,4,'Некое события для проверки',NULL,NULL,'Кое-где','2020-01-14','2020-01-14','15:00',NULL,'22:00',1,NULL,'2020-01-21 14:09:38','2020-01-21 14:09:38','2020-01-21 14:09:38'),(102,5,'Некое события для проверки',NULL,NULL,'Кое-где','2020-01-14','2020-01-14','15:00',NULL,'22:00',0,NULL,'2020-01-21 14:09:38','2020-01-21 14:09:38','2020-01-21 14:09:38'),(103,6,'Некое события для проверки',NULL,NULL,'Кое-где','2020-01-14','2020-01-14','15:00',NULL,'22:00',0,NULL,'2020-01-21 14:09:38','2020-01-21 14:09:38','2020-01-21 14:09:38'),(104,7,'Некое события для проверки',NULL,NULL,'Кое-где','2020-01-14','2020-01-14','15:00',NULL,'22:00',0,NULL,'2020-01-21 14:09:38','2020-01-21 14:09:38','2020-01-21 14:09:38'),(105,1,'Некое события для проверки',NULL,NULL,'Кое-где','2020-01-14','2020-01-14','15:00',NULL,'22:00',0,NULL,'2020-01-21 14:09:38','2020-01-21 14:09:38','2020-01-21 14:09:38'),(106,3,'Некое события для проверки',NULL,NULL,'Кое-где','2020-01-14','2020-01-14','15:00',NULL,'22:00',0,NULL,'2020-01-21 14:09:38','2020-01-21 14:09:38','2020-01-21 14:09:38'),(107,4,'Некое события для проверки',NULL,NULL,'Кое-где','2020-01-14','2020-01-14','15:00',NULL,'22:00',0,NULL,'2020-01-21 14:09:38','2020-01-21 14:09:38','2020-01-21 14:09:38'),(112,6,'Г3г3н3','Аовововаььвьвьвьвьввьвьвьвввббвьввьвььвьввььввьвьу',NULL,NULL,'2020-01-21','2020-01-22','00:00',NULL,'00:00',0,NULL,'2020-01-21 16:30:51','2020-01-21 16:30:51','2020-01-21 16:30:51'),(113,4,'Уооуу','Уггцгцгцйшццмуцццугурурупупуруруруррурурурцрццрцруоун',NULL,NULL,'2020-01-21','2020-01-21','00:00',NULL,'00:00',0,NULL,'2020-01-21 16:31:22','2020-01-21 16:31:22','2020-01-21 16:31:22'),(114,4,'Кетти','кетаоалалалалаллалащащпщпщпщпщпщпщпщпщпщпщщпщпщпщпщпп',NULL,NULL,'2021-02-21','2021-02-21','00:00',NULL,'00:00',0,NULL,'2020-01-21 16:32:57','2020-01-21 16:32:57','2020-01-21 16:32:57'),(115,1,'Some event',NULL,NULL,'Some place','2020-01-14','2020-01-14','15:00',NULL,'22:00',1,NULL,'2020-03-10 13:10:41','2020-03-10 13:10:41','2020-03-10 13:10:41'),(116,5,'ASdasdqw',NULL,NULL,'asdasdasasd','2020-01-14','2020-01-14','15:00',NULL,'22:00',1,NULL,'2020-03-10 13:13:26','2020-03-10 13:13:26','2020-03-10 13:13:26'),(117,3,'ASdasdqw',NULL,NULL,'asdasdasasd','2020-01-14','2020-01-14','15:00',NULL,'22:00',1,NULL,'2020-03-10 13:13:27','2020-03-10 13:13:27','2020-03-10 13:13:27'),(118,7,'Category 1',NULL,NULL,'Some place','2020-01-14','2020-01-14','15:00',NULL,'22:00',1,NULL,'2020-03-10 13:14:23','2020-03-10 13:14:23','2020-03-10 13:14:23'),(119,6,'Category 1',NULL,NULL,'Some place','2020-01-14','2020-01-14','15:00',NULL,'22:00',1,NULL,'2020-03-10 13:14:25','2020-03-10 13:14:25','2020-03-10 13:14:25');
/*!40101 SET @saved_cs_client     = @@character_set_client */;
/*!40101 SET character_set_client = utf8 */;
CREATE TABLE `failed_jobs` (
  `id` bigint(20) unsigned NOT NULL AUTO_INCREMENT,
  `connection` text COLLATE utf8mb4_unicode_ci NOT NULL,
  `queue` text COLLATE utf8mb4_unicode_ci NOT NULL,
  `payload` longtext COLLATE utf8mb4_unicode_ci NOT NULL,
  `exception` longtext COLLATE utf8mb4_unicode_ci NOT NULL,
  `failed_at` timestamp NOT NULL DEFAULT CURRENT_TIMESTAMP,
  PRIMARY KEY (`id`)
) ENGINE=InnoDB DEFAULT CHARSET=utf8mb4 COLLATE=utf8mb4_unicode_ci;
/*!40101 SET character_set_client = @saved_cs_client */;
/*!40101 SET @saved_cs_client     = @@character_set_client */;
/*!40101 SET character_set_client = utf8 */;
CREATE TABLE `favourables` (
  `id` bigint(20) unsigned NOT NULL AUTO_INCREMENT,
  `user_id` bigint(20) unsigned NOT NULL,
  `favourable_type` varchar(50) COLLATE utf8mb4_unicode_ci NOT NULL DEFAULT '',
  `favourable_id` bigint(20) unsigned NOT NULL,
  `created_at` timestamp NULL DEFAULT NULL,
  `updated_at` timestamp NULL DEFAULT NULL,
  PRIMARY KEY (`id`),
  KEY `favourables_user_id_foreign` (`user_id`),
  CONSTRAINT `favourables_user_id_foreign` FOREIGN KEY (`user_id`) REFERENCES `users` (`id`) ON DELETE CASCADE
) ENGINE=InnoDB AUTO_INCREMENT=286 DEFAULT CHARSET=utf8mb4 COLLATE=utf8mb4_unicode_ci;
/*!40101 SET character_set_client = @saved_cs_client */;
INSERT INTO `favourables` VALUES (60,70,'feeding',1,'2019-11-20 15:12:03','2019-11-20 15:12:03'),(61,70,'feeding',2,'2019-11-20 15:12:06','2019-11-20 15:12:06'),(62,70,'feeding',4,'2019-11-20 15:12:10','2019-11-20 15:12:10'),(63,1,'forum',1,'2019-11-22 15:39:10','2019-11-22 15:39:10'),(64,1,'forum',3,'2019-11-25 16:33:11','2019-11-25 16:33:11'),(66,1,'consultation',1,'2019-11-25 16:34:44','2019-11-25 16:34:44'),(82,1,'feeding',1,'2019-12-04 08:32:41','2019-12-04 08:32:41'),(86,70,'forum',1,'2019-12-04 13:00:13','2019-12-04 13:00:13'),(87,70,'forum',2,'2019-12-04 13:00:17','2019-12-04 13:00:17'),(88,70,'forum',6,'2019-12-04 13:00:20','2019-12-04 13:00:20'),(89,70,'consultation',4,'2019-12-04 13:00:24','2019-12-04 13:00:24'),(90,70,'consultation',6,'2019-12-04 13:00:26','2019-12-04 13:00:26'),(91,86,'forum',1,'2019-12-04 14:09:37','2019-12-04 14:09:37'),(92,86,'event',1,'2019-12-04 14:10:20','2019-12-04 14:10:20'),(98,1,'feeding',5,'2019-12-04 20:26:01','2019-12-04 20:26:01'),(99,1,'article',27,'2019-12-04 20:36:52','2019-12-04 20:36:52'),(102,1,'article',25,'2019-12-04 21:20:21','2019-12-04 21:20:21'),(103,1,'event',1,'2019-12-05 09:46:47','2019-12-05 09:46:47'),(104,86,'development',1,'2019-12-09 13:25:12','2019-12-09 13:25:12'),(107,1,'blog',1,'2019-12-12 11:02:45','2019-12-12 11:02:45'),(108,86,'blog',1,'2019-12-12 11:04:36','2019-12-12 11:04:36'),(110,92,'vaccine',21,'2019-12-12 13:41:10','2019-12-12 13:41:10'),(114,89,'consultation',4,'2019-12-13 13:42:51','2019-12-13 13:42:51'),(117,86,'playlist',1,'2019-12-13 14:13:37','2019-12-13 14:13:37'),(118,86,'article',36,'2019-12-13 14:13:55','2019-12-13 14:13:55'),(119,86,'article',38,'2019-12-13 14:14:10','2019-12-13 14:14:10'),(120,86,'vaccine',13,'2019-12-13 14:14:23','2019-12-13 14:14:23'),(121,86,'consultation',4,'2019-12-13 14:15:19','2019-12-13 14:15:19'),(128,92,'article',42,'2019-12-19 13:12:31','2019-12-19 13:12:31'),(129,70,'forum',30,'2019-12-19 13:54:06','2019-12-19 13:54:06'),(130,70,'forum',8,'2019-12-19 13:54:08','2019-12-19 13:54:08'),(134,89,'forum',39,'2019-12-19 15:22:36','2019-12-19 15:22:36'),(136,89,'event',3,'2019-12-20 07:53:44','2019-12-20 07:53:44'),(137,89,'event',4,'2019-12-20 07:54:01','2019-12-20 07:54:01'),(139,1,'article',41,'2019-12-20 14:03:29','2019-12-20 14:03:29'),(142,107,'article',43,'2019-12-21 10:52:06','2019-12-21 10:52:06'),(144,70,'article',43,'2019-12-21 14:01:02','2019-12-21 14:01:02'),(145,70,'article',42,'2019-12-21 14:01:05','2019-12-21 14:01:05'),(147,70,'article',40,'2019-12-21 14:01:19','2019-12-21 14:01:19'),(148,70,'event',1,'2019-12-21 14:01:37','2019-12-21 14:01:37'),(149,70,'event',3,'2019-12-21 14:01:39','2019-12-21 14:01:39'),(150,70,'event',4,'2019-12-21 14:01:44','2019-12-21 14:01:44'),(151,70,'forum',41,'2019-12-21 14:01:48','2019-12-21 14:01:48'),(152,70,'forum',39,'2019-12-21 14:01:51','2019-12-21 14:01:51'),(153,70,'consultation',36,'2019-12-21 14:01:56','2019-12-21 14:01:56'),(154,70,'blog',1,'2019-12-21 14:02:51','2019-12-21 14:02:51'),(155,70,'development',1,'2019-12-21 14:03:07','2019-12-21 14:03:07'),(156,70,'development',3,'2019-12-21 14:03:12','2019-12-21 14:03:12'),(157,70,'vaccine',13,'2019-12-21 14:03:15','2019-12-21 14:03:15'),(158,70,'vaccine',21,'2019-12-21 14:03:18','2019-12-21 14:03:18'),(159,70,'feeding',15,'2019-12-21 14:03:47','2019-12-21 14:03:47'),(160,70,'feeding',18,'2019-12-21 14:03:50','2019-12-21 14:03:50'),(161,70,'vaccine',15,'2019-12-21 14:04:35','2019-12-21 14:04:35'),(162,70,'development',2,'2019-12-21 14:04:41','2019-12-21 14:04:41'),(163,70,'development',4,'2019-12-21 14:04:43','2019-12-21 14:04:43'),(164,86,'development',13,'2019-12-23 09:26:24','2019-12-23 09:26:24'),(166,116,'playlist',3,'2019-12-25 10:44:05','2019-12-25 10:44:05'),(167,116,'vaccine',13,'2019-12-26 10:39:52','2019-12-26 10:39:52'),(168,89,'development',13,'2019-12-26 13:20:18','2019-12-26 13:20:18'),(172,92,'playlist',1,'2019-12-28 12:35:53','2019-12-28 12:35:53'),(173,116,'record',3,'2019-12-28 16:09:47','2019-12-28 16:09:47'),(176,86,'record',8,'2019-12-28 17:03:04','2019-12-28 17:03:04'),(181,86,'article',43,'2019-12-28 17:13:26','2019-12-28 17:13:26'),(184,107,'article',40,'2019-12-30 09:58:12','2019-12-30 09:58:12'),(185,89,'vaccine',14,'2020-01-06 13:40:16','2020-01-06 13:40:16'),(188,89,'consultation',46,'2020-01-08 08:07:15','2020-01-08 08:07:15'),(189,127,'forum',55,'2020-01-09 08:11:42','2020-01-09 08:11:42'),(190,89,'article',44,'2020-01-09 14:55:01','2020-01-09 14:55:01'),(191,89,'article',40,'2020-01-09 15:13:12','2020-01-09 15:13:12'),(192,125,'article',41,'2020-01-10 13:12:02','2020-01-10 13:12:02'),(193,125,'consultation',36,'2020-01-10 13:23:04','2020-01-10 13:23:04'),(195,89,'consultation',36,'2020-01-11 10:39:03','2020-01-11 10:39:03'),(197,127,'article',43,'2020-01-14 07:03:44','2020-01-14 07:03:44'),(199,89,'event',37,'2020-01-15 13:39:46','2020-01-15 13:39:46'),(200,89,'event',41,'2020-01-15 13:39:50','2020-01-15 13:39:50'),(203,70,'event',20,'2020-01-17 15:30:24','2020-01-17 15:30:24'),(204,107,'vaccine',13,'2020-01-19 14:09:49','2020-01-19 14:09:49'),(206,89,'event',73,'2020-01-21 08:47:05','2020-01-21 08:47:05'),(208,86,'forum',55,'2020-01-23 09:59:19','2020-01-23 09:59:19'),(210,92,'record',8,'2020-01-23 14:23:41','2020-01-23 14:23:41'),(216,107,'playlist',5,'2020-02-14 12:18:30','2020-02-14 12:18:30'),(219,107,'record',10,'2020-02-14 12:22:09','2020-02-14 12:22:09'),(221,139,'article',43,'2020-03-11 06:50:36','2020-03-11 06:50:36'),(223,92,'article',41,'2020-03-11 08:09:48','2020-03-11 08:09:48'),(227,92,'event',20,'2020-03-11 15:30:05','2020-03-11 15:30:05'),(231,89,'article',41,'2020-03-12 12:34:29','2020-03-12 12:34:29'),(233,89,'playlist',3,'2020-03-12 14:31:21','2020-03-12 14:31:21'),(235,89,'playlist',1,'2020-03-12 14:33:22','2020-03-12 14:33:22'),(236,89,'blog',7,'2020-03-12 14:33:29','2020-03-12 14:33:29'),(239,89,'consultation',69,'2020-03-12 14:33:56','2020-03-12 14:33:56'),(240,89,'forum',46,'2020-03-12 14:34:44','2020-03-12 14:34:44'),(241,89,'consultation',70,'2020-03-12 14:35:04','2020-03-12 14:35:04'),(247,70,'article',41,'2020-03-20 08:17:37','2020-03-20 08:17:37'),(249,70,'playlist',1,'2020-03-20 08:30:06','2020-03-20 08:30:06'),(266,89,'playlist',4,'2020-03-20 09:43:42','2020-03-20 09:43:42'),(279,164,'blog',7,'2020-03-20 09:58:25','2020-03-20 09:58:25'),(281,164,'vaccine',15,'2020-03-20 09:58:40','2020-03-20 09:58:40'),(283,164,'article',41,'2020-04-03 16:49:30','2020-04-03 16:49:30'),(284,164,'article',40,'2020-04-03 16:49:37','2020-04-03 16:49:37'),(285,164,'forum',50,'2020-04-03 16:49:41','2020-04-03 16:49:41');
/*!40101 SET @saved_cs_client     = @@character_set_client */;
/*!40101 SET character_set_client = utf8 */;
CREATE TABLE `feeding_categories` (
  `id` bigint(20) unsigned NOT NULL AUTO_INCREMENT,
  `title` varchar(255) COLLATE utf8mb4_unicode_ci NOT NULL,
  `created_at` timestamp NULL DEFAULT NULL,
  `updated_at` timestamp NULL DEFAULT NULL,
  PRIMARY KEY (`id`)
) ENGINE=InnoDB AUTO_INCREMENT=10 DEFAULT CHARSET=utf8mb4 COLLATE=utf8mb4_unicode_ci;
/*!40101 SET character_set_client = @saved_cs_client */;
INSERT INTO `feeding_categories` VALUES (1,'Молочные','2019-11-12 11:33:18','2019-12-25 07:13:23'),(2,'Супы','2019-11-12 11:33:26','2019-11-12 11:33:26'),(3,'Овощное','2019-11-12 11:33:34','2019-11-12 11:33:35'),(5,'Пюре','2019-11-12 11:34:00','2019-11-12 11:34:00'),(9,'Выпечка','2019-12-24 17:07:29','2019-12-24 17:07:29');
/*!40101 SET @saved_cs_client     = @@character_set_client */;
/*!40101 SET character_set_client = utf8 */;
CREATE TABLE `feedings` (
  `id` bigint(20) unsigned NOT NULL AUTO_INCREMENT,
  `title` varchar(255) COLLATE utf8mb4_unicode_ci NOT NULL,
  `type` enum('recipe','breastfeeding','feeding') COLLATE utf8mb4_unicode_ci NOT NULL,
  `description` varchar(255) COLLATE utf8mb4_unicode_ci DEFAULT NULL,
  `image` varchar(255) COLLATE utf8mb4_unicode_ci DEFAULT NULL,
  `category_id` bigint(20) unsigned DEFAULT NULL,
  `age_from` float NOT NULL,
  `age_to` float DEFAULT NULL,
  `age_type` enum('day','week','month','year') COLLATE utf8mb4_unicode_ci NOT NULL,
  `share_file_url` varchar(255) COLLATE utf8mb4_unicode_ci DEFAULT NULL,
  `published_at` timestamp NOT NULL DEFAULT CURRENT_TIMESTAMP,
  `created_at` timestamp NULL DEFAULT NULL,
  `updated_at` timestamp NULL DEFAULT NULL,
  PRIMARY KEY (`id`),
  KEY `feedings_category_id_foreign` (`category_id`),
  CONSTRAINT `feedings_category_id_foreign` FOREIGN KEY (`category_id`) REFERENCES `feeding_categories` (`id`)
) ENGINE=InnoDB AUTO_INCREMENT=33 DEFAULT CHARSET=utf8mb4 COLLATE=utf8mb4_unicode_ci;
/*!40101 SET character_set_client = @saved_cs_client */;
INSERT INTO `feedings` VALUES (14,'Картофельный суп-пюре','recipe','Вкусный и быстрый детский рецепт картофельного супа','/feedings/2019/12/21/5dfdc37b2fce6.jpg',2,3.5,NULL,'month',NULL,'2019-12-25 09:45:05','2019-12-21 09:59:35','2019-12-21 10:02:19'),(15,'Банановый пудинг','recipe','Легкий способ приготовления вкусного и полезного бананового пудинга','/feedings/2019/12/21/5dfdd9c1d5579.jpg',2,10,NULL,'month',NULL,'2019-12-25 09:45:05','2019-12-21 10:28:09','2019-12-21 11:37:21'),(16,'Пудинг из тыквы и яблок','recipe','Малыши любят пудинги, а из тыквы и яблок он получается не только вкусным, но и полезным','/feedings/2019/12/21/5dfdd6d87f693.jpg',3,1,NULL,'year',NULL,'2019-12-25 09:45:05','2019-12-21 11:14:25','2019-12-21 11:24:56'),(17,'Искусственное вскармливание: что важно знать?','breastfeeding','Молочные смеси','/feedings/2019/12/21/5dfdd8469ff37.jpg',1,10.5,NULL,'month',NULL,'2019-12-25 09:45:05','2019-12-21 11:28:42','2020-01-05 10:52:27'),(18,'В чем польза грудного вскармливания для ребенка?','feeding','Грудное вскармливание приносит ребенку большую пользу','/feedings/2019/12/21/5dfddab709282.jpg',1,2.5,NULL,'month',NULL,'2019-12-25 09:45:05','2019-12-21 11:34:54','2020-01-05 10:51:34'),(23,'Пюре из манго','recipe','Вкусный и полезный рецепт!','/feedings/2019/12/23/5e0061885f323.jpg',5,10,NULL,'month',NULL,'2019-12-25 09:45:05','2019-12-23 09:37:56','2020-01-05 10:50:47'),(32,'Молочно-морковный смузи','recipe','Сытный, полезный коктейль!','/feedings/2020/01/11/5e19a1d8eaff7.jpg',1,2,NULL,'year',NULL,'2020-01-11 13:22:16','2020-01-11 13:22:16','2020-01-11 13:22:16');
/*!40101 SET @saved_cs_client     = @@character_set_client */;
/*!40101 SET character_set_client = utf8 */;
CREATE TABLE `forum_categories` (
  `id` bigint(20) unsigned NOT NULL AUTO_INCREMENT,
  `title` varchar(255) COLLATE utf8mb4_unicode_ci NOT NULL,
  `image` varchar(255) COLLATE utf8mb4_unicode_ci DEFAULT NULL,
  `created_at` timestamp NULL DEFAULT NULL,
  `updated_at` timestamp NULL DEFAULT NULL,
  PRIMARY KEY (`id`)
) ENGINE=InnoDB AUTO_INCREMENT=5 DEFAULT CHARSET=utf8mb4 COLLATE=utf8mb4_unicode_ci;
/*!40101 SET character_set_client = @saved_cs_client */;
INSERT INTO `forum_categories` VALUES (1,'Мамина жизнь','/forums/2020/01/17/5e214e657f086.jpg','2019-12-25 16:57:28','2020-01-17 09:04:21'),(2,'Уход, воспитание, здоровье','/forums/2020/01/17/5e214d99dc8ab.jpg','2019-12-25 16:57:29','2020-01-17 09:00:57'),(3,'Беременность и роды','/forums/2020/01/17/5e214cd727899.jpg','2019-12-25 16:57:30','2020-01-17 08:57:43'),(4,'Общие вопросы','/forums/2020/01/16/5e2071f6cf373.jpg','2019-12-25 16:57:31','2020-01-16 17:23:50');
/*!40101 SET @saved_cs_client     = @@character_set_client */;
/*!40101 SET character_set_client = utf8 */;
CREATE TABLE `forums` (
  `id` bigint(20) unsigned NOT NULL AUTO_INCREMENT,
  `author_id` bigint(20) unsigned DEFAULT NULL,
  `category_id` bigint(20) unsigned DEFAULT NULL,
  `title` varchar(255) COLLATE utf8mb4_unicode_ci NOT NULL,
  `description` text COLLATE utf8mb4_unicode_ci,
  `image` varchar(255) COLLATE utf8mb4_unicode_ci DEFAULT NULL,
  `moderated` tinyint(1) DEFAULT '0',
  `share_file_url` varchar(255) COLLATE utf8mb4_unicode_ci DEFAULT NULL,
  `published_at` timestamp NOT NULL DEFAULT CURRENT_TIMESTAMP,
  `created_at` timestamp NULL DEFAULT NULL,
  `updated_at` timestamp NULL DEFAULT NULL,
  PRIMARY KEY (`id`),
  KEY `FK_forums_forum_categories` (`category_id`),
  CONSTRAINT `FK_forums_forum_categories` FOREIGN KEY (`category_id`) REFERENCES `forum_categories` (`id`) ON DELETE SET NULL
) ENGINE=InnoDB AUTO_INCREMENT=115 DEFAULT CHARSET=utf8mb4 COLLATE=utf8mb4_unicode_ci;
/*!40101 SET character_set_client = @saved_cs_client */;
INSERT INTO `forums` VALUES (46,15,2,'Что делать, если ребенок не хочет спать?',NULL,'/forums/2020/01/24/5e2a792c2aa81.jpg',1,NULL,'2019-12-25 09:45:31','2019-12-21 06:34:23','2020-01-24 07:57:16'),(50,15,2,'Как избежать простуды?',NULL,'/forums/2019/12/25/5e03243baa32c.png',1,NULL,'2019-12-25 09:45:31','2019-12-22 09:20:53','2020-01-17 08:39:04'),(55,30,4,'Когда обращаться к врачу?',NULL,'/forums/2019/12/25/5e03250610f11.png',1,NULL,'2019-12-25 09:45:31','2019-12-25 11:59:50','2019-12-29 09:40:49'),(105,15,1,'Прием обезбаливающих',NULL,'/forums/2020/01/22/5e273e7e763db.png',1,NULL,'2020-01-21 15:57:00','2020-01-21 15:57:00','2020-01-21 21:10:06'),(110,32,NULL,'Прививки - быть или не быть?','Повседневная практика показывает, что постоянное информационно-пропагандистское обеспечение нашей деятельности требуют определения и повседневная практика показывает, что постоянное информационно-пропагандистское обеспечение нашей деятельности требуют определения и что постоянное информационно-пропагандистское обеспечение нашей деятельности требуют определения.',NULL,0,NULL,'2020-01-23 09:26:30','2020-01-23 09:26:30','2020-01-23 09:26:30'),(113,32,NULL,'воаллв','лвлвдвдвдвдвдвдвдвдвдввддвдвдвдвдвжвжжчжвжвдчжчжвжчжчб',NULL,0,NULL,'2020-01-24 14:17:51','2020-01-24 14:17:51','2020-01-24 14:17:51'),(114,37,NULL,'Ғғғе','ғғғғғғпеееенннннноррррритооороооооооооооооооооооооооооо',NULL,0,NULL,'2020-04-07 15:17:21','2020-04-07 15:17:21','2020-04-07 15:17:21');
/*!40101 SET @saved_cs_client     = @@character_set_client */;
/*!40101 SET character_set_client = utf8 */;
CREATE TABLE `images` (
  `id` bigint(20) unsigned NOT NULL AUTO_INCREMENT,
  `imageable_type` varchar(255) COLLATE utf8mb4_unicode_ci NOT NULL,
  `imageable_id` bigint(20) unsigned NOT NULL,
  `url` varchar(255) COLLATE utf8mb4_unicode_ci NOT NULL,
  `created_at` timestamp NULL DEFAULT NULL,
  `updated_at` timestamp NULL DEFAULT NULL,
  PRIMARY KEY (`id`),
  KEY `images_imageable_type_imageable_id_index` (`imageable_type`,`imageable_id`)
) ENGINE=InnoDB AUTO_INCREMENT=188 DEFAULT CHARSET=utf8mb4 COLLATE=utf8mb4_unicode_ci;
/*!40101 SET character_set_client = @saved_cs_client */;
INSERT INTO `images` VALUES (5,'consultation',1,'/storage/2019/10/31/5dbaeddc0954f.jpg','2019-11-23 13:26:05','2019-11-23 13:26:05'),(6,'consultation',6,'/details/2019/11/23/5dd926ece0f62.png','2019-11-23 15:32:44','2019-11-23 15:32:44'),(7,'consultation',7,'/details/2019/11/23/5dd926ece1e68.png','2019-11-23 15:32:44','2019-11-23 15:32:44'),(8,'consultation',8,'/details/2019/11/23/5dd926ece2c74.png','2019-11-23 15:32:44','2019-11-23 15:32:44'),(9,'consultation',9,'/details/2019/11/23/5dd926fb341b5.png','2019-11-23 15:32:59','2019-11-23 15:32:59'),(10,'consultation',10,'/details/2019/11/23/5dd926fb34d7e.png','2019-11-23 15:32:59','2019-11-23 15:32:59'),(11,'consultation',11,'/details/2019/11/23/5dd926fb35855.png','2019-11-23 15:32:59','2019-11-23 15:32:59'),(12,'consultation',1,'/details/2019/11/23/5dd9298f6ac4a.png','2019-11-23 15:43:59','2019-11-23 15:43:59'),(13,'forum',13,'/details/2019/11/23/5dd9298f6b65e.png','2019-11-23 15:43:59','2019-11-23 15:43:59'),(14,'forum',7,'/details/2019/11/23/5dd9298f6bc61.png','2019-11-23 15:43:59','2019-11-23 15:43:59'),(15,'forum',8,'/details/2019/11/23/5dd929bb37830.png','2019-11-23 15:44:43','2019-11-23 15:44:43'),(16,'forum',9,'/details/2019/11/23/5dd929bb37ee2.png','2019-11-23 15:44:43','2019-11-23 15:44:43'),(17,'forum',10,'/details/2019/11/23/5dd929bb387e5.png','2019-11-23 15:44:43','2019-11-23 15:44:43'),(18,'forum',1,'/details/2019/11/23/5dd929f2e4d4a.png','2019-11-23 15:45:38','2019-11-23 15:45:38'),(19,'forum',2,'/details/2019/11/23/5dd929f2e7888.png','2019-11-23 15:45:38','2019-11-23 15:45:38'),(20,'forum',3,'/details/2019/11/23/5dd929f2e83ad.png','2019-11-23 15:45:38','2019-11-23 15:45:38'),(21,'forum',4,'/details/2019/11/23/5dd929fd97b71.png','2019-11-23 15:45:49','2019-11-23 15:45:49'),(22,'forum',5,'/details/2019/11/23/5dd929fd98557.png','2019-11-23 15:45:49','2019-11-23 15:45:49'),(23,'forum',6,'/details/2019/11/23/5dd929fd9a75f.png','2019-11-23 15:45:49','2019-11-23 15:45:49'),(24,'forum',16,'/forums/2019/11/23/5dd9378655199.jpg','2019-11-23 16:43:34','2019-11-23 16:43:34'),(25,'forum',17,'/forums/2019/11/23/5dd937873dfc8.jpg','2019-11-23 16:43:35','2019-11-23 16:43:35'),(26,'consultation',18,'/details/2019/11/25/5ddbb1709578e.jpg','2019-11-25 13:48:16','2019-11-25 13:48:16'),(27,'consultation',18,'/details/2019/11/25/5ddbb17095edd.png','2019-11-25 13:48:16','2019-11-25 13:48:16'),(28,'consultation',18,'/details/2019/11/25/5ddbb1709685e.jpeg','2019-11-25 13:48:16','2019-11-25 13:48:16'),(29,'forum',21,'/forums/2019/11/25/5ddbb23167b32.png','2019-11-25 13:51:29','2019-11-25 13:51:29'),(30,'consultation',19,'/details/2019/11/25/5ddbb58f6ceaf.jpg','2019-11-25 14:05:51','2019-11-25 14:05:51'),(31,'consultation',19,'/details/2019/11/25/5ddbb58f6d790.png','2019-11-25 14:05:51','2019-11-25 14:05:51'),(32,'consultation',19,'/details/2019/11/25/5ddbb58f6dcb8.jpeg','2019-11-25 14:05:51','2019-11-25 14:05:51'),(33,'consultation',21,'/details/2019/11/25/5ddbc3c0f25b5.jpg','2019-11-25 15:06:24','2019-11-25 15:06:24'),(34,'consultation',21,'/details/2019/11/25/5ddbc3c0f3ac8.png','2019-11-25 15:06:24','2019-11-25 15:06:24'),(35,'consultation',21,'/details/2019/11/25/5ddbc3c100304.jpeg','2019-11-25 15:06:25','2019-11-25 15:06:25'),(36,'consultation',22,'/details/2019/11/25/5ddbc3ca4979d.png','2019-11-25 15:06:34','2019-11-25 15:06:34'),(37,'consultation',22,'/details/2019/11/25/5ddbc3ca4a22a.png','2019-11-25 15:06:34','2019-11-25 15:06:34'),(38,'consultation',22,'/details/2019/11/25/5ddbc3ca4a795.jpeg','2019-11-25 15:06:34','2019-11-25 15:06:34'),(39,'consultation',23,'/details/2019/11/25/5ddbc4fd9646d.png','2019-11-25 15:11:41','2019-11-25 15:11:41'),(40,'consultation',24,'/details/2019/11/25/5ddbcd0c75186.jpg','2019-11-25 15:46:04','2019-11-25 15:46:04'),(41,'consultation',24,'/details/2019/11/25/5ddbcd0c75a29.png','2019-11-25 15:46:04','2019-11-25 15:46:04'),(42,'consultation',24,'/details/2019/11/25/5ddbcd0c766b5.png','2019-11-25 15:46:04','2019-11-25 15:46:04'),(43,'consultation',25,'/details/2019/11/25/5ddbcd0e185b4.png','2019-11-25 15:46:06','2019-11-25 15:46:06'),(44,'consultation',25,'/details/2019/11/25/5ddbcd0e1972a.png','2019-11-25 15:46:06','2019-11-25 15:46:06'),(45,'consultation',25,'/details/2019/11/25/5ddbcd0e19cad.png','2019-11-25 15:46:06','2019-11-25 15:46:06'),(46,'consultation',27,'/details/2019/11/25/5ddbd1dc1d3a5.','2019-11-25 16:06:36','2019-11-25 16:06:36'),(47,'consultation',28,'/details/2019/11/25/5ddbd27f7b536.','2019-11-25 16:09:19','2019-11-25 16:09:19'),(48,'consultation',29,'/details/2019/11/25/5ddbd2dce21ad.','2019-11-25 16:10:52','2019-11-25 16:10:52'),(49,'consultation',30,'/details/2019/11/27/5dde74041f7d6.','2019-11-27 16:03:00','2019-11-27 16:03:00'),(50,'event',8,'/events/2019/11/29/5de0d32661841.jfif','2019-11-29 11:13:26','2019-11-29 11:13:26'),(51,'event',10,'/events/2019/12/02/5de4d3e6f393c.jfif','2019-12-02 12:05:42','2019-12-02 12:05:42'),(52,'consultation',32,'/details/2019/12/02/5de4ecea9fe7a.jpg','2019-12-02 13:52:26','2019-12-02 13:52:26'),(53,'consultation',32,'/details/2019/12/02/5de4eceaa6485.png','2019-12-02 13:52:26','2019-12-02 13:52:26'),(54,'consultation',32,'/details/2019/12/02/5de4eceaaacc1.png','2019-12-02 13:52:26','2019-12-02 13:52:26'),(55,'consultation',33,'/details/2019/12/03/5de5fd54543ff.','2019-12-03 09:14:44','2019-12-03 09:14:44'),(56,'consultation',33,'/details/2019/12/03/5de5fd5454e91.','2019-12-03 09:14:44','2019-12-03 09:14:44'),(57,'consultation',33,'/details/2019/12/03/5de5fd54554a8.','2019-12-03 09:14:44','2019-12-03 09:14:44'),(58,'consultation',34,'/details/2019/12/03/5de5fd59933fa.','2019-12-03 09:14:49','2019-12-03 09:14:49'),(59,'consultation',34,'/details/2019/12/03/5de5fd5993aa8.','2019-12-03 09:14:49','2019-12-03 09:14:49'),(60,'consultation',34,'/details/2019/12/03/5de5fd5994573.','2019-12-03 09:14:49','2019-12-03 09:14:49'),(61,'consultation',35,'/details/2019/12/03/5de5fd61d6ead.','2019-12-03 09:14:57','2019-12-03 09:14:57'),(62,'consultation',35,'/details/2019/12/03/5de5fd61d7c5f.','2019-12-03 09:14:57','2019-12-03 09:14:57'),(63,'consultation',35,'/details/2019/12/03/5de5fd61d83a1.','2019-12-03 09:14:57','2019-12-03 09:14:57'),(64,'consultation',36,'/details/2019/12/03/5de5fd6781d7b.','2019-12-03 09:15:03','2019-12-03 09:15:03'),(65,'consultation',36,'/details/2019/12/03/5de5fd67824c2.','2019-12-03 09:15:03','2019-12-03 09:15:03'),(66,'consultation',36,'/details/2019/12/03/5de5fd6782e92.','2019-12-03 09:15:03','2019-12-03 09:15:03'),(67,'consultation',37,'/details/2019/12/03/5de5fd701bd3a.','2019-12-03 09:15:12','2019-12-03 09:15:12'),(68,'consultation',37,'/details/2019/12/03/5de5fd701c8df.','2019-12-03 09:15:12','2019-12-03 09:15:12'),(69,'consultation',37,'/details/2019/12/03/5de5fd701d323.','2019-12-03 09:15:12','2019-12-03 09:15:12'),(70,'consultation',38,'/details/2019/12/03/5de5fd7495e42.','2019-12-03 09:15:16','2019-12-03 09:15:16'),(71,'consultation',38,'/details/2019/12/03/5de5fd749684d.','2019-12-03 09:15:16','2019-12-03 09:15:16'),(72,'consultation',38,'/details/2019/12/03/5de5fd749714d.','2019-12-03 09:15:16','2019-12-03 09:15:16'),(73,'consultation',40,'/details/2019/12/03/5de622058c19e.','2019-12-03 11:51:17','2019-12-03 11:51:17'),(74,'consultation',41,'/details/2019/12/03/5de6243d28050.','2019-12-03 12:00:45','2019-12-03 12:00:45'),(75,'forum',30,'/forums/2019/12/03/5de64558a6ff9.jpg','2019-12-03 14:22:00','2019-12-03 14:22:00'),(76,'event',17,'/events/2019/12/04/5de74355be552.','2019-12-04 08:25:41','2019-12-04 08:25:41'),(77,'forum',33,'/tmp/php6yaooo','2019-12-04 13:14:17','2019-12-04 13:14:17'),(78,'forum',34,'/tmp/php4glbqG','2019-12-04 13:14:52','2019-12-04 13:14:52'),(79,'forum',35,'/tmp/phpetaU3X','2019-12-04 13:15:40','2019-12-04 13:15:40'),(80,'forum',36,'/forums/2019/12/04/5de7880d85757.jpg','2019-12-04 13:18:53','2019-12-04 13:18:53'),(81,'forum',37,'/forums/2019/12/04/5de7882f1123d.jpg','2019-12-04 13:19:27','2019-12-04 13:19:27'),(82,'forum',38,'/forums/2019/12/04/5de7888847beb.jpeg','2019-12-04 13:20:56','2019-12-04 13:20:56'),(83,'forum',41,'/forums/2019/12/19/5dfb8731532bc.png','2019-12-19 17:20:33','2019-12-19 17:20:33'),(84,'forum',42,'/forums/2019/12/20/5dfcaa8bcb07c.JPG','2019-12-20 14:03:39','2019-12-20 14:03:39'),(85,'forum',44,'/forums/2019/12/21/5dfd9255aefa5.jpg','2019-12-21 06:32:37','2019-12-21 06:32:37'),(86,'forum',45,'/forums/2019/12/21/5dfd9291089de.jpg','2019-12-21 06:33:37','2019-12-21 06:33:37'),(87,'forum',46,'/forums/2019/12/21/5dfd92bfdd548.jpg','2019-12-21 06:34:23','2019-12-21 06:34:23'),(88,'forum',47,'/forums/2019/12/22/5dff0a629bf3c.jpg','2019-12-22 09:17:06','2019-12-22 09:17:06'),(89,'forum',48,'/forums/2019/12/22/5dff0ad3acce8.jpg','2019-12-22 09:18:59','2019-12-22 09:18:59'),(90,'forum',49,'/forums/2019/12/22/5dff0afcece75.jpg','2019-12-22 09:19:40','2019-12-22 09:19:40'),(91,'forum',50,'/forums/2019/12/22/5dff0b4586c14.jpg','2019-12-22 09:20:53','2019-12-22 09:20:53'),(92,'consultation',44,'/details/2019/12/24/5e01e81d7e813.','2019-12-24 13:27:41','2019-12-24 13:27:41'),(93,'consultation',45,'/details/2019/12/24/5e01e84c2e0fc.','2019-12-24 13:28:28','2019-12-24 13:28:28'),(94,'consultation',48,'/images/2019/12/27/5e05ebb847b65.png','2019-12-27 14:32:08','2019-12-27 14:32:08'),(95,'consultation',48,'/images/2019/12/27/5e05ebd7a856c.png','2019-12-27 14:32:39','2019-12-27 14:32:39'),(96,'consultation',48,'/consultations/2019/12/27/5e05ec263e3ea.png','2019-12-27 14:33:58','2019-12-27 14:33:58'),(97,'consultation',53,'/consultations/2019/12/28/5e070250bc52a.png','2019-12-28 10:20:48','2019-12-28 10:20:48'),(98,'forum',71,'/forums/2019/12/28/5e072938d3363.','2019-12-28 13:06:48','2019-12-28 13:06:48'),(99,'consultation',53,'/consultations/2019/12/28/5e0740749aa35.png','2019-12-28 14:45:56','2019-12-28 14:45:56'),(100,'consultation',53,'/consultations/2019/12/28/5e0740b638cda.jpg','2019-12-28 14:47:02','2019-12-28 14:47:02'),(101,'consultation',53,'/details/2019/12/03/5de5fd6781d7b.','2019-12-28 14:47:56','2019-12-28 14:47:56'),(102,'consultation',49,'/details/2019/12/28/5e0743a845788.jpg','2019-12-28 14:59:36','2019-12-28 14:59:36'),(103,'consultation',52,'/details/2019/12/28/5e0743cc0e495.jpg','2019-12-28 15:00:12','2019-12-28 15:00:12'),(104,'consultation',46,'/details/2019/12/28/5e07458a20df3.webp','2019-12-28 15:07:38','2019-12-28 15:07:38'),(105,'forum',72,'/forums/2019/12/28/5e0745fc32f9a.','2019-12-28 15:09:32','2019-12-28 15:09:32'),(106,'forum',74,'/forums/2019/12/28/5e074a11ca64c.jpg','2019-12-28 15:26:57','2019-12-28 15:26:57'),(107,'consultation',54,'/details/2019/12/28/5e074a73c4e26.jpg','2019-12-28 15:28:35','2019-12-28 15:28:35'),(108,'event',29,'/events/2019/12/28/5e074aa17fbb1.jpg','2019-12-28 15:29:21','2019-12-28 15:29:21'),(109,'event',44,'/events/2020/01/10/5e185297bd077.','2020-01-10 13:31:51','2020-01-10 13:31:51'),(110,'event',45,'/events/2020/01/10/5e18592a10564.png','2020-01-10 13:59:54','2020-01-10 13:59:54'),(111,'event',46,'/events/2020/01/10/5e18599342197.png','2020-01-10 14:01:39','2020-01-10 14:01:39'),(112,'event',47,'/events/2020/01/10/5e185a265a6a8.','2020-01-10 14:04:06','2020-01-10 14:04:06'),(113,'event',48,'/events/2020/01/10/5e187750962c8.','2020-01-10 16:08:32','2020-01-10 16:08:32'),(114,'event',48,'/events/2020/01/10/5e18775096ce7.','2020-01-10 16:08:32','2020-01-10 16:08:32'),(115,'consultation',66,'/details/2020/01/10/5e187981014ae.jpg','2020-01-10 16:17:53','2020-01-10 16:17:53'),(116,'consultation',66,'/details/2020/01/10/5e187981022ac.png','2020-01-10 16:17:53','2020-01-10 16:17:53'),(117,'consultation',66,'/details/2020/01/10/5e18798102aee.png','2020-01-10 16:17:53','2020-01-10 16:17:53'),(118,'forum',95,'/forums/2020/01/10/5e18799d7a69e.jpg','2020-01-10 16:18:21','2020-01-10 16:18:21'),(121,'forum',99,'/forums/2020/01/10/5e1879fe08164.jpg','2020-01-10 16:19:58','2020-01-10 16:19:58'),(122,'forum',100,'/forums/2020/01/10/5e187a279d099.','2020-01-10 16:20:39','2020-01-10 16:20:39'),(123,'forum',100,'/forums/2020/01/10/5e187a279e0ab.','2020-01-10 16:20:39','2020-01-10 16:20:39'),(124,'consultation',67,'/details/2020/01/10/5e187a43829cb.','2020-01-10 16:21:07','2020-01-10 16:21:07'),(125,'consultation',67,'/details/2020/01/10/5e187a43833ef.','2020-01-10 16:21:07','2020-01-10 16:21:07'),(126,'event',49,'/events/2020/01/10/5e187a7186a10.','2020-01-10 16:21:53','2020-01-10 16:21:53'),(127,'event',49,'/events/2020/01/10/5e187a718ad7c.','2020-01-10 16:21:53','2020-01-10 16:21:53'),(128,'consultation',68,'/details/2020/01/14/5e1d2fab22a9e.jpg','2020-01-14 06:04:11','2020-01-14 06:04:11'),(129,'consultation',69,'/details/2020/01/14/5e1d34e7a6715.jpg','2020-01-14 06:26:31','2020-01-14 06:26:31'),(130,'forum',101,'/forums/2020/01/16/5e20170990cd2.','2020-01-16 10:55:53','2020-01-16 10:55:53'),(131,'forum',101,'/forums/2020/01/16/5e20170991b89.','2020-01-16 10:55:53','2020-01-16 10:55:53'),(132,'forum',101,'/forums/2020/01/16/5e20170993c66.','2020-01-16 10:55:53','2020-01-16 10:55:53'),(133,'event',57,'/events/2020/01/16/5e20732eb4f35.','2020-01-16 17:29:02','2020-01-16 17:29:02'),(134,'event',57,'/events/2020/01/16/5e20732eb560a.','2020-01-16 17:29:02','2020-01-16 17:29:02'),(135,'event',57,'/events/2020/01/16/5e20732eb5e7e.','2020-01-16 17:29:02','2020-01-16 17:29:02'),(136,'event',59,'/events/2020/01/17/5e214a5875ade.','2020-01-17 08:47:04','2020-01-17 08:47:04'),(137,'consultation',70,'/details/2020/01/17/5e215424c815f.','2020-01-17 09:28:52','2020-01-17 09:28:52'),(138,'consultation',71,'/details/2020/01/17/5e217a17496f8.','2020-01-17 12:10:47','2020-01-17 12:10:47'),(139,'consultation',71,'/details/2020/01/17/5e217a1749dc5.','2020-01-17 12:10:47','2020-01-17 12:10:47'),(140,'forum',102,'/forums/2020/01/17/5e217b3f24295.jpg','2020-01-17 12:15:43','2020-01-17 12:15:43'),(141,'forum',102,'/forums/2020/01/17/5e217b3f2513e.jpg','2020-01-17 12:15:43','2020-01-17 12:15:43'),(142,'forum',102,'/forums/2020/01/17/5e217b3f2946b.jpg','2020-01-17 12:15:43','2020-01-17 12:15:43'),(143,'event',64,'/events/2020/01/17/5e217d3fdda2f.jpg','2020-01-17 12:24:15','2020-01-17 12:24:15'),(144,'event',64,'/events/2020/01/17/5e217d3fde39c.jpg','2020-01-17 12:24:15','2020-01-17 12:24:15'),(145,'event',64,'/events/2020/01/17/5e217d3fdecf9.jpg','2020-01-17 12:24:15','2020-01-17 12:24:15'),(146,'event',65,'/events/2020/01/17/5e21a21288307.jpg','2020-01-17 15:01:22','2020-01-17 15:01:22'),(147,'event',65,'/events/2020/01/17/5e21a212890cd.jpg','2020-01-17 15:01:22','2020-01-17 15:01:22'),(148,'event',65,'/events/2020/01/17/5e21a21289a7c.jpg','2020-01-17 15:01:22','2020-01-17 15:01:22'),(149,'consultation',72,'/details/2020/01/20/5e2589bae6354.jpg','2020-01-20 14:06:34','2020-01-20 14:06:34'),(150,'consultation',72,'/details/2020/01/20/5e2589bae6d52.jpg','2020-01-20 14:06:34','2020-01-20 14:06:34'),(151,'event',66,'/events/2020/01/20/5e25a646c1e2e.jpg','2020-01-20 16:08:22','2020-01-20 16:08:22'),(152,'event',66,'/events/2020/01/20/5e25a646c298f.jpg','2020-01-20 16:08:22','2020-01-20 16:08:22'),(153,'event',75,'/events/2020/01/20/5e25ce13c0000.','2020-01-20 18:58:11','2020-01-20 18:58:11'),(154,'event',75,'/events/2020/01/20/5e25ce13c0b45.','2020-01-20 18:58:11','2020-01-20 18:58:11'),(155,'event',75,'/events/2020/01/20/5e25ce13c1114.','2020-01-20 18:58:11','2020-01-20 18:58:11'),(156,'forum',103,'/forums/2020/01/20/5e25d8c433fa0.','2020-01-20 19:43:48','2020-01-20 19:43:48'),(157,'forum',103,'/forums/2020/01/20/5e25d8c434835.','2020-01-20 19:43:48','2020-01-20 19:43:48'),(158,'forum',103,'/forums/2020/01/20/5e25d8c4352ac.','2020-01-20 19:43:48','2020-01-20 19:43:48'),(159,'consultation',73,'/details/2020/01/20/5e25d94e7182c.','2020-01-20 19:46:06','2020-01-20 19:46:06'),(160,'consultation',73,'/details/2020/01/20/5e25d94e71f14.','2020-01-20 19:46:06','2020-01-20 19:46:06'),(161,'consultation',73,'/details/2020/01/20/5e25d94e7283c.','2020-01-20 19:46:06','2020-01-20 19:46:06'),(162,'event',111,'/events/2020/01/21/5e26fcdbd9e1b.','2020-01-21 16:30:03','2020-01-21 16:30:03'),(163,'event',112,'/events/2020/01/21/5e26fd0bd7b34.jpg','2020-01-21 16:30:51','2020-01-21 16:30:51'),(164,'event',112,'/events/2020/01/21/5e26fd0bd888f.jpg','2020-01-21 16:30:51','2020-01-21 16:30:51'),(165,'event',112,'/events/2020/01/21/5e26fd0bd983e.jpg','2020-01-21 16:30:51','2020-01-21 16:30:51'),(166,'event',114,'/events/2020/01/21/5e26fd895d0f8.','2020-01-21 16:32:57','2020-01-21 16:32:57'),(167,'event',114,'/events/2020/01/21/5e26fd895d6f1.','2020-01-21 16:32:57','2020-01-21 16:32:57'),(168,'event',114,'/events/2020/01/21/5e26fd895de98.','2020-01-21 16:32:57','2020-01-21 16:32:57'),(169,'consultation',74,'/details/2020/01/22/5e281f058c30d.jpg','2020-01-22 13:08:05','2020-01-22 13:08:05'),(170,'consultation',74,'/details/2020/01/22/5e281f058d187.jpg','2020-01-22 13:08:05','2020-01-22 13:08:05'),(171,'consultation',74,'/details/2020/01/22/5e281f058d969.jpg','2020-01-22 13:08:05','2020-01-22 13:08:05'),(172,'consultation',75,'/details/2020/01/22/5e281f8f7c806.','2020-01-22 13:10:23','2020-01-22 13:10:23'),(173,'consultation',76,'/details/2020/01/22/5e281fb51883f.','2020-01-22 13:11:01','2020-01-22 13:11:01'),(174,'consultation',77,'/details/2020/01/22/5e28212c9ef0e.','2020-01-22 13:17:16','2020-01-22 13:17:16'),(175,'forum',106,'/forums/2020/01/23/5e291fdac670a.','2020-01-23 07:23:54','2020-01-23 07:23:54'),(176,'forum',107,'/forums/2020/01/23/5e2920f4476c9.','2020-01-23 07:28:36','2020-01-23 07:28:36'),(177,'forum',108,'/forums/2020/01/23/5e2938d28a12a.jpg','2020-01-23 09:10:26','2020-01-23 09:10:26'),(178,'forum',109,'/forums/2020/01/23/5e29398a2c56b.jpg','2020-01-23 09:13:30','2020-01-23 09:13:30'),(179,'forum',110,'/forums/2020/01/23/5e293c96de4a6.jpg','2020-01-23 09:26:30','2020-01-23 09:26:30'),(180,'forum',111,'/forums/2020/01/23/5e293d6fdfe12.jpg','2020-01-23 09:30:07','2020-01-23 09:30:07'),(181,'forum',112,'/forums/2020/01/23/5e293dde0bf95.jpg','2020-01-23 09:31:58','2020-01-23 09:31:58'),(182,'forum',113,'/forums/2020/01/24/5e2ad25fb94fc.jpg','2020-01-24 14:17:51','2020-01-24 14:17:51'),(183,'forum',113,'/forums/2020/01/24/5e2ad25fb9eb7.jpg','2020-01-24 14:17:51','2020-01-24 14:17:51'),(184,'forum',113,'/forums/2020/01/24/5e2ad25fba3f2.jpg','2020-01-24 14:17:51','2020-01-24 14:17:51'),(185,'forum',114,'/forums/2020/04/07/5e8c6f51ba226.jpg','2020-04-07 15:17:21','2020-04-07 15:17:21'),(186,'forum',114,'/forums/2020/04/07/5e8c6f51bb03b.jpg','2020-04-07 15:17:21','2020-04-07 15:17:21'),(187,'forum',114,'/forums/2020/04/07/5e8c6f51bb5e2.jpg','2020-04-07 15:17:21','2020-04-07 15:17:21');
/*!40101 SET @saved_cs_client     = @@character_set_client */;
/*!40101 SET character_set_client = utf8 */;
CREATE TABLE `migrations` (
  `id` int(10) unsigned NOT NULL AUTO_INCREMENT,
  `migration` varchar(255) COLLATE utf8mb4_unicode_ci NOT NULL,
  `batch` int(11) NOT NULL,
  PRIMARY KEY (`id`)
) ENGINE=InnoDB AUTO_INCREMENT=87 DEFAULT CHARSET=utf8mb4 COLLATE=utf8mb4_unicode_ci;
/*!40101 SET character_set_client = @saved_cs_client */;
INSERT INTO `migrations` VALUES (2,'2014_10_12_100000_create_password_resets_table',1),(3,'2019_08_19_000000_create_failed_jobs_table',1),(4,'2019_10_12_120001_create_admins_table',1),(5,'2014_10_12_000000_create_users_table',2),(7,'2019_10_12_140244_create_tags_table',3),(9,'2019_10_12_140238_create_children_table',4),(10,'2019_10_12_140250_create_user_tags_table',5),(46,'2019_10_31_035450_create_articles_table',6),(47,'2019_10_31_035534_create_forums_table',6),(48,'2019_10_31_035539_create_events_table',6),(49,'2019_10_31_035606_create_playlists_table',6),(50,'2019_10_31_035613_create_records_table',6),(51,'2019_10_31_035625_create_vaccines_table',6),(53,'2019_10_31_035644_create_details_table',6),(54,'2019_10_31_090740_create_taggables_table',6),(57,'2019_11_06_172200_create_favourables_table',7),(58,'2019_11_06_173752_create_notifications_table',8),(61,'2019_11_10_142534_create_feeding_categories_table',9),(62,'2019_11_11_210742_create_feedings_table',9),(64,'2019_10_31_035634_create_comments_table',10),(65,'2019_11_20_203753_create_comment_likes_table',11),(71,'2019_11_21_052251_create_consultations_table',12),(72,'2019_11_22_153134_create_authors_table',12),(74,'2019_11_22_201813_create_consultation_answers_table',12),(75,'2019_11_23_161709_create_images_table',13),(77,'2019_11_28_131747_create_notes_table',14),(78,'2019_11_29_131303_create_developments_table',15),(79,'2019_12_03_200605_create_about_us_table',16),(80,'2019_12_04_181836_create_discounts_table',17),(81,'2019_12_11_124110_create_blogs_table',18),(82,'2019_12_11_172610_create_webviews_table',19),(83,'2019_12_25_194329_create_forum_categories_table',20),(84,'2020_01_14_094238_create_event_types_table',21),(85,'2020_01_20_173123_create_scheduler_logs_table',22),(86,'2020_01_20_173250_create_settings_table',22);
/*!40101 SET @saved_cs_client     = @@character_set_client */;
/*!40101 SET character_set_client = utf8 */;
CREATE TABLE `notes` (
  `id` bigint(20) unsigned NOT NULL AUTO_INCREMENT,
  `noteable` varchar(255) COLLATE utf8mb4_unicode_ci NOT NULL,
  `value` text COLLATE utf8mb4_unicode_ci NOT NULL,
  `created_at` timestamp NULL DEFAULT NULL,
  `updated_at` timestamp NULL DEFAULT NULL,
  PRIMARY KEY (`id`)
) ENGINE=InnoDB AUTO_INCREMENT=12 DEFAULT CHARSET=utf8mb4 COLLATE=utf8mb4_unicode_ci;
/*!40101 SET character_set_client = @saved_cs_client */;
INSERT INTO `notes` VALUES (8,'discount','Став участником дисконтной программы, Вы экономите на препаратах компании Santo, которые включены в программу. С полным списком препаратов можно ознакомиться на сайте компании. (Список препаратов, участвующих в программе и размер скидок может изменяться) Благодаря дисконтной программе от компании Santo, соблюдая рекомендации врача, Вы снизите стоимость лечения. Дисконтная программа создана с целью поддержать Ваше желание следовать схеме (предписаниям) и полностью пройти назначенную врачом терапию. Ваша скидка увеличивается с каждым месяцем лечения: 1-ый месяц - 10%, 2-6 месяцы - 15%, с 7-го месяца - 20%. Максимальная скидка сохраняется на все последующие покупки. Скидка действует в сети аптек “Биосфера”.','2019-12-04 16:27:03','2019-12-22 21:24:18'),(9,'tag','Выберите темы, которые вас интересуют. Именно они будут отображаться в приложении. Вы можете ничего не выбирать и тогда в приложении будут отображаться все материалы. Теги можно добавлять и удалять в любой момент.','2019-12-21 07:42:17','2020-01-11 13:13:00'),(10,'playlist','Для медитации необходимо выделить 10-15 мин, чтобы вас никто не беспокоил.\r\nПеред тем как начать медитацию, пожалуйста, займите удобное положение сидя или лежа, не скрещивайте руки и ноги, закройте глаза и добро пожаловать в мир медитации.\r\nВнимание! Все практики направлены на поверхностное снятие стресса! В случае тяжелого психологического состояния или необходимости глубокой проработки страхов и тревожности, обратитесь к специалисту лично.','2020-01-20 10:58:13','2020-01-20 10:58:13'),(11,'blog','При создании заметки, наш специалист будет на протяжении 3 часов отвечать на ваши вопросы онлайн!','2020-01-21 20:52:40','2020-01-21 20:52:40');
/*!40101 SET @saved_cs_client     = @@character_set_client */;
/*!40101 SET character_set_client = utf8 */;
CREATE TABLE `notifications` (
  `id` bigint(20) unsigned NOT NULL AUTO_INCREMENT,
  `user_id` bigint(20) unsigned NOT NULL,
  `notificatable_id` bigint(20) unsigned DEFAULT NULL,
  `unique_id` bigint(20) unsigned DEFAULT NULL,
  `notificatable_type` varchar(255) COLLATE utf8mb4_unicode_ci DEFAULT NULL,
  `title` varchar(255) COLLATE utf8mb4_unicode_ci NOT NULL,
  `body` varchar(255) COLLATE utf8mb4_unicode_ci NOT NULL,
  `thumb` varchar(255) COLLATE utf8mb4_unicode_ci DEFAULT NULL,
  `is_read` tinyint(4) NOT NULL DEFAULT '0',
  `created_at` timestamp NULL DEFAULT NULL,
  `updated_at` timestamp NULL DEFAULT NULL,
  PRIMARY KEY (`id`),
  KEY `notifications_user_id_foreign` (`user_id`),
  CONSTRAINT `notifications_user_id_foreign` FOREIGN KEY (`user_id`) REFERENCES `users` (`id`) ON DELETE CASCADE
) ENGINE=InnoDB AUTO_INCREMENT=1070 DEFAULT CHARSET=utf8mb4 COLLATE=utf8mb4_unicode_ci;
/*!40101 SET character_set_client = @saved_cs_client */;
INSERT INTO `notifications` VALUES (64,1,18,120,'vaccine','Злата нужно сделать прививку \'Прививку от кори, краснухи и паротита\'','Злата нужно сделать прививку \'Прививку от кори, краснухи и паротита\'',NULL,1,'2019-12-18 15:41:02','2019-12-28 16:21:43'),(153,92,15,110,'vaccine','Танк нужно сделать прививку \'Повторные прививки\'','Танк нужно сделать прививку \'Повторные прививки\'',NULL,1,'2019-12-19 17:10:03','2020-04-01 11:56:54'),(154,92,20,127,'vaccine','Лилия нужно сделать прививку \'БЦЖ, прививка от кори, краснухи и паротита и АКДС\'','Лилия нужно сделать прививку \'БЦЖ, прививка от кори, краснухи и паротита и АКДС\'',NULL,1,'2019-12-19 17:10:03','2020-04-01 11:56:54'),(155,96,18,122,'vaccine','Давид нужно сделать прививку \'Прививку от кори, краснухи и паротита\'','Давид нужно сделать прививку \'Прививку от кори, краснухи и паротита\'',NULL,1,'2019-12-19 17:10:03','2020-01-27 06:03:51'),(161,96,96,NULL,'discount','Вы получили промокод 4281037685180589','Используйте промокод для получения скидки на все товары Santo',NULL,1,'2019-12-19 23:52:02','2020-01-27 06:03:51'),(162,96,96,NULL,'discount','Вы получили промокод 4261872704259156','Используйте промокод для получения скидки на все товары Santo',NULL,1,'2019-12-19 23:52:10','2020-01-27 06:03:51'),(163,96,96,NULL,'discount','Вы получили промокод 8254347670794130','Используйте промокод для получения скидки на все товары Santo',NULL,1,'2019-12-19 23:52:10','2020-01-27 06:03:51'),(176,86,42,70,'forum','Арсен ответил на ваш комментарий','Sample, Asdasd','/storage/2019/11/15/5dcea3a489839.jpg',1,'2019-12-21 16:00:40','2020-01-23 10:00:40'),(177,86,42,70,'forum','Арсен понравился ваш комментарий','Bbbbbb','/storage/2019/11/15/5dcea3a489839.jpg',1,'2019-12-21 16:00:55','2020-01-23 10:00:40'),(178,86,42,70,'forum','Арсен ответил на ваш комментарий','Sample, qwerueiwoqiwydyshwkwowiehhw','/storage/2019/11/15/5dcea3a489839.jpg',1,'2019-12-21 16:02:15','2020-01-23 10:00:40'),(179,86,42,70,'forum','Арсен понравился ваш комментарий','Bbbbbb','/storage/2019/11/15/5dcea3a489839.jpg',1,'2019-12-21 16:02:22','2020-01-23 10:00:40'),(180,86,42,70,'forum','Арсен понравился ваш комментарий','Bbbbbb','/storage/2019/11/15/5dcea3a489839.jpg',1,'2019-12-21 16:02:37','2020-01-23 10:00:40'),(181,86,42,70,'forum','Арсен ответил на ваш комментарий','Sample, hajakakahahva','/storage/2019/11/15/5dcea3a489839.jpg',1,'2019-12-21 16:02:44','2020-01-23 10:00:40'),(182,86,42,70,'forum','Арсен понравился ваш комментарий','Bbbbbb','/storage/2019/11/15/5dcea3a489839.jpg',1,'2019-12-21 16:02:52','2020-01-23 10:00:40'),(186,86,42,86,'forum','Sample ответил на ваш комментарий','Sample, bxbdbd','/storage/2019/12/09/5dedeb6e17a41.jpg',1,'2019-12-23 08:36:12','2020-01-23 10:00:40'),(187,86,42,86,'forum','Sample ответил на ваш комментарий','Sample, hshshs','/storage/2019/12/09/5dedeb6e17a41.jpg',1,'2019-12-23 08:36:31','2020-01-23 10:00:40'),(189,86,50,86,'forum','Sample ответил на ваш комментарий','Sample, очень опасно','/storage/2019/12/23/5e005dcb6b731.',1,'2019-12-23 09:57:39','2020-01-23 10:00:40'),(198,86,13,102,'vaccine','776 по п нужно сделать прививку \'Туберкулез (БЦЖ) и гепатит В\'','776 по п нужно сделать прививку \'Туберкулез (БЦЖ) и гепатит В\'',NULL,1,'2019-12-23 17:10:03','2020-01-23 10:00:40'),(205,96,96,NULL,'discount','Вы получили промокод 1654306567201587','Используйте промокод для получения скидки на все товары Santo',NULL,1,'2019-12-25 16:50:26','2020-01-27 06:03:51'),(206,96,96,NULL,'discount','Вы получили промокод 2017818467982289','Используйте промокод для получения скидки на все товары Santo',NULL,1,'2019-12-25 16:50:26','2020-01-27 06:03:51'),(207,96,96,NULL,'discount','Вы получили промокод 1028151694643613','Используйте промокод для получения скидки на все товары Santo',NULL,1,'2019-12-25 16:50:43','2020-01-27 06:03:51'),(208,96,96,NULL,'discount','Вы получили промокод 1818300843909063','Используйте промокод для получения скидки на все товары Santo',NULL,1,'2019-12-25 16:50:56','2020-01-27 06:03:51'),(211,96,96,NULL,'discount','Вы получили промокод 1813639158281776','Используйте промокод для получения скидки на все товары Santo',NULL,1,'2019-12-25 20:16:25','2020-01-27 06:03:51'),(212,116,50,116,'forum','Леонтий ответил на ваш комментарий','Леонтий, ответ сам себе',NULL,1,'2019-12-26 13:59:08','2019-12-30 19:34:31'),(213,86,50,116,'forum','Леонтий понравился ваш комментарий','Sample, очень опасно',NULL,1,'2019-12-26 13:59:26','2020-01-23 10:00:40'),(214,92,15,144,'vaccine','3мес нужно сделать прививку \'Повторные прививки\'','3мес нужно сделать прививку \'Повторные прививки\'',NULL,1,'2019-12-28 17:10:03','2020-04-01 11:56:54'),(215,86,55,116,'forum','Леонтий понравился ваш комментарий','Skoro',NULL,1,'2019-12-28 17:18:35','2020-01-23 10:00:40'),(216,86,55,116,'forum','Леонтий ответил на ваш комментарий','Sample, da',NULL,1,'2019-12-28 17:18:43','2020-01-23 10:00:40'),(217,86,55,116,'forum','Леонтий ответил на ваш комментарий','Sample, skoro',NULL,1,'2019-12-28 17:19:04','2020-01-23 10:00:40'),(219,116,50,107,'forum','Bulat понравился ваш комментарий','Леонтий, ответ сам себе',NULL,1,'2019-12-30 10:04:17','2019-12-30 19:34:31'),(220,107,41,92,'forum','Игорь ответил на ваш комментарий','Bulat, тест ответ','/storage/2019/12/13/5df38383017ac.jpg',1,'2019-12-30 19:32:39','2020-02-14 12:22:32'),(221,107,41,92,'forum','Игорь понравился ваш комментарий','Test3','/storage/2019/12/13/5df38383017ac.jpg',1,'2019-12-30 19:32:43','2020-02-14 12:22:32'),(224,92,16,110,'vaccine','Танк нужно сделать прививку \'3 этап вакцинирования\'','Танк нужно сделать прививку \'3 этап вакцинирования\'',NULL,1,'2020-01-01 10:00:02','2020-04-01 11:56:54'),(225,70,15,86,'vaccine','Арсен нужно сделать прививку \'Повторные прививки\'','Арсен нужно сделать прививку \'Повторные прививки\'',NULL,1,'2020-01-06 10:00:02','2020-01-22 08:39:48'),(226,70,15,130,'vaccine','Gulnaz нужно сделать прививку \'Повторные прививки\'','Gulnaz нужно сделать прививку \'Повторные прививки\'',NULL,1,'2020-01-06 10:00:03','2020-01-22 08:39:48'),(227,92,41,96,'forum','Людмила понравился ваш комментарий','Bulat, тест ответ',NULL,1,'2020-01-06 17:58:39','2020-04-01 11:56:54'),(228,107,41,89,'forum','Eldor понравился ваш комментарий','Test','/storage/2020/01/06/5e1311cd63188.',1,'2020-01-08 08:08:48','2020-02-14 12:22:32'),(229,107,41,89,'forum','Eldor понравился ваш комментарий','Test','/storage/2020/01/06/5e1311cd63188.',1,'2020-01-08 08:08:51','2020-02-14 12:22:32'),(230,107,41,89,'forum','Eldor понравился ваш комментарий','Test2','/storage/2020/01/06/5e1311cd63188.',1,'2020-01-08 08:08:54','2020-02-14 12:22:32'),(235,89,1,127,'blog','Arsen понравился ваш комментарий','Arsen, жай жай',NULL,1,'2020-01-08 09:37:01','2020-04-08 06:51:30'),(236,127,13,153,'vaccine','back нужно сделать прививку \'Туберкулез (БЦЖ) и гепатит В\'','back нужно сделать прививку \'Туберкулез (БЦЖ) и гепатит В\'',NULL,1,'2020-01-08 10:00:02','2020-01-15 14:07:07'),(237,116,50,89,'forum','Eldor ответил на ваш комментарий','Леонтий, привет','/storage/2020/01/06/5e1311cd63188.',0,'2020-01-08 11:26:04','2020-01-08 11:26:04'),(238,89,50,89,'forum','Eldor ответил на ваш комментарий','Eldor, привет','/storage/2020/01/06/5e1311cd63188.',1,'2020-01-08 11:26:25','2020-04-08 06:51:30'),(239,86,50,89,'forum','Eldor ответил на ваш комментарий','Sample, ымм да','/storage/2020/01/06/5e1311cd63188.',1,'2020-01-08 11:28:13','2020-01-23 10:00:40'),(240,89,50,89,'forum','Eldor ответил на ваш комментарий','Eldor, где ты','/storage/2020/01/06/5e1311cd63188.',1,'2020-01-08 11:29:03','2020-04-08 06:51:30'),(241,89,50,89,'forum','Eldor ответил на ваш комментарий','Eldor, дома','/storage/2020/01/06/5e1311cd63188.',1,'2020-01-08 11:31:06','2020-04-08 06:51:30'),(242,89,50,89,'forum','Eldor ответил на ваш комментарий','Eldor, тест2','/storage/2020/01/06/5e1311cd63188.',1,'2020-01-08 11:32:22','2020-04-08 06:51:30'),(243,89,50,89,'forum','Eldor ответил на ваш комментарий','Eldor, тест3','/storage/2020/01/06/5e1311cd63188.',1,'2020-01-08 11:32:39','2020-04-08 06:51:30'),(244,89,50,89,'forum','Eldor ответил на ваш комментарий','Eldor, тест4','/storage/2020/01/06/5e1311cd63188.',1,'2020-01-08 11:32:59','2020-04-08 06:51:30'),(245,89,50,89,'forum','Eldor ответил на ваш комментарий','Eldor, тест5','/storage/2020/01/06/5e1311cd63188.',1,'2020-01-08 11:33:55','2020-04-08 06:51:30'),(246,89,50,89,'forum','Eldor ответил на ваш комментарий','Eldor, как дела','/storage/2020/01/06/5e1311cd63188.',1,'2020-01-08 11:34:38','2020-04-08 06:51:30'),(247,89,50,89,'forum','Eldor ответил на ваш комментарий','Eldor, тест 6','/storage/2020/01/06/5e1311cd63188.',1,'2020-01-08 11:35:09','2020-04-08 06:51:30'),(248,116,55,89,'forum','Eldor понравился ваш комментарий','Sample, skoro','/storage/2020/01/06/5e1311cd63188.',0,'2020-01-08 15:17:58','2020-01-08 15:17:58'),(249,89,41,127,'forum','Arsen понравился ваш комментарий','платвоцорво',NULL,1,'2020-01-09 13:31:12','2020-04-08 06:51:30'),(250,89,41,127,'forum','Arsen понравился ваш комментарий','Getting',NULL,1,'2020-01-09 13:31:16','2020-04-08 06:51:30'),(251,89,41,127,'forum','Arsen понравился ваш комментарий','Getting2',NULL,1,'2020-01-09 13:31:17','2020-04-08 06:51:30'),(252,89,41,127,'forum','Arsen понравился ваш комментарий','Getting3',NULL,1,'2020-01-09 13:31:18','2020-04-08 06:51:30'),(253,89,41,127,'forum','Arsen понравился ваш комментарий','Getting4',NULL,1,'2020-01-09 13:31:20','2020-04-08 06:51:30'),(254,89,41,127,'forum','Arsen ответил на ваш комментарий','Eldor, тест',NULL,1,'2020-01-09 13:31:46','2020-04-08 06:51:30'),(255,89,41,127,'forum','Arsen ответил на ваш комментарий','Eldor, @?',NULL,1,'2020-01-09 13:32:15','2020-04-08 06:51:30'),(256,89,41,127,'forum','Arsen понравился ваш комментарий','Getting4',NULL,1,'2020-01-09 13:32:25','2020-04-08 06:51:30'),(257,86,55,89,'forum','Eldor ответил на ваш комментарий','Sample, еее','/storage/2020/01/06/5e1311cd63188.',1,'2020-01-09 13:35:48','2020-01-23 10:00:40'),(258,89,41,127,'forum','Arsen понравился ваш комментарий','Getting',NULL,1,'2020-01-09 13:56:44','2020-04-08 06:51:30'),(259,89,41,127,'forum','Arsen понравился ваш комментарий','Getting2',NULL,1,'2020-01-09 13:57:35','2020-04-08 06:51:30'),(260,127,41,89,'forum','Eldor понравился ваш комментарий','Eldor, @?','/storage/2020/01/06/5e1311cd63188.',1,'2020-01-09 13:58:41','2020-01-15 14:07:07'),(261,127,41,89,'forum','Eldor понравился ваш комментарий','Eldor, тест','/storage/2020/01/06/5e1311cd63188.',1,'2020-01-09 13:58:45','2020-01-15 14:07:07'),(262,89,41,127,'forum','Arsen понравился ваш комментарий','Getting4',NULL,1,'2020-01-09 14:03:28','2020-04-08 06:51:30'),(263,89,41,127,'forum','Arsen понравился ваш комментарий','Getting4',NULL,1,'2020-01-09 14:03:30','2020-04-08 06:51:30'),(265,92,41,89,'forum','Eldor понравился ваш комментарий','Bulat, тест ответ','/storage/2020/01/06/5e1311cd63188.',1,'2020-01-09 14:03:42','2020-04-01 11:56:54'),(267,92,41,89,'forum','Eldor понравился ваш комментарий','Bulat, тест ответ','/storage/2020/01/06/5e1311cd63188.',1,'2020-01-09 14:03:49','2020-04-01 11:56:54'),(268,1,1,70,'forum','Арсен понравился ваш комментарий','Лео, оооо ааа','/storage/2019/12/27/5e06157f195e6.jpg',0,'2020-01-09 14:04:01','2020-01-09 14:04:01'),(269,1,1,70,'forum','Арсен понравился ваш комментарий','Лео, оооо ааа','/storage/2019/12/27/5e06157f195e6.jpg',0,'2020-01-09 14:05:17','2020-01-09 14:05:17'),(270,1,1,70,'forum','Арсен понравился ваш комментарий','Лео, оооо ааа','/storage/2019/12/27/5e06157f195e6.jpg',0,'2020-01-09 14:05:21','2020-01-09 14:05:21'),(274,86,50,89,'forum','Eldor понравился ваш комментарий','Простуда','/storage/2020/01/06/5e1311cd63188.',1,'2020-01-09 14:07:42','2020-01-23 10:00:40'),(276,86,50,89,'forum','Eldor ответил на ваш комментарий','Sample, Make','/storage/2020/01/06/5e1311cd63188.',1,'2020-01-09 14:11:03','2020-01-23 10:00:40'),(282,1,1,70,'forum','Арсен понравился ваш комментарий','Лео, оооо ааа','/storage/2019/12/27/5e06157f195e6.jpg',0,'2020-01-09 14:18:13','2020-01-09 14:18:13'),(283,1,1,70,'forum','Арсен понравился ваш комментарий','Лео, оооо ааа','/storage/2019/12/27/5e06157f195e6.jpg',0,'2020-01-09 14:18:13','2020-01-09 14:18:13'),(284,1,1,70,'forum','Арсен понравился ваш комментарий','Лео, оооо ааа','/storage/2019/12/27/5e06157f195e6.jpg',0,'2020-01-09 14:19:38','2020-01-09 14:19:38'),(285,1,1,70,'forum','Арсен понравился ваш комментарий','Лео, оооо ааа','/storage/2019/12/27/5e06157f195e6.jpg',0,'2020-01-09 14:19:48','2020-01-09 14:19:48'),(286,1,1,70,'forum','Арсен понравился ваш комментарий','Лео, оооо ааа','/storage/2019/12/27/5e06157f195e6.jpg',0,'2020-01-09 14:19:49','2020-01-09 14:19:49'),(287,1,1,70,'forum','Арсен понравился ваш комментарий','Лео, оооо ааа','/storage/2019/12/27/5e06157f195e6.jpg',0,'2020-01-09 14:21:27','2020-01-09 14:21:27'),(293,139,6,139,'blog','али ответил на ваш комментарий','али, hhd','/storage/2020/01/10/5e185415aa50d.',1,'2020-01-10 14:32:12','2020-03-11 09:08:47'),(294,139,6,89,'blog','Eldor понравился ваш комментарий','he','/storage/2020/01/06/5e1311cd63188.',1,'2020-01-10 15:16:50','2020-03-11 09:08:47'),(300,139,18,162,'vaccine','hdbdbbe нужно сделать прививку \'Прививку от кори, краснухи и паротита\'','hdbdbbe нужно сделать прививку \'Прививку от кори, краснухи и паротита\'',NULL,1,'2020-01-11 10:00:03','2020-03-11 09:08:47'),(302,70,16,130,'vaccine','Gulnaz нужно сделать прививку \'3 этап вакцинирования\'','Gulnaz нужно сделать прививку \'3 этап вакцинирования\'',NULL,1,'2020-01-12 10:00:03','2020-01-22 08:39:48'),(303,116,55,92,'forum','Игорь понравился ваш комментарий','Sample, da','/storage/2019/12/13/5df38383017ac.jpg',0,'2020-01-13 10:40:20','2020-01-13 10:40:20'),(304,116,55,92,'forum','Игорь понравился ваш комментарий','Sample, skoro','/storage/2019/12/13/5df38383017ac.jpg',0,'2020-01-13 10:40:28','2020-01-13 10:40:28'),(305,107,41,92,'forum','Игорь ответил на ваш комментарий','Bulat, проверка форума','/storage/2019/12/13/5df38383017ac.jpg',1,'2020-01-13 12:28:29','2020-02-14 12:22:32'),(306,86,50,107,'forum','Bulat понравился ваш комментарий','Простуда',NULL,1,'2020-01-13 14:39:03','2020-01-23 10:00:40'),(307,116,50,107,'forum','Bulat ответил на ваш комментарий','Леонтий, check',NULL,0,'2020-01-13 14:39:22','2020-01-13 14:39:22'),(308,92,41,107,'forum','Bulat понравился ваш комментарий','Bulat, тест ответ',NULL,1,'2020-01-13 14:41:00','2020-04-01 11:56:54'),(309,92,41,107,'forum','Bulat ответил на ваш комментарий','Игорь, ok',NULL,1,'2020-01-13 14:41:05','2020-04-01 11:56:54'),(310,70,36,96,'consultation','Люси понравился ваш комментарий','Я слышал что простуда у детей это естественное явление и укрепляет иммунитет.',NULL,1,'2020-01-13 16:57:13','2020-01-22 08:39:48'),(311,70,36,96,'consultation','Люси ответил на ваш комментарий','Арсен, и что вы думаете это не нужно лечить?',NULL,1,'2020-01-13 16:57:29','2020-01-22 08:39:48'),(312,96,36,127,'consultation','Arsen ответил на ваш комментарий','Люси, Еще как нужно. Просто хотел проинформировать, чтобы родители сильно не переживали)',NULL,1,'2020-01-13 17:45:19','2020-01-27 06:03:51'),(313,96,36,127,'consultation','Arsen понравился ваш комментарий','Арсен, и что вы думаете это не нужно лечить?',NULL,1,'2020-01-13 17:46:27','2020-01-27 06:03:51'),(315,139,46,136,'forum','Камилла понравился ваш комментарий','get',NULL,1,'2020-01-14 06:24:21','2020-03-11 09:08:47'),(316,139,46,136,'forum','Камилла ответил на ваш комментарий','али, тест',NULL,1,'2020-01-14 06:24:27','2020-03-11 09:08:47'),(319,139,15,165,'vaccine','3ai нужно сделать прививку \'Повторные прививки\'','3ai нужно сделать прививку \'Повторные прививки\'',NULL,1,'2020-01-14 10:00:04','2020-03-11 09:08:47'),(321,140,15,164,'vaccine','Саша нужно сделать прививку \'Повторные прививки\'','Саша нужно сделать прививку \'Повторные прививки\'',NULL,0,'2020-01-14 10:00:05','2020-01-14 10:00:05'),(324,86,13,163,'vaccine','Hdhshshshs нужно сделать прививку \'Туберкулез (БЦЖ) и гепатит В\'','Hdhshshshs нужно сделать прививку \'Туберкулез (БЦЖ) и гепатит В\'',NULL,1,'2020-01-15 10:00:01','2020-01-23 10:00:40'),(325,70,1,127,'blog','asdasdasd','asdasdasd',NULL,1,NULL,'2020-01-22 08:39:48'),(326,70,35,86,'vaccine','Арсен нужно сделать прививку \'Хиб\'','Арсен нужно сделать прививку \'Хиб\'',NULL,1,'2020-01-16 10:00:03','2020-01-22 08:39:48'),(327,70,36,86,'vaccine','Арсен нужно сделать прививку \'ИПВ\'','Арсен нужно сделать прививку \'ИПВ\'',NULL,1,'2020-01-16 10:00:03','2020-01-22 08:39:48'),(328,70,37,130,'vaccine','Gulnaz нужно сделать прививку \'Хиб\'','Gulnaz нужно сделать прививку \'Хиб\'',NULL,1,'2020-01-16 10:00:04','2020-01-22 08:39:48'),(331,70,40,130,'vaccine','Gulnaz нужно сделать прививку \'Пневмо\'','Gulnaz нужно сделать прививку \'Пневмо\'',NULL,1,'2020-01-16 10:00:04','2020-01-22 08:39:48'),(332,86,30,106,'vaccine','Арурц нужно сделать прививку \'АбКДС\'','Арурц нужно сделать прививку \'АбКДС\'',NULL,1,'2020-01-16 10:00:04','2020-01-23 10:00:40'),(333,86,31,106,'vaccine','Арурц нужно сделать прививку \'Хиб\'','Арурц нужно сделать прививку \'Хиб\'',NULL,1,'2020-01-16 10:00:04','2020-01-23 10:00:40'),(334,86,32,106,'vaccine','Арурц нужно сделать прививку \'ВГВ\'','Арурц нужно сделать прививку \'ВГВ\'',NULL,1,'2020-01-16 10:00:04','2020-01-23 10:00:40'),(335,86,33,106,'vaccine','Арурц нужно сделать прививку \'ИПВ\'','Арурц нужно сделать прививку \'ИПВ\'',NULL,1,'2020-01-16 10:00:04','2020-01-23 10:00:40'),(336,86,34,106,'vaccine','Арурц нужно сделать прививку \'Пневмо\'','Арурц нужно сделать прививку \'Пневмо\'',NULL,1,'2020-01-16 10:00:05','2020-01-23 10:00:40'),(337,86,30,147,'vaccine','Рррр нужно сделать прививку \'АбКДС\'','Рррр нужно сделать прививку \'АбКДС\'',NULL,1,'2020-01-16 10:00:05','2020-01-23 10:00:40'),(338,86,31,147,'vaccine','Рррр нужно сделать прививку \'Хиб\'','Рррр нужно сделать прививку \'Хиб\'',NULL,1,'2020-01-16 10:00:05','2020-01-23 10:00:40'),(339,86,32,147,'vaccine','Рррр нужно сделать прививку \'ВГВ\'','Рррр нужно сделать прививку \'ВГВ\'',NULL,1,'2020-01-16 10:00:05','2020-01-23 10:00:40'),(340,86,33,147,'vaccine','Рррр нужно сделать прививку \'ИПВ\'','Рррр нужно сделать прививку \'ИПВ\'',NULL,1,'2020-01-16 10:00:05','2020-01-23 10:00:40'),(341,86,34,147,'vaccine','Рррр нужно сделать прививку \'Пневмо\'','Рррр нужно сделать прививку \'Пневмо\'',NULL,1,'2020-01-16 10:00:05','2020-01-23 10:00:40'),(342,92,37,110,'vaccine','Танк нужно сделать прививку \'Хиб\'','Танк нужно сделать прививку \'Хиб\'',NULL,1,'2020-01-16 10:00:06','2020-04-01 11:56:54'),(343,92,38,110,'vaccine','Танк нужно сделать прививку \'ВГВ\'','Танк нужно сделать прививку \'ВГВ\'',NULL,1,'2020-01-16 10:00:06','2020-04-01 11:56:54'),(344,92,39,110,'vaccine','Танк нужно сделать прививку \'ИПВ\'','Танк нужно сделать прививку \'ИПВ\'',NULL,1,'2020-01-16 10:00:06','2020-04-01 11:56:54'),(345,92,40,110,'vaccine','Танк нужно сделать прививку \'Пневмо\'','Танк нужно сделать прививку \'Пневмо\'',NULL,1,'2020-01-16 10:00:06','2020-04-01 11:56:54'),(346,92,45,127,'vaccine','Лилия нужно сделать прививку \'АбКДС\'','Лилия нужно сделать прививку \'АбКДС\'',NULL,1,'2020-01-16 10:00:07','2020-04-01 11:56:54'),(347,92,46,127,'vaccine','Лилия нужно сделать прививку \'ККП\'','Лилия нужно сделать прививку \'ККП\'',NULL,1,'2020-01-16 10:00:07','2020-04-01 11:56:54'),(348,92,30,143,'vaccine','2мес нужно сделать прививку \'АбКДС\'','2мес нужно сделать прививку \'АбКДС\'',NULL,1,'2020-01-16 10:00:07','2020-04-01 11:56:54'),(349,92,31,143,'vaccine','2мес нужно сделать прививку \'Хиб\'','2мес нужно сделать прививку \'Хиб\'',NULL,1,'2020-01-16 10:00:07','2020-04-01 11:56:54'),(350,92,32,143,'vaccine','2мес нужно сделать прививку \'ВГВ\'','2мес нужно сделать прививку \'ВГВ\'',NULL,1,'2020-01-16 10:00:08','2020-04-01 11:56:54'),(351,92,33,143,'vaccine','2мес нужно сделать прививку \'ИПВ\'','2мес нужно сделать прививку \'ИПВ\'',NULL,1,'2020-01-16 10:00:08','2020-04-01 11:56:54'),(352,92,34,143,'vaccine','2мес нужно сделать прививку \'Пневмо\'','2мес нужно сделать прививку \'Пневмо\'',NULL,1,'2020-01-16 10:00:08','2020-04-01 11:56:54'),(353,92,35,144,'vaccine','3мес нужно сделать прививку \'Хиб\'','3мес нужно сделать прививку \'Хиб\'',NULL,1,'2020-01-16 10:00:09','2020-04-01 11:56:54'),(354,92,36,144,'vaccine','3мес нужно сделать прививку \'ИПВ\'','3мес нужно сделать прививку \'ИПВ\'',NULL,1,'2020-01-16 10:00:09','2020-04-01 11:56:54'),(355,127,30,161,'vaccine','Арсен нужно сделать прививку \'АбКДС\'','Арсен нужно сделать прививку \'АбКДС\'',NULL,0,'2020-01-16 10:00:09','2020-01-16 10:00:09'),(356,127,31,161,'vaccine','Арсен нужно сделать прививку \'Хиб\'','Арсен нужно сделать прививку \'Хиб\'',NULL,0,'2020-01-16 10:00:09','2020-01-16 10:00:09'),(357,127,32,161,'vaccine','Арсен нужно сделать прививку \'ВГВ\'','Арсен нужно сделать прививку \'ВГВ\'',NULL,0,'2020-01-16 10:00:10','2020-01-16 10:00:10'),(358,127,33,161,'vaccine','Арсен нужно сделать прививку \'ИПВ\'','Арсен нужно сделать прививку \'ИПВ\'',NULL,0,'2020-01-16 10:00:10','2020-01-16 10:00:10'),(359,127,34,161,'vaccine','Арсен нужно сделать прививку \'Пневмо\'','Арсен нужно сделать прививку \'Пневмо\'',NULL,0,'2020-01-16 10:00:10','2020-01-16 10:00:10'),(360,139,30,162,'vaccine','hdbdbbe нужно сделать прививку \'АбКДС\'','hdbdbbe нужно сделать прививку \'АбКДС\'',NULL,1,'2020-01-16 10:00:10','2020-03-11 09:08:47'),(361,139,31,162,'vaccine','hdbdbbe нужно сделать прививку \'Хиб\'','hdbdbbe нужно сделать прививку \'Хиб\'',NULL,1,'2020-01-16 10:00:10','2020-03-11 09:08:47'),(362,139,32,162,'vaccine','hdbdbbe нужно сделать прививку \'ВГВ\'','hdbdbbe нужно сделать прививку \'ВГВ\'',NULL,1,'2020-01-16 10:00:10','2020-03-11 09:08:47'),(363,139,33,162,'vaccine','hdbdbbe нужно сделать прививку \'ИПВ\'','hdbdbbe нужно сделать прививку \'ИПВ\'',NULL,1,'2020-01-16 10:00:10','2020-03-11 09:08:47'),(364,139,34,162,'vaccine','hdbdbbe нужно сделать прививку \'Пневмо\'','hdbdbbe нужно сделать прививку \'Пневмо\'',NULL,1,'2020-01-16 10:00:10','2020-03-11 09:08:47'),(365,139,35,165,'vaccine','3ai нужно сделать прививку \'Хиб\'','3ai нужно сделать прививку \'Хиб\'',NULL,1,'2020-01-16 10:00:11','2020-03-11 09:08:47'),(366,139,36,165,'vaccine','3ai нужно сделать прививку \'ИПВ\'','3ai нужно сделать прививку \'ИПВ\'',NULL,1,'2020-01-16 10:00:11','2020-03-11 09:08:47'),(367,140,35,164,'vaccine','Саша нужно сделать прививку \'Хиб\'','Саша нужно сделать прививку \'Хиб\'',NULL,0,'2020-01-16 10:00:11','2020-01-16 10:00:11'),(368,140,36,164,'vaccine','Саша нужно сделать прививку \'ИПВ\'','Саша нужно сделать прививку \'ИПВ\'',NULL,0,'2020-01-16 10:00:11','2020-01-16 10:00:11'),(506,1,41,120,'vaccine','Злата нужно сделать прививку \'ККП\'','Злата нужно сделать прививку \'ККП\'',NULL,0,'2020-01-17 10:00:03','2020-01-17 10:00:03'),(507,1,42,120,'vaccine','Злата нужно сделать прививку \'Пневмо\'','Злата нужно сделать прививку \'Пневмо\'',NULL,0,'2020-01-17 10:00:03','2020-01-17 10:00:03'),(513,70,38,130,'vaccine','Gulnaz нужно сделать прививку \'ВГВ\'','Gulnaz нужно сделать прививку \'ВГВ\'',NULL,1,'2020-01-17 10:00:05','2020-01-22 08:39:48'),(514,70,39,130,'vaccine','Gulnaz нужно сделать прививку \'ИПВ\'','Gulnaz нужно сделать прививку \'ИПВ\'',NULL,1,'2020-01-17 10:00:05','2020-01-22 08:39:48'),(539,92,18,142,'vaccine','1год нужно сделать прививку \'ОПВ\'','1год нужно сделать прививку \'ОПВ\'',NULL,1,'2020-01-17 10:00:09','2020-04-01 11:56:54'),(540,92,41,142,'vaccine','1год нужно сделать прививку \'ККП\'','1год нужно сделать прививку \'ККП\'',NULL,1,'2020-01-17 10:00:09','2020-04-01 11:56:54'),(541,92,42,142,'vaccine','1год нужно сделать прививку \'Пневмо\'','1год нужно сделать прививку \'Пневмо\'',NULL,1,'2020-01-17 10:00:09','2020-04-01 11:56:54'),(561,92,15,143,'vaccine','2мес нужно сделать прививку \'АбКДС\'','2мес нужно сделать прививку \'АбКДС\'',NULL,1,'2020-01-17 10:00:10','2020-04-01 11:56:54'),(562,92,35,143,'vaccine','2мес нужно сделать прививку \'Хиб\'','2мес нужно сделать прививку \'Хиб\'',NULL,1,'2020-01-17 10:00:10','2020-04-01 11:56:54'),(563,92,36,143,'vaccine','2мес нужно сделать прививку \'ИПВ\'','2мес нужно сделать прививку \'ИПВ\'',NULL,1,'2020-01-17 10:00:10','2020-04-01 11:56:54'),(565,92,16,144,'vaccine','3мес нужно сделать прививку \'АбКДС\'','3мес нужно сделать прививку \'АбКДС\'',NULL,1,'2020-01-17 10:00:11','2020-04-01 11:56:54'),(566,92,37,144,'vaccine','3мес нужно сделать прививку \'Хиб\'','3мес нужно сделать прививку \'Хиб\'',NULL,1,'2020-01-17 10:00:11','2020-04-01 11:56:54'),(584,92,38,144,'vaccine','3мес нужно сделать прививку \'ВГВ\'','3мес нужно сделать прививку \'ВГВ\'',NULL,1,'2020-01-17 10:00:12','2020-04-01 11:56:54'),(585,92,39,144,'vaccine','3мес нужно сделать прививку \'ИПВ\'','3мес нужно сделать прививку \'ИПВ\'',NULL,1,'2020-01-17 10:00:12','2020-04-01 11:56:54'),(586,92,40,144,'vaccine','3мес нужно сделать прививку \'Пневмо\'','3мес нужно сделать прививку \'Пневмо\'',NULL,1,'2020-01-17 10:00:12','2020-04-01 11:56:54'),(714,92,41,107,'forum','Bulat понравился ваш комментарий','Bulat, проверка форума',NULL,1,'2020-01-19 14:08:55','2020-04-01 11:56:54'),(715,86,55,107,'forum','Bulat понравился ваш комментарий','Skoro',NULL,1,'2020-01-19 14:11:28','2020-01-23 10:00:40'),(750,89,18,186,'vaccine','макбрро нужно сделать прививку \'ОПВ\'','макбрро нужно сделать прививку \'ОПВ\'',NULL,1,'2020-01-21 10:00:03','2020-04-08 06:51:30'),(751,89,41,186,'vaccine','макбрро нужно сделать прививку \'ККП\'','макбрро нужно сделать прививку \'ККП\'',NULL,1,'2020-01-21 10:00:03','2020-04-08 06:51:30'),(752,89,42,186,'vaccine','макбрро нужно сделать прививку \'Пневмо\'','макбрро нужно сделать прививку \'Пневмо\'',NULL,1,'2020-01-21 10:00:03','2020-04-08 06:51:30'),(753,89,18,187,'vaccine','база нужно сделать прививку \'ОПВ\'','база нужно сделать прививку \'ОПВ\'',NULL,1,'2020-01-21 10:00:05','2020-04-08 06:51:30'),(754,89,41,187,'vaccine','база нужно сделать прививку \'ККП\'','база нужно сделать прививку \'ККП\'',NULL,1,'2020-01-21 10:00:05','2020-04-08 06:51:30'),(755,89,42,187,'vaccine','база нужно сделать прививку \'Пневмо\'','база нужно сделать прививку \'Пневмо\'',NULL,1,'2020-01-21 10:00:05','2020-04-08 06:51:30'),(756,89,18,188,'vaccine','Мистер нужно сделать прививку \'ОПВ\'','Мистер нужно сделать прививку \'ОПВ\'',NULL,1,'2020-01-21 10:00:05','2020-04-08 06:51:30'),(757,89,41,188,'vaccine','Мистер нужно сделать прививку \'ККП\'','Мистер нужно сделать прививку \'ККП\'',NULL,1,'2020-01-21 10:00:06','2020-04-08 06:51:30'),(758,89,42,188,'vaccine','Мистер нужно сделать прививку \'Пневмо\'','Мистер нужно сделать прививку \'Пневмо\'',NULL,1,'2020-01-21 10:00:06','2020-04-08 06:51:30'),(759,70,46,70,'forum','Арсен ответил на ваш комментарий','Арсен, дввдлвлв','/storage/2019/12/27/5e06157f195e6.jpg',1,'2020-01-21 14:27:07','2020-01-22 08:39:48'),(760,70,46,70,'forum','Арсен ответил на ваш комментарий','Арсен, лылвлвоытво','/storage/2019/12/27/5e06157f195e6.jpg',1,'2020-01-21 14:27:12','2020-01-22 08:39:48'),(761,70,46,70,'forum','Арсен ответил на ваш комментарий','Арсен, дыдылввово','/storage/2019/12/27/5e06157f195e6.jpg',1,'2020-01-21 14:27:37','2020-01-22 08:39:48'),(762,70,46,70,'forum','Арсен ответил на ваш комментарий','Арсен, лыдыдылвлв','/storage/2019/12/27/5e06157f195e6.jpg',1,'2020-01-21 14:27:41','2020-01-22 08:39:48'),(763,70,46,70,'forum','Арсен ответил на ваш комментарий','Арсен, лвлвлвлвтв','/storage/2019/12/27/5e06157f195e6.jpg',1,'2020-01-21 14:28:50','2020-01-22 08:39:48'),(764,70,46,70,'forum','Арсен ответил на ваш комментарий','Арсен, лвлвлввооцт','/storage/2019/12/27/5e06157f195e6.jpg',1,'2020-01-21 14:29:13','2020-01-22 08:39:48'),(765,70,46,70,'forum','Арсен ответил на ваш комментарий','Арсен, лвлвовоуоу','/storage/2019/12/27/5e06157f195e6.jpg',1,'2020-01-21 14:29:16','2020-01-22 08:39:48'),(766,70,55,70,'forum','Арсен ответил на ваш комментарий','Арсен, дылылыоыоы','/storage/2019/12/27/5e06157f195e6.jpg',1,'2020-01-21 15:57:56','2020-01-22 08:39:48'),(767,70,55,70,'forum','Арсен ответил на ваш комментарий','Арсен, двлвлутытут','/storage/2019/12/27/5e06157f195e6.jpg',1,'2020-01-21 15:58:00','2020-01-22 08:39:48'),(768,1,6,NULL,'blog','Заметка \"Поэтапное расслабление\" будет отвечать онлайн сегодня в 16:00','Заметка \"Поэтапное расслабление\" будет отвечать на вопросы. Успейте задать интересущий вас вопрос!',NULL,0,'2020-01-21 16:00:03','2020-01-21 16:00:03'),(769,18,6,NULL,'blog','Заметка \"Поэтапное расслабление\" будет отвечать онлайн сегодня в 16:00','Заметка \"Поэтапное расслабление\" будет отвечать на вопросы. Успейте задать интересущий вас вопрос!',NULL,0,'2020-01-21 16:00:03','2020-01-21 16:00:03'),(770,43,6,NULL,'blog','Заметка \"Поэтапное расслабление\" будет отвечать онлайн сегодня в 16:00','Заметка \"Поэтапное расслабление\" будет отвечать на вопросы. Успейте задать интересущий вас вопрос!',NULL,0,'2020-01-21 16:00:03','2020-01-21 16:00:03'),(772,70,6,NULL,'blog','Заметка \"Поэтапное расслабление\" будет отвечать онлайн сегодня в 16:00','Заметка \"Поэтапное расслабление\" будет отвечать на вопросы. Успейте задать интересущий вас вопрос!',NULL,1,'2020-01-21 16:00:03','2020-01-22 08:39:48'),(773,86,6,NULL,'blog','Заметка \"Поэтапное расслабление\" будет отвечать онлайн сегодня в 16:00','Заметка \"Поэтапное расслабление\" будет отвечать на вопросы. Успейте задать интересущий вас вопрос!',NULL,1,'2020-01-21 16:00:03','2020-01-23 10:00:40'),(774,89,6,NULL,'blog','Заметка \"Поэтапное расслабление\" будет отвечать онлайн сегодня в 16:00','Заметка \"Поэтапное расслабление\" будет отвечать на вопросы. Успейте задать интересущий вас вопрос!',NULL,1,'2020-01-21 16:00:03','2020-04-08 06:51:30'),(775,92,6,NULL,'blog','Заметка \"Поэтапное расслабление\" будет отвечать онлайн сегодня в 16:00','Заметка \"Поэтапное расслабление\" будет отвечать на вопросы. Успейте задать интересущий вас вопрос!',NULL,1,'2020-01-21 16:00:03','2020-04-01 11:56:54'),(776,96,6,NULL,'blog','Заметка \"Поэтапное расслабление\" будет отвечать онлайн сегодня в 16:00','Заметка \"Поэтапное расслабление\" будет отвечать на вопросы. Успейте задать интересущий вас вопрос!',NULL,1,'2020-01-21 16:00:03','2020-01-27 06:03:51'),(777,105,6,NULL,'blog','Заметка \"Поэтапное расслабление\" будет отвечать онлайн сегодня в 16:00','Заметка \"Поэтапное расслабление\" будет отвечать на вопросы. Успейте задать интересущий вас вопрос!',NULL,0,'2020-01-21 16:00:03','2020-01-21 16:00:03'),(778,106,6,NULL,'blog','Заметка \"Поэтапное расслабление\" будет отвечать онлайн сегодня в 16:00','Заметка \"Поэтапное расслабление\" будет отвечать на вопросы. Успейте задать интересущий вас вопрос!',NULL,1,'2020-01-21 16:00:03','2020-02-28 18:40:39'),(779,107,6,NULL,'blog','Заметка \"Поэтапное расслабление\" будет отвечать онлайн сегодня в 16:00','Заметка \"Поэтапное расслабление\" будет отвечать на вопросы. Успейте задать интересущий вас вопрос!',NULL,1,'2020-01-21 16:00:03','2020-02-14 12:22:32'),(780,116,6,NULL,'blog','Заметка \"Поэтапное расслабление\" будет отвечать онлайн сегодня в 16:00','Заметка \"Поэтапное расслабление\" будет отвечать на вопросы. Успейте задать интересущий вас вопрос!',NULL,0,'2020-01-21 16:00:03','2020-01-21 16:00:03'),(781,125,6,NULL,'blog','Заметка \"Поэтапное расслабление\" будет отвечать онлайн сегодня в 16:00','Заметка \"Поэтапное расслабление\" будет отвечать на вопросы. Успейте задать интересущий вас вопрос!',NULL,0,'2020-01-21 16:00:03','2020-01-21 16:00:03'),(782,127,6,NULL,'blog','Заметка \"Поэтапное расслабление\" будет отвечать онлайн сегодня в 16:00','Заметка \"Поэтапное расслабление\" будет отвечать на вопросы. Успейте задать интересущий вас вопрос!',NULL,0,'2020-01-21 16:00:03','2020-01-21 16:00:03'),(783,136,6,NULL,'blog','Заметка \"Поэтапное расслабление\" будет отвечать онлайн сегодня в 16:00','Заметка \"Поэтапное расслабление\" будет отвечать на вопросы. Успейте задать интересущий вас вопрос!',NULL,1,'2020-01-21 16:00:03','2020-02-27 12:10:14'),(784,139,6,NULL,'blog','Заметка \"Поэтапное расслабление\" будет отвечать онлайн сегодня в 16:00','Заметка \"Поэтапное расслабление\" будет отвечать на вопросы. Успейте задать интересущий вас вопрос!',NULL,1,'2020-01-21 16:00:03','2020-03-11 09:08:47'),(785,1,7,NULL,'blog','Заметка \"Поэтапное расслабление\" будет отвечать онлайн сегодня в 21:00','Заметка \"Поэтапное расслабление\" будет отвечать на вопросы. Успейте задать интересущий вас вопрос!',NULL,0,'2020-01-21 16:00:06','2020-01-21 16:00:06'),(786,18,7,NULL,'blog','Заметка \"Поэтапное расслабление\" будет отвечать онлайн сегодня в 21:00','Заметка \"Поэтапное расслабление\" будет отвечать на вопросы. Успейте задать интересущий вас вопрос!',NULL,0,'2020-01-21 16:00:06','2020-01-21 16:00:06'),(787,43,7,NULL,'blog','Заметка \"Поэтапное расслабление\" будет отвечать онлайн сегодня в 21:00','Заметка \"Поэтапное расслабление\" будет отвечать на вопросы. Успейте задать интересущий вас вопрос!',NULL,0,'2020-01-21 16:00:06','2020-01-21 16:00:06'),(789,70,7,NULL,'blog','Заметка \"Поэтапное расслабление\" будет отвечать онлайн сегодня в 21:00','Заметка \"Поэтапное расслабление\" будет отвечать на вопросы. Успейте задать интересущий вас вопрос!',NULL,1,'2020-01-21 16:00:06','2020-01-22 08:39:48'),(790,86,7,NULL,'blog','Заметка \"Поэтапное расслабление\" будет отвечать онлайн сегодня в 21:00','Заметка \"Поэтапное расслабление\" будет отвечать на вопросы. Успейте задать интересущий вас вопрос!',NULL,1,'2020-01-21 16:00:06','2020-01-23 10:00:40'),(791,89,7,NULL,'blog','Заметка \"Поэтапное расслабление\" будет отвечать онлайн сегодня в 21:00','Заметка \"Поэтапное расслабление\" будет отвечать на вопросы. Успейте задать интересущий вас вопрос!',NULL,1,'2020-01-21 16:00:06','2020-04-08 06:51:30'),(792,92,7,NULL,'blog','Заметка \"Поэтапное расслабление\" будет отвечать онлайн сегодня в 21:00','Заметка \"Поэтапное расслабление\" будет отвечать на вопросы. Успейте задать интересущий вас вопрос!',NULL,1,'2020-01-21 16:00:06','2020-04-01 11:56:54'),(793,96,7,NULL,'blog','Заметка \"Поэтапное расслабление\" будет отвечать онлайн сегодня в 21:00','Заметка \"Поэтапное расслабление\" будет отвечать на вопросы. Успейте задать интересущий вас вопрос!',NULL,1,'2020-01-21 16:00:06','2020-01-27 06:03:51'),(794,105,7,NULL,'blog','Заметка \"Поэтапное расслабление\" будет отвечать онлайн сегодня в 21:00','Заметка \"Поэтапное расслабление\" будет отвечать на вопросы. Успейте задать интересущий вас вопрос!',NULL,0,'2020-01-21 16:00:06','2020-01-21 16:00:06'),(795,106,7,NULL,'blog','Заметка \"Поэтапное расслабление\" будет отвечать онлайн сегодня в 21:00','Заметка \"Поэтапное расслабление\" будет отвечать на вопросы. Успейте задать интересущий вас вопрос!',NULL,1,'2020-01-21 16:00:06','2020-02-28 18:40:39'),(796,107,7,NULL,'blog','Заметка \"Поэтапное расслабление\" будет отвечать онлайн сегодня в 21:00','Заметка \"Поэтапное расслабление\" будет отвечать на вопросы. Успейте задать интересущий вас вопрос!',NULL,1,'2020-01-21 16:00:06','2020-02-14 12:22:32'),(797,116,7,NULL,'blog','Заметка \"Поэтапное расслабление\" будет отвечать онлайн сегодня в 21:00','Заметка \"Поэтапное расслабление\" будет отвечать на вопросы. Успейте задать интересущий вас вопрос!',NULL,0,'2020-01-21 16:00:06','2020-01-21 16:00:06'),(798,125,7,NULL,'blog','Заметка \"Поэтапное расслабление\" будет отвечать онлайн сегодня в 21:00','Заметка \"Поэтапное расслабление\" будет отвечать на вопросы. Успейте задать интересущий вас вопрос!',NULL,0,'2020-01-21 16:00:06','2020-01-21 16:00:06'),(799,127,7,NULL,'blog','Заметка \"Поэтапное расслабление\" будет отвечать онлайн сегодня в 21:00','Заметка \"Поэтапное расслабление\" будет отвечать на вопросы. Успейте задать интересущий вас вопрос!',NULL,0,'2020-01-21 16:00:06','2020-01-21 16:00:06'),(800,136,7,NULL,'blog','Заметка \"Поэтапное расслабление\" будет отвечать онлайн сегодня в 21:00','Заметка \"Поэтапное расслабление\" будет отвечать на вопросы. Успейте задать интересущий вас вопрос!',NULL,1,'2020-01-21 16:00:06','2020-02-27 12:10:14'),(801,139,7,NULL,'blog','Заметка \"Поэтапное расслабление\" будет отвечать онлайн сегодня в 21:00','Заметка \"Поэтапное расслабление\" будет отвечать на вопросы. Успейте задать интересущий вас вопрос!',NULL,1,'2020-01-21 16:00:06','2020-03-11 09:08:47'),(802,127,15,161,'vaccine','Арсен нужно сделать прививку \'АбКДС\'','Арсен нужно сделать прививку \'АбКДС\'',NULL,0,'2020-01-22 10:00:02','2020-01-22 10:00:02'),(803,127,35,161,'vaccine','Арсен нужно сделать прививку \'Хиб\'','Арсен нужно сделать прививку \'Хиб\'',NULL,0,'2020-01-22 10:00:03','2020-01-22 10:00:03'),(804,127,36,161,'vaccine','Арсен нужно сделать прививку \'ИПВ\'','Арсен нужно сделать прививку \'ИПВ\'',NULL,0,'2020-01-22 10:00:03','2020-01-22 10:00:03'),(805,1,7,NULL,'blog','Заметка \"Поэтапное расслабление\" будет отвечать онлайн сегодня в 19:00','Заметка \"Поэтапное расслабление\" будет отвечать на вопросы. Успейте задать интересущий вас вопрос!',NULL,0,'2020-01-22 16:00:02','2020-01-22 16:00:02'),(806,18,7,NULL,'blog','Заметка \"Поэтапное расслабление\" будет отвечать онлайн сегодня в 19:00','Заметка \"Поэтапное расслабление\" будет отвечать на вопросы. Успейте задать интересущий вас вопрос!',NULL,0,'2020-01-22 16:00:02','2020-01-22 16:00:02'),(807,43,7,NULL,'blog','Заметка \"Поэтапное расслабление\" будет отвечать онлайн сегодня в 19:00','Заметка \"Поэтапное расслабление\" будет отвечать на вопросы. Успейте задать интересущий вас вопрос!',NULL,0,'2020-01-22 16:00:02','2020-01-22 16:00:02'),(809,70,7,NULL,'blog','Заметка \"Поэтапное расслабление\" будет отвечать онлайн сегодня в 19:00','Заметка \"Поэтапное расслабление\" будет отвечать на вопросы. Успейте задать интересущий вас вопрос!',NULL,0,'2020-01-22 16:00:02','2020-01-22 16:00:02'),(810,86,7,NULL,'blog','Заметка \"Поэтапное расслабление\" будет отвечать онлайн сегодня в 19:00','Заметка \"Поэтапное расслабление\" будет отвечать на вопросы. Успейте задать интересущий вас вопрос!',NULL,1,'2020-01-22 16:00:02','2020-01-23 10:00:40'),(811,89,7,NULL,'blog','Заметка \"Поэтапное расслабление\" будет отвечать онлайн сегодня в 19:00','Заметка \"Поэтапное расслабление\" будет отвечать на вопросы. Успейте задать интересущий вас вопрос!',NULL,1,'2020-01-22 16:00:02','2020-04-08 06:51:30'),(812,92,7,NULL,'blog','Заметка \"Поэтапное расслабление\" будет отвечать онлайн сегодня в 19:00','Заметка \"Поэтапное расслабление\" будет отвечать на вопросы. Успейте задать интересущий вас вопрос!',NULL,1,'2020-01-22 16:00:02','2020-04-01 11:56:54'),(813,96,7,NULL,'blog','Заметка \"Поэтапное расслабление\" будет отвечать онлайн сегодня в 19:00','Заметка \"Поэтапное расслабление\" будет отвечать на вопросы. Успейте задать интересущий вас вопрос!',NULL,1,'2020-01-22 16:00:02','2020-01-27 06:03:51'),(814,105,7,NULL,'blog','Заметка \"Поэтапное расслабление\" будет отвечать онлайн сегодня в 19:00','Заметка \"Поэтапное расслабление\" будет отвечать на вопросы. Успейте задать интересущий вас вопрос!',NULL,0,'2020-01-22 16:00:02','2020-01-22 16:00:02'),(815,106,7,NULL,'blog','Заметка \"Поэтапное расслабление\" будет отвечать онлайн сегодня в 19:00','Заметка \"Поэтапное расслабление\" будет отвечать на вопросы. Успейте задать интересущий вас вопрос!',NULL,1,'2020-01-22 16:00:02','2020-02-28 18:40:39'),(816,107,7,NULL,'blog','Заметка \"Поэтапное расслабление\" будет отвечать онлайн сегодня в 19:00','Заметка \"Поэтапное расслабление\" будет отвечать на вопросы. Успейте задать интересущий вас вопрос!',NULL,1,'2020-01-22 16:00:02','2020-02-14 12:22:32'),(817,116,7,NULL,'blog','Заметка \"Поэтапное расслабление\" будет отвечать онлайн сегодня в 19:00','Заметка \"Поэтапное расслабление\" будет отвечать на вопросы. Успейте задать интересущий вас вопрос!',NULL,0,'2020-01-22 16:00:02','2020-01-22 16:00:02'),(818,125,7,NULL,'blog','Заметка \"Поэтапное расслабление\" будет отвечать онлайн сегодня в 19:00','Заметка \"Поэтапное расслабление\" будет отвечать на вопросы. Успейте задать интересущий вас вопрос!',NULL,0,'2020-01-22 16:00:02','2020-01-22 16:00:02'),(819,127,7,NULL,'blog','Заметка \"Поэтапное расслабление\" будет отвечать онлайн сегодня в 19:00','Заметка \"Поэтапное расслабление\" будет отвечать на вопросы. Успейте задать интересущий вас вопрос!',NULL,0,'2020-01-22 16:00:02','2020-01-22 16:00:02'),(820,136,7,NULL,'blog','Заметка \"Поэтапное расслабление\" будет отвечать онлайн сегодня в 19:00','Заметка \"Поэтапное расслабление\" будет отвечать на вопросы. Успейте задать интересущий вас вопрос!',NULL,1,'2020-01-22 16:00:02','2020-02-27 12:10:14'),(821,139,7,NULL,'blog','Заметка \"Поэтапное расслабление\" будет отвечать онлайн сегодня в 19:00','Заметка \"Поэтапное расслабление\" будет отвечать на вопросы. Успейте задать интересущий вас вопрос!',NULL,1,'2020-01-22 16:00:02','2020-03-11 09:08:47'),(822,70,18,85,'vaccine','Arsen нужно сделать прививку \'ОПВ\'','Arsen нужно сделать прививку \'ОПВ\'',NULL,0,'2020-01-23 10:00:02','2020-01-23 10:00:02'),(823,70,41,85,'vaccine','Arsen нужно сделать прививку \'ККП\'','Arsen нужно сделать прививку \'ККП\'',NULL,0,'2020-01-23 10:00:03','2020-01-23 10:00:03'),(824,70,42,85,'vaccine','Arsen нужно сделать прививку \'Пневмо\'','Arsen нужно сделать прививку \'Пневмо\'',NULL,0,'2020-01-23 10:00:03','2020-01-23 10:00:03'),(825,70,16,86,'vaccine','Арсен нужно сделать прививку \'АбКДС\'','Арсен нужно сделать прививку \'АбКДС\'',NULL,0,'2020-01-23 10:00:03','2020-01-23 10:00:03'),(826,70,37,86,'vaccine','Арсен нужно сделать прививку \'Хиб\'','Арсен нужно сделать прививку \'Хиб\'',NULL,0,'2020-01-23 10:00:03','2020-01-23 10:00:03'),(827,70,38,86,'vaccine','Арсен нужно сделать прививку \'ВГВ\'','Арсен нужно сделать прививку \'ВГВ\'',NULL,0,'2020-01-23 10:00:03','2020-01-23 10:00:03'),(828,70,39,86,'vaccine','Арсен нужно сделать прививку \'ИПВ\'','Арсен нужно сделать прививку \'ИПВ\'',NULL,0,'2020-01-23 10:00:03','2020-01-23 10:00:03'),(829,70,40,86,'vaccine','Арсен нужно сделать прививку \'Пневмо\'','Арсен нужно сделать прививку \'Пневмо\'',NULL,0,'2020-01-23 10:00:04','2020-01-23 10:00:04'),(830,70,18,135,'vaccine','Arsen нужно сделать прививку \'ОПВ\'','Arsen нужно сделать прививку \'ОПВ\'',NULL,0,'2020-01-23 10:00:04','2020-01-23 10:00:04'),(831,70,41,135,'vaccine','Arsen нужно сделать прививку \'ККП\'','Arsen нужно сделать прививку \'ККП\'',NULL,0,'2020-01-23 10:00:04','2020-01-23 10:00:04'),(832,70,42,135,'vaccine','Arsen нужно сделать прививку \'Пневмо\'','Arsen нужно сделать прививку \'Пневмо\'',NULL,0,'2020-01-23 10:00:04','2020-01-23 10:00:04'),(833,86,30,100,'vaccine','Симба нужно сделать прививку \'АбКДС\'','Симба нужно сделать прививку \'АбКДС\'',NULL,1,'2020-01-23 10:00:04','2020-01-23 10:00:40'),(834,86,31,100,'vaccine','Симба нужно сделать прививку \'Хиб\'','Симба нужно сделать прививку \'Хиб\'',NULL,1,'2020-01-23 10:00:04','2020-01-23 10:00:40'),(835,86,32,100,'vaccine','Симба нужно сделать прививку \'ВГВ\'','Симба нужно сделать прививку \'ВГВ\'',NULL,1,'2020-01-23 10:00:04','2020-01-23 10:00:40'),(836,86,33,100,'vaccine','Симба нужно сделать прививку \'ИПВ\'','Симба нужно сделать прививку \'ИПВ\'',NULL,1,'2020-01-23 10:00:04','2020-01-23 10:00:40'),(837,86,34,100,'vaccine','Симба нужно сделать прививку \'Пневмо\'','Симба нужно сделать прививку \'Пневмо\'',NULL,1,'2020-01-23 10:00:05','2020-01-23 10:00:40'),(838,86,30,102,'vaccine','776 по п нужно сделать прививку \'АбКДС\'','776 по п нужно сделать прививку \'АбКДС\'',NULL,1,'2020-01-23 10:00:05','2020-01-23 10:00:40'),(839,86,31,102,'vaccine','776 по п нужно сделать прививку \'Хиб\'','776 по п нужно сделать прививку \'Хиб\'',NULL,1,'2020-01-23 10:00:05','2020-01-23 10:00:40'),(840,86,32,102,'vaccine','776 по п нужно сделать прививку \'ВГВ\'','776 по п нужно сделать прививку \'ВГВ\'',NULL,1,'2020-01-23 10:00:05','2020-01-23 10:00:40'),(841,86,33,102,'vaccine','776 по п нужно сделать прививку \'ИПВ\'','776 по п нужно сделать прививку \'ИПВ\'',NULL,1,'2020-01-23 10:00:05','2020-01-23 10:00:40'),(842,86,34,102,'vaccine','776 по п нужно сделать прививку \'Пневмо\'','776 по п нужно сделать прививку \'Пневмо\'',NULL,1,'2020-01-23 10:00:05','2020-01-23 10:00:40'),(843,86,30,103,'vaccine','Шкшкшу нужно сделать прививку \'АбКДС\'','Шкшкшу нужно сделать прививку \'АбКДС\'',NULL,1,'2020-01-23 10:00:05','2020-01-23 10:00:40'),(844,86,31,103,'vaccine','Шкшкшу нужно сделать прививку \'Хиб\'','Шкшкшу нужно сделать прививку \'Хиб\'',NULL,1,'2020-01-23 10:00:05','2020-01-23 10:00:40'),(845,86,32,103,'vaccine','Шкшкшу нужно сделать прививку \'ВГВ\'','Шкшкшу нужно сделать прививку \'ВГВ\'',NULL,1,'2020-01-23 10:00:06','2020-01-23 10:00:40'),(846,86,33,103,'vaccine','Шкшкшу нужно сделать прививку \'ИПВ\'','Шкшкшу нужно сделать прививку \'ИПВ\'',NULL,1,'2020-01-23 10:00:06','2020-01-23 10:00:40'),(847,86,34,103,'vaccine','Шкшкшу нужно сделать прививку \'Пневмо\'','Шкшкшу нужно сделать прививку \'Пневмо\'',NULL,1,'2020-01-23 10:00:06','2020-01-23 10:00:40'),(848,86,30,105,'vaccine','Колцу нужно сделать прививку \'АбКДС\'','Колцу нужно сделать прививку \'АбКДС\'',NULL,1,'2020-01-23 10:00:06','2020-01-23 10:00:40'),(849,86,31,105,'vaccine','Колцу нужно сделать прививку \'Хиб\'','Колцу нужно сделать прививку \'Хиб\'',NULL,1,'2020-01-23 10:00:09','2020-01-23 10:00:40'),(850,86,32,105,'vaccine','Колцу нужно сделать прививку \'ВГВ\'','Колцу нужно сделать прививку \'ВГВ\'',NULL,1,'2020-01-23 10:00:09','2020-01-23 10:00:40'),(851,86,33,105,'vaccine','Колцу нужно сделать прививку \'ИПВ\'','Колцу нужно сделать прививку \'ИПВ\'',NULL,1,'2020-01-23 10:00:09','2020-01-23 10:00:40'),(852,86,34,105,'vaccine','Колцу нужно сделать прививку \'Пневмо\'','Колцу нужно сделать прививку \'Пневмо\'',NULL,1,'2020-01-23 10:00:09','2020-01-23 10:00:40'),(853,86,15,106,'vaccine','Арурц нужно сделать прививку \'АбКДС\'','Арурц нужно сделать прививку \'АбКДС\'',NULL,1,'2020-01-23 10:00:09','2020-01-23 10:00:40'),(854,86,35,106,'vaccine','Арурц нужно сделать прививку \'Хиб\'','Арурц нужно сделать прививку \'Хиб\'',NULL,1,'2020-01-23 10:00:09','2020-01-23 10:00:40'),(855,86,36,106,'vaccine','Арурц нужно сделать прививку \'ИПВ\'','Арурц нужно сделать прививку \'ИПВ\'',NULL,1,'2020-01-23 10:00:09','2020-01-23 10:00:40'),(856,86,18,138,'vaccine','гулсим нужно сделать прививку \'ОПВ\'','гулсим нужно сделать прививку \'ОПВ\'',NULL,1,'2020-01-23 10:00:10','2020-01-23 10:00:40'),(857,86,41,138,'vaccine','гулсим нужно сделать прививку \'ККП\'','гулсим нужно сделать прививку \'ККП\'',NULL,1,'2020-01-23 10:00:10','2020-01-23 10:00:40'),(858,86,42,138,'vaccine','гулсим нужно сделать прививку \'Пневмо\'','гулсим нужно сделать прививку \'Пневмо\'',NULL,1,'2020-01-23 10:00:10','2020-01-23 10:00:40'),(859,86,15,147,'vaccine','Рррр нужно сделать прививку \'АбКДС\'','Рррр нужно сделать прививку \'АбКДС\'',NULL,1,'2020-01-23 10:00:10','2020-01-23 10:00:40'),(860,86,35,147,'vaccine','Рррр нужно сделать прививку \'Хиб\'','Рррр нужно сделать прививку \'Хиб\'',NULL,1,'2020-01-23 10:00:10','2020-01-23 10:00:40'),(861,86,36,147,'vaccine','Рррр нужно сделать прививку \'ИПВ\'','Рррр нужно сделать прививку \'ИПВ\'',NULL,1,'2020-01-23 10:00:10','2020-01-23 10:00:40'),(864,89,42,183,'vaccine','кенти нужно сделать прививку \'Пневмо\'','кенти нужно сделать прививку \'Пневмо\'',NULL,1,'2020-01-23 10:00:10','2020-04-08 06:51:30'),(865,89,18,184,'vaccine','кентинк нужно сделать прививку \'ОПВ\'','кентинк нужно сделать прививку \'ОПВ\'',NULL,1,'2020-01-23 10:00:10','2020-04-08 06:51:30'),(866,89,41,184,'vaccine','кентинк нужно сделать прививку \'ККП\'','кентинк нужно сделать прививку \'ККП\'',NULL,1,'2020-01-23 10:00:10','2020-04-08 06:51:30'),(867,89,42,184,'vaccine','кентинк нужно сделать прививку \'Пневмо\'','кентинк нужно сделать прививку \'Пневмо\'',NULL,1,'2020-01-23 10:00:10','2020-04-08 06:51:30'),(868,89,18,185,'vaccine','Енрикекен нужно сделать прививку \'ОПВ\'','Енрикекен нужно сделать прививку \'ОПВ\'',NULL,1,'2020-01-23 10:00:10','2020-04-08 06:51:30'),(869,89,41,185,'vaccine','Енрикекен нужно сделать прививку \'ККП\'','Енрикекен нужно сделать прививку \'ККП\'',NULL,1,'2020-01-23 10:00:10','2020-04-08 06:51:30'),(870,89,42,185,'vaccine','Енрикекен нужно сделать прививку \'Пневмо\'','Енрикекен нужно сделать прививку \'Пневмо\'',NULL,1,'2020-01-23 10:00:10','2020-04-08 06:51:30'),(871,92,18,127,'vaccine','Лилия нужно сделать прививку \'ОПВ\'','Лилия нужно сделать прививку \'ОПВ\'',NULL,1,'2020-01-23 10:00:10','2020-04-01 11:56:54'),(872,92,41,127,'vaccine','Лилия нужно сделать прививку \'ККП\'','Лилия нужно сделать прививку \'ККП\'',NULL,1,'2020-01-23 10:00:10','2020-04-01 11:56:54'),(873,92,42,127,'vaccine','Лилия нужно сделать прививку \'Пневмо\'','Лилия нужно сделать прививку \'Пневмо\'',NULL,1,'2020-01-23 10:00:10','2020-04-01 11:56:54'),(874,92,16,143,'vaccine','2мес нужно сделать прививку \'АбКДС\'','2мес нужно сделать прививку \'АбКДС\'',NULL,1,'2020-01-23 10:00:11','2020-04-01 11:56:54'),(875,92,37,143,'vaccine','2мес нужно сделать прививку \'Хиб\'','2мес нужно сделать прививку \'Хиб\'',NULL,1,'2020-01-23 10:00:11','2020-04-01 11:56:54'),(876,92,38,143,'vaccine','2мес нужно сделать прививку \'ВГВ\'','2мес нужно сделать прививку \'ВГВ\'',NULL,1,'2020-01-23 10:00:11','2020-04-01 11:56:54'),(877,92,39,143,'vaccine','2мес нужно сделать прививку \'ИПВ\'','2мес нужно сделать прививку \'ИПВ\'',NULL,1,'2020-01-23 10:00:11','2020-04-01 11:56:54'),(878,92,40,143,'vaccine','2мес нужно сделать прививку \'Пневмо\'','2мес нужно сделать прививку \'Пневмо\'',NULL,1,'2020-01-23 10:00:11','2020-04-01 11:56:54'),(879,96,41,122,'vaccine','Илай нужно сделать прививку \'ККП\'','Илай нужно сделать прививку \'ККП\'',NULL,1,'2020-01-23 10:00:11','2020-01-27 06:03:51'),(880,96,42,122,'vaccine','Илай нужно сделать прививку \'Пневмо\'','Илай нужно сделать прививку \'Пневмо\'',NULL,1,'2020-01-23 10:00:11','2020-01-27 06:03:51'),(881,96,30,148,'vaccine','Оливия нужно сделать прививку \'АбКДС\'','Оливия нужно сделать прививку \'АбКДС\'',NULL,1,'2020-01-23 10:00:11','2020-01-27 06:03:51'),(882,96,31,148,'vaccine','Оливия нужно сделать прививку \'Хиб\'','Оливия нужно сделать прививку \'Хиб\'',NULL,1,'2020-01-23 10:00:11','2020-01-27 06:03:51'),(883,96,32,148,'vaccine','Оливия нужно сделать прививку \'ВГВ\'','Оливия нужно сделать прививку \'ВГВ\'',NULL,1,'2020-01-23 10:00:11','2020-01-27 06:03:51'),(884,96,33,148,'vaccine','Оливия нужно сделать прививку \'ИПВ\'','Оливия нужно сделать прививку \'ИПВ\'',NULL,1,'2020-01-23 10:00:11','2020-01-27 06:03:51'),(885,96,34,148,'vaccine','Оливия нужно сделать прививку \'Пневмо\'','Оливия нужно сделать прививку \'Пневмо\'',NULL,1,'2020-01-23 10:00:11','2020-01-27 06:03:51'),(886,105,30,126,'vaccine','Elizabeth нужно сделать прививку \'АбКДС\'','Elizabeth нужно сделать прививку \'АбКДС\'',NULL,0,'2020-01-23 10:00:11','2020-01-23 10:00:11'),(887,105,31,126,'vaccine','Elizabeth нужно сделать прививку \'Хиб\'','Elizabeth нужно сделать прививку \'Хиб\'',NULL,0,'2020-01-23 10:00:11','2020-01-23 10:00:11'),(888,105,32,126,'vaccine','Elizabeth нужно сделать прививку \'ВГВ\'','Elizabeth нужно сделать прививку \'ВГВ\'',NULL,0,'2020-01-23 10:00:11','2020-01-23 10:00:11'),(889,105,33,126,'vaccine','Elizabeth нужно сделать прививку \'ИПВ\'','Elizabeth нужно сделать прививку \'ИПВ\'',NULL,0,'2020-01-23 10:00:11','2020-01-23 10:00:11'),(890,105,34,126,'vaccine','Elizabeth нужно сделать прививку \'Пневмо\'','Elizabeth нужно сделать прививку \'Пневмо\'',NULL,0,'2020-01-23 10:00:11','2020-01-23 10:00:11'),(891,106,18,128,'vaccine','Мирана нужно сделать прививку \'ОПВ\'','Мирана нужно сделать прививку \'ОПВ\'',NULL,1,'2020-01-23 10:00:11','2020-02-28 18:40:39'),(892,106,41,128,'vaccine','Мирана нужно сделать прививку \'ККП\'','Мирана нужно сделать прививку \'ККП\'',NULL,1,'2020-01-23 10:00:11','2020-02-28 18:40:39'),(893,106,42,128,'vaccine','Мирана нужно сделать прививку \'Пневмо\'','Мирана нужно сделать прививку \'Пневмо\'',NULL,1,'2020-01-23 10:00:11','2020-02-28 18:40:39'),(894,116,18,139,'vaccine','Adam нужно сделать прививку \'ОПВ\'','Adam нужно сделать прививку \'ОПВ\'',NULL,0,'2020-01-23 10:00:11','2020-01-23 10:00:11'),(895,116,41,139,'vaccine','Adam нужно сделать прививку \'ККП\'','Adam нужно сделать прививку \'ККП\'',NULL,0,'2020-01-23 10:00:11','2020-01-23 10:00:11'),(896,116,42,139,'vaccine','Adam нужно сделать прививку \'Пневмо\'','Adam нужно сделать прививку \'Пневмо\'',NULL,0,'2020-01-23 10:00:11','2020-01-23 10:00:11'),(897,116,18,140,'vaccine','Eve нужно сделать прививку \'ОПВ\'','Eve нужно сделать прививку \'ОПВ\'',NULL,0,'2020-01-23 10:00:11','2020-01-23 10:00:11'),(898,116,41,140,'vaccine','Eve нужно сделать прививку \'ККП\'','Eve нужно сделать прививку \'ККП\'',NULL,0,'2020-01-23 10:00:12','2020-01-23 10:00:12'),(899,116,42,140,'vaccine','Eve нужно сделать прививку \'Пневмо\'','Eve нужно сделать прививку \'Пневмо\'',NULL,0,'2020-01-23 10:00:12','2020-01-23 10:00:12'),(900,127,16,161,'vaccine','Арсен нужно сделать прививку \'АбКДС\'','Арсен нужно сделать прививку \'АбКДС\'',NULL,0,'2020-01-23 10:00:12','2020-01-23 10:00:12'),(901,127,37,161,'vaccine','Арсен нужно сделать прививку \'Хиб\'','Арсен нужно сделать прививку \'Хиб\'',NULL,0,'2020-01-23 10:00:12','2020-01-23 10:00:12'),(902,127,38,161,'vaccine','Арсен нужно сделать прививку \'ВГВ\'','Арсен нужно сделать прививку \'ВГВ\'',NULL,0,'2020-01-23 10:00:12','2020-01-23 10:00:12'),(903,127,39,161,'vaccine','Арсен нужно сделать прививку \'ИПВ\'','Арсен нужно сделать прививку \'ИПВ\'',NULL,0,'2020-01-23 10:00:12','2020-01-23 10:00:12'),(904,127,40,161,'vaccine','Арсен нужно сделать прививку \'Пневмо\'','Арсен нужно сделать прививку \'Пневмо\'',NULL,0,'2020-01-23 10:00:12','2020-01-23 10:00:12'),(905,136,18,155,'vaccine','Айрат нужно сделать прививку \'ОПВ\'','Айрат нужно сделать прививку \'ОПВ\'',NULL,1,'2020-01-23 10:00:12','2020-02-27 12:10:14'),(906,136,41,155,'vaccine','Айрат нужно сделать прививку \'ККП\'','Айрат нужно сделать прививку \'ККП\'',NULL,1,'2020-01-23 10:00:13','2020-02-27 12:10:14'),(907,136,42,155,'vaccine','Айрат нужно сделать прививку \'Пневмо\'','Айрат нужно сделать прививку \'Пневмо\'',NULL,1,'2020-01-23 10:00:13','2020-02-27 12:10:14'),(908,136,18,156,'vaccine','Арслан нужно сделать прививку \'ОПВ\'','Арслан нужно сделать прививку \'ОПВ\'',NULL,1,'2020-01-23 10:00:13','2020-02-27 12:10:14'),(909,136,19,156,'vaccine','Арслан нужно сделать прививку \'АбКДС\'','Арслан нужно сделать прививку \'АбКДС\'',NULL,1,'2020-01-23 10:00:13','2020-02-27 12:10:14'),(910,136,41,156,'vaccine','Арслан нужно сделать прививку \'ККП\'','Арслан нужно сделать прививку \'ККП\'',NULL,1,'2020-01-23 10:00:14','2020-02-27 12:10:14'),(911,136,42,156,'vaccine','Арслан нужно сделать прививку \'Пневмо\'','Арслан нужно сделать прививку \'Пневмо\'',NULL,1,'2020-01-23 10:00:14','2020-02-27 12:10:14'),(912,136,43,156,'vaccine','Арслан нужно сделать прививку \'Хиб\'','Арслан нужно сделать прививку \'Хиб\'',NULL,1,'2020-01-23 10:00:15','2020-02-27 12:10:14'),(913,136,44,156,'vaccine','Арслан нужно сделать прививку \'ИПВ\'','Арслан нужно сделать прививку \'ИПВ\'',NULL,1,'2020-01-23 10:00:15','2020-02-27 12:10:14'),(914,139,18,159,'vaccine','helllo нужно сделать прививку \'ОПВ\'','helllo нужно сделать прививку \'ОПВ\'',NULL,1,'2020-01-23 10:00:16','2020-03-11 09:08:47'),(915,139,41,159,'vaccine','helllo нужно сделать прививку \'ККП\'','helllo нужно сделать прививку \'ККП\'',NULL,1,'2020-01-23 10:00:16','2020-03-11 09:08:47'),(916,139,42,159,'vaccine','helllo нужно сделать прививку \'Пневмо\'','helllo нужно сделать прививку \'Пневмо\'',NULL,1,'2020-01-23 10:00:16','2020-03-11 09:08:47'),(917,139,15,162,'vaccine','hdbdbbe нужно сделать прививку \'АбКДС\'','hdbdbbe нужно сделать прививку \'АбКДС\'',NULL,1,'2020-01-23 10:00:16','2020-03-11 09:08:47'),(918,139,35,162,'vaccine','hdbdbbe нужно сделать прививку \'Хиб\'','hdbdbbe нужно сделать прививку \'Хиб\'',NULL,1,'2020-01-23 10:00:16','2020-03-11 09:08:47'),(919,139,36,162,'vaccine','hdbdbbe нужно сделать прививку \'ИПВ\'','hdbdbbe нужно сделать прививку \'ИПВ\'',NULL,1,'2020-01-23 10:00:16','2020-03-11 09:08:47'),(920,139,16,165,'vaccine','3ai нужно сделать прививку \'АбКДС\'','3ai нужно сделать прививку \'АбКДС\'',NULL,1,'2020-01-23 10:00:16','2020-03-11 09:08:47'),(921,139,37,165,'vaccine','3ai нужно сделать прививку \'Хиб\'','3ai нужно сделать прививку \'Хиб\'',NULL,1,'2020-01-23 10:00:16','2020-03-11 09:08:47'),(922,139,38,165,'vaccine','3ai нужно сделать прививку \'ВГВ\'','3ai нужно сделать прививку \'ВГВ\'',NULL,1,'2020-01-23 10:00:16','2020-03-11 09:08:47'),(923,139,39,165,'vaccine','3ai нужно сделать прививку \'ИПВ\'','3ai нужно сделать прививку \'ИПВ\'',NULL,1,'2020-01-23 10:00:17','2020-03-11 09:08:47'),(924,139,40,165,'vaccine','3ai нужно сделать прививку \'Пневмо\'','3ai нужно сделать прививку \'Пневмо\'',NULL,1,'2020-01-23 10:00:17','2020-03-11 09:08:47'),(925,140,16,164,'vaccine','Саша нужно сделать прививку \'АбКДС\'','Саша нужно сделать прививку \'АбКДС\'',NULL,0,'2020-01-23 10:00:17','2020-01-23 10:00:17'),(926,140,37,164,'vaccine','Саша нужно сделать прививку \'Хиб\'','Саша нужно сделать прививку \'Хиб\'',NULL,0,'2020-01-23 10:00:17','2020-01-23 10:00:17'),(927,140,38,164,'vaccine','Саша нужно сделать прививку \'ВГВ\'','Саша нужно сделать прививку \'ВГВ\'',NULL,0,'2020-01-23 10:00:17','2020-01-23 10:00:17'),(928,140,39,164,'vaccine','Саша нужно сделать прививку \'ИПВ\'','Саша нужно сделать прививку \'ИПВ\'',NULL,0,'2020-01-23 10:00:17','2020-01-23 10:00:17'),(929,140,40,164,'vaccine','Саша нужно сделать прививку \'Пневмо\'','Саша нужно сделать прививку \'Пневмо\'',NULL,0,'2020-01-23 10:00:17','2020-01-23 10:00:17'),(930,92,105,89,'forum','Eldor понравился ваш комментарий','Всем привет!','/storage/2020/01/23/5e2944888ac05.jpg',1,'2020-01-23 10:17:32','2020-04-01 11:56:54'),(931,89,13,190,'vaccine','Асель нужно сделать прививку \'БЦЖ\'','Асель нужно сделать прививку \'БЦЖ\'',NULL,1,'2020-01-24 10:00:03','2020-04-08 06:51:30'),(932,89,29,190,'vaccine','Асель нужно сделать прививку \'ВГВ\'','Асель нужно сделать прививку \'ВГВ\'',NULL,1,'2020-01-24 10:00:03','2020-04-08 06:51:30'),(933,127,30,153,'vaccine','Ерназар нужно сделать прививку \'АбКДС\'','Ерназар нужно сделать прививку \'АбКДС\'',NULL,0,'2020-01-29 10:00:03','2020-01-29 10:00:03'),(934,127,31,153,'vaccine','Ерназар нужно сделать прививку \'Хиб\'','Ерназар нужно сделать прививку \'Хиб\'',NULL,0,'2020-01-29 10:00:03','2020-01-29 10:00:03'),(935,127,32,153,'vaccine','Ерназар нужно сделать прививку \'ВГВ\'','Ерназар нужно сделать прививку \'ВГВ\'',NULL,0,'2020-01-29 10:00:03','2020-01-29 10:00:03'),(936,127,33,153,'vaccine','Ерназар нужно сделать прививку \'ИПВ\'','Ерназар нужно сделать прививку \'ИПВ\'',NULL,0,'2020-01-29 10:00:03','2020-01-29 10:00:03'),(937,127,34,153,'vaccine','Ерназар нужно сделать прививку \'Пневмо\'','Ерназар нужно сделать прививку \'Пневмо\'',NULL,0,'2020-01-29 10:00:03','2020-01-29 10:00:03'),(938,86,15,100,'vaccine','Симба нужно сделать прививку \'АбКДС\'','Симба нужно сделать прививку \'АбКДС\'',NULL,0,'2020-01-30 10:00:03','2020-01-30 10:00:03'),(939,86,35,100,'vaccine','Симба нужно сделать прививку \'Хиб\'','Симба нужно сделать прививку \'Хиб\'',NULL,0,'2020-01-30 10:00:03','2020-01-30 10:00:03'),(940,86,36,100,'vaccine','Симба нужно сделать прививку \'ИПВ\'','Симба нужно сделать прививку \'ИПВ\'',NULL,0,'2020-01-30 10:00:04','2020-01-30 10:00:04'),(941,141,13,191,'vaccine','Айбек нужно сделать прививку \'БЦЖ\'','Айбек нужно сделать прививку \'БЦЖ\'',NULL,1,'2020-01-30 10:00:04','2020-02-07 09:18:19'),(942,141,29,191,'vaccine','Айбек нужно сделать прививку \'ВГВ\'','Айбек нужно сделать прививку \'ВГВ\'',NULL,1,'2020-01-30 10:00:04','2020-02-07 09:18:19'),(943,139,16,162,'vaccine','hdbdbbe нужно сделать прививку \'АбКДС\'','hdbdbbe нужно сделать прививку \'АбКДС\'',NULL,1,'2020-01-31 10:00:01','2020-03-11 09:08:47'),(944,139,37,162,'vaccine','hdbdbbe нужно сделать прививку \'Хиб\'','hdbdbbe нужно сделать прививку \'Хиб\'',NULL,1,'2020-01-31 10:00:01','2020-03-11 09:08:47'),(945,139,38,162,'vaccine','hdbdbbe нужно сделать прививку \'ВГВ\'','hdbdbbe нужно сделать прививку \'ВГВ\'',NULL,1,'2020-01-31 10:00:01','2020-03-11 09:08:47'),(946,139,39,162,'vaccine','hdbdbbe нужно сделать прививку \'ИПВ\'','hdbdbbe нужно сделать прививку \'ИПВ\'',NULL,1,'2020-01-31 10:00:02','2020-03-11 09:08:47'),(947,139,40,162,'vaccine','hdbdbbe нужно сделать прививку \'Пневмо\'','hdbdbbe нужно сделать прививку \'Пневмо\'',NULL,1,'2020-01-31 10:00:03','2020-03-11 09:08:47'),(948,86,50,107,'forum','Bulat понравился ваш комментарий','Sample, очень опасно',NULL,0,'2020-02-01 08:10:49','2020-02-01 08:10:49'),(949,116,50,107,'forum','Bulat ответил на ваш комментарий','Леонтий, hi',NULL,0,'2020-02-01 08:11:01','2020-02-01 08:11:01'),(950,86,15,103,'vaccine','Шкшкшу нужно сделать прививку \'АбКДС\'','Шкшкшу нужно сделать прививку \'АбКДС\'',NULL,0,'2020-02-02 10:00:02','2020-02-02 10:00:02'),(951,86,35,103,'vaccine','Шкшкшу нужно сделать прививку \'Хиб\'','Шкшкшу нужно сделать прививку \'Хиб\'',NULL,0,'2020-02-02 10:00:02','2020-02-02 10:00:02'),(952,86,36,103,'vaccine','Шкшкшу нужно сделать прививку \'ИПВ\'','Шкшкшу нужно сделать прививку \'ИПВ\'',NULL,0,'2020-02-02 10:00:02','2020-02-02 10:00:02'),(953,86,15,105,'vaccine','Колцу нужно сделать прививку \'АбКДС\'','Колцу нужно сделать прививку \'АбКДС\'',NULL,0,'2020-02-02 10:00:03','2020-02-02 10:00:03'),(954,86,35,105,'vaccine','Колцу нужно сделать прививку \'Хиб\'','Колцу нужно сделать прививку \'Хиб\'',NULL,0,'2020-02-02 10:00:03','2020-02-02 10:00:03'),(955,86,36,105,'vaccine','Колцу нужно сделать прививку \'ИПВ\'','Колцу нужно сделать прививку \'ИПВ\'',NULL,0,'2020-02-02 10:00:03','2020-02-02 10:00:03'),(956,96,15,148,'vaccine','Оливия нужно сделать прививку \'АбКДС\'','Оливия нужно сделать прививку \'АбКДС\'',NULL,0,'2020-02-03 10:00:03','2020-02-03 10:00:03'),(957,96,35,148,'vaccine','Оливия нужно сделать прививку \'Хиб\'','Оливия нужно сделать прививку \'Хиб\'',NULL,0,'2020-02-03 10:00:03','2020-02-03 10:00:03'),(958,96,36,148,'vaccine','Оливия нужно сделать прививку \'ИПВ\'','Оливия нужно сделать прививку \'ИПВ\'',NULL,0,'2020-02-03 10:00:03','2020-02-03 10:00:03'),(959,86,16,147,'vaccine','Рррр нужно сделать прививку \'АбКДС\'','Рррр нужно сделать прививку \'АбКДС\'',NULL,0,'2020-02-05 10:00:04','2020-02-05 10:00:04'),(960,86,37,147,'vaccine','Рррр нужно сделать прививку \'Хиб\'','Рррр нужно сделать прививку \'Хиб\'',NULL,0,'2020-02-05 10:00:04','2020-02-05 10:00:04'),(961,86,38,147,'vaccine','Рррр нужно сделать прививку \'ВГВ\'','Рррр нужно сделать прививку \'ВГВ\'',NULL,0,'2020-02-05 10:00:04','2020-02-05 10:00:04'),(962,86,39,147,'vaccine','Рррр нужно сделать прививку \'ИПВ\'','Рррр нужно сделать прививку \'ИПВ\'',NULL,0,'2020-02-05 10:00:04','2020-02-05 10:00:04'),(963,86,40,147,'vaccine','Рррр нужно сделать прививку \'Пневмо\'','Рррр нужно сделать прививку \'Пневмо\'',NULL,0,'2020-02-05 10:00:04','2020-02-05 10:00:04'),(964,70,30,189,'vaccine','Енго нужно сделать прививку \'АбКДС\'','Енго нужно сделать прививку \'АбКДС\'',NULL,0,'2020-02-07 10:00:01','2020-02-07 10:00:01'),(965,70,31,189,'vaccine','Енго нужно сделать прививку \'Хиб\'','Енго нужно сделать прививку \'Хиб\'',NULL,0,'2020-02-07 10:00:01','2020-02-07 10:00:01'),(966,70,32,189,'vaccine','Енго нужно сделать прививку \'ВГВ\'','Енго нужно сделать прививку \'ВГВ\'',NULL,0,'2020-02-07 10:00:01','2020-02-07 10:00:01'),(967,70,33,189,'vaccine','Енго нужно сделать прививку \'ИПВ\'','Енго нужно сделать прививку \'ИПВ\'',NULL,0,'2020-02-07 10:00:01','2020-02-07 10:00:01'),(968,70,34,189,'vaccine','Енго нужно сделать прививку \'Пневмо\'','Енго нужно сделать прививку \'Пневмо\'',NULL,0,'2020-02-07 10:00:02','2020-02-07 10:00:02'),(969,105,15,126,'vaccine','Elizabeth нужно сделать прививку \'АбКДС\'','Elizabeth нужно сделать прививку \'АбКДС\'',NULL,0,'2020-02-10 10:00:03','2020-02-10 10:00:03'),(970,105,35,126,'vaccine','Elizabeth нужно сделать прививку \'Хиб\'','Elizabeth нужно сделать прививку \'Хиб\'',NULL,0,'2020-02-10 10:00:03','2020-02-10 10:00:03'),(971,105,36,126,'vaccine','Elizabeth нужно сделать прививку \'ИПВ\'','Elizabeth нужно сделать прививку \'ИПВ\'',NULL,0,'2020-02-10 10:00:03','2020-02-10 10:00:03'),(972,116,50,1,'forum','Лео понравился ваш комментарий','всем привет!','/storage/2019/12/04/5de791bccd428.jpg',0,'2020-02-11 09:41:55','2020-02-11 09:41:55'),(973,116,50,1,'forum','Лео понравился ваш комментарий','всем привет!','/storage/2019/12/04/5de791bccd428.jpg',0,'2020-02-11 09:41:57','2020-02-11 09:41:57'),(974,86,50,1,'forum','Лео понравился ваш комментарий','Простуда','/storage/2019/12/04/5de791bccd428.jpg',0,'2020-02-11 09:42:16','2020-02-11 09:42:16'),(975,86,50,1,'forum','Лео понравился ваш комментарий','Простуда','/storage/2019/12/04/5de791bccd428.jpg',0,'2020-02-11 09:42:17','2020-02-11 09:42:17'),(976,86,50,1,'forum','Лео понравился ваш комментарий','Sample, очень опасно','/storage/2019/12/04/5de791bccd428.jpg',0,'2020-02-11 09:42:19','2020-02-11 09:42:19'),(977,86,30,163,'vaccine','Hdhshshshs нужно сделать прививку \'АбКДС\'','Hdhshshshs нужно сделать прививку \'АбКДС\'',NULL,0,'2020-02-11 10:00:03','2020-02-11 10:00:03'),(978,86,31,163,'vaccine','Hdhshshshs нужно сделать прививку \'Хиб\'','Hdhshshshs нужно сделать прививку \'Хиб\'',NULL,0,'2020-02-11 10:00:03','2020-02-11 10:00:03'),(979,86,32,163,'vaccine','Hdhshshshs нужно сделать прививку \'ВГВ\'','Hdhshshshs нужно сделать прививку \'ВГВ\'',NULL,0,'2020-02-11 10:00:03','2020-02-11 10:00:03'),(980,86,33,163,'vaccine','Hdhshshshs нужно сделать прививку \'ИПВ\'','Hdhshshshs нужно сделать прививку \'ИПВ\'',NULL,0,'2020-02-11 10:00:03','2020-02-11 10:00:03'),(981,86,34,163,'vaccine','Hdhshshshs нужно сделать прививку \'Пневмо\'','Hdhshshshs нужно сделать прививку \'Пневмо\'',NULL,0,'2020-02-11 10:00:04','2020-02-11 10:00:04'),(982,86,16,106,'vaccine','Арурц нужно сделать прививку \'АбКДС\'','Арурц нужно сделать прививку \'АбКДС\'',NULL,0,'2020-02-13 10:00:01','2020-02-13 10:00:01'),(983,86,37,106,'vaccine','Арурц нужно сделать прививку \'Хиб\'','Арурц нужно сделать прививку \'Хиб\'',NULL,0,'2020-02-13 10:00:02','2020-02-13 10:00:02'),(984,86,38,106,'vaccine','Арурц нужно сделать прививку \'ВГВ\'','Арурц нужно сделать прививку \'ВГВ\'',NULL,0,'2020-02-13 10:00:03','2020-02-13 10:00:03'),(985,86,39,106,'vaccine','Арурц нужно сделать прививку \'ИПВ\'','Арурц нужно сделать прививку \'ИПВ\'',NULL,0,'2020-02-13 10:00:03','2020-02-13 10:00:03'),(986,86,40,106,'vaccine','Арурц нужно сделать прививку \'Пневмо\'','Арурц нужно сделать прививку \'Пневмо\'',NULL,0,'2020-02-13 10:00:03','2020-02-13 10:00:03'),(987,86,15,102,'vaccine','776 по п нужно сделать прививку \'АбКДС\'','776 по п нужно сделать прививку \'АбКДС\'',NULL,0,'2020-02-19 10:00:03','2020-02-19 10:00:03'),(988,86,35,102,'vaccine','776 по п нужно сделать прививку \'Хиб\'','776 по п нужно сделать прививку \'Хиб\'',NULL,0,'2020-02-19 10:00:03','2020-02-19 10:00:03'),(989,86,36,102,'vaccine','776 по п нужно сделать прививку \'ИПВ\'','776 по п нужно сделать прививку \'ИПВ\'',NULL,0,'2020-02-19 10:00:03','2020-02-19 10:00:03'),(990,89,30,190,'vaccine','Асель нужно сделать прививку \'АбКДС\'','Асель нужно сделать прививку \'АбКДС\'',NULL,1,'2020-02-20 10:00:03','2020-04-08 06:51:30'),(991,89,31,190,'vaccine','Асель нужно сделать прививку \'Хиб\'','Асель нужно сделать прививку \'Хиб\'',NULL,1,'2020-02-20 10:00:03','2020-04-08 06:51:30'),(992,89,32,190,'vaccine','Асель нужно сделать прививку \'ВГВ\'','Асель нужно сделать прививку \'ВГВ\'',NULL,1,'2020-02-20 10:00:03','2020-04-08 06:51:30'),(994,89,34,190,'vaccine','Асель нужно сделать прививку \'Пневмо\'','Асель нужно сделать прививку \'Пневмо\'',NULL,1,'2020-02-20 10:00:03','2020-04-08 06:51:30'),(995,141,30,191,'vaccine','Айбек нужно сделать прививку \'АбКДС\'','Айбек нужно сделать прививку \'АбКДС\'',NULL,0,'2020-02-26 10:00:03','2020-02-26 10:00:03'),(996,141,31,191,'vaccine','Айбек нужно сделать прививку \'Хиб\'','Айбек нужно сделать прививку \'Хиб\'',NULL,0,'2020-02-26 10:00:03','2020-02-26 10:00:03'),(997,141,32,191,'vaccine','Айбек нужно сделать прививку \'ВГВ\'','Айбек нужно сделать прививку \'ВГВ\'',NULL,0,'2020-02-26 10:00:03','2020-02-26 10:00:03'),(998,141,33,191,'vaccine','Айбек нужно сделать прививку \'ИПВ\'','Айбек нужно сделать прививку \'ИПВ\'',NULL,0,'2020-02-26 10:00:03','2020-02-26 10:00:03'),(999,141,34,191,'vaccine','Айбек нужно сделать прививку \'Пневмо\'','Айбек нужно сделать прививку \'Пневмо\'',NULL,0,'2020-02-26 10:00:03','2020-02-26 10:00:03'),(1000,86,16,100,'vaccine','Симба нужно сделать прививку \'АбКДС\'','Симба нужно сделать прививку \'АбКДС\'',NULL,0,'2020-02-29 10:00:03','2020-02-29 10:00:03'),(1001,86,37,100,'vaccine','Симба нужно сделать прививку \'Хиб\'','Симба нужно сделать прививку \'Хиб\'',NULL,0,'2020-02-29 10:00:04','2020-02-29 10:00:04'),(1002,86,38,100,'vaccine','Симба нужно сделать прививку \'ВГВ\'','Симба нужно сделать прививку \'ВГВ\'',NULL,0,'2020-02-29 10:00:04','2020-02-29 10:00:04'),(1003,86,39,100,'vaccine','Симба нужно сделать прививку \'ИПВ\'','Симба нужно сделать прививку \'ИПВ\'',NULL,0,'2020-02-29 10:00:04','2020-02-29 10:00:04'),(1004,86,40,100,'vaccine','Симба нужно сделать прививку \'Пневмо\'','Симба нужно сделать прививку \'Пневмо\'',NULL,0,'2020-02-29 10:00:04','2020-02-29 10:00:04'),(1005,127,15,153,'vaccine','Ерназар нужно сделать прививку \'АбКДС\'','Ерназар нужно сделать прививку \'АбКДС\'',NULL,0,'2020-02-29 10:00:04','2020-02-29 10:00:04'),(1006,127,35,153,'vaccine','Ерназар нужно сделать прививку \'Хиб\'','Ерназар нужно сделать прививку \'Хиб\'',NULL,0,'2020-02-29 10:00:04','2020-02-29 10:00:04'),(1007,127,36,153,'vaccine','Ерназар нужно сделать прививку \'ИПВ\'','Ерназар нужно сделать прививку \'ИПВ\'',NULL,0,'2020-02-29 10:00:04','2020-02-29 10:00:04'),(1008,70,15,189,'vaccine','Енго нужно сделать прививку \'АбКДС\'','Енго нужно сделать прививку \'АбКДС\'',NULL,0,'2020-03-10 10:00:03','2020-03-10 10:00:03'),(1009,70,35,189,'vaccine','Енго нужно сделать прививку \'Хиб\'','Енго нужно сделать прививку \'Хиб\'',NULL,0,'2020-03-10 10:00:04','2020-03-10 10:00:04'),(1010,70,36,189,'vaccine','Енго нужно сделать прививку \'ИПВ\'','Енго нужно сделать прививку \'ИПВ\'',NULL,0,'2020-03-10 10:00:04','2020-03-10 10:00:04'),(1011,86,16,103,'vaccine','Шкшкшу нужно сделать прививку \'АбКДС\'','Шкшкшу нужно сделать прививку \'АбКДС\'',NULL,0,'2020-03-10 10:00:05','2020-03-10 10:00:05'),(1012,86,37,103,'vaccine','Шкшкшу нужно сделать прививку \'Хиб\'','Шкшкшу нужно сделать прививку \'Хиб\'',NULL,0,'2020-03-10 10:00:05','2020-03-10 10:00:05'),(1013,86,38,103,'vaccine','Шкшкшу нужно сделать прививку \'ВГВ\'','Шкшкшу нужно сделать прививку \'ВГВ\'',NULL,0,'2020-03-10 10:00:05','2020-03-10 10:00:05'),(1014,86,39,103,'vaccine','Шкшкшу нужно сделать прививку \'ИПВ\'','Шкшкшу нужно сделать прививку \'ИПВ\'',NULL,0,'2020-03-10 10:00:06','2020-03-10 10:00:06'),(1015,86,40,103,'vaccine','Шкшкшу нужно сделать прививку \'Пневмо\'','Шкшкшу нужно сделать прививку \'Пневмо\'',NULL,0,'2020-03-10 10:00:06','2020-03-10 10:00:06'),(1016,86,16,105,'vaccine','Колцу нужно сделать прививку \'АбКДС\'','Колцу нужно сделать прививку \'АбКДС\'',NULL,0,'2020-03-10 10:00:06','2020-03-10 10:00:06'),(1017,86,37,105,'vaccine','Колцу нужно сделать прививку \'Хиб\'','Колцу нужно сделать прививку \'Хиб\'',NULL,0,'2020-03-10 10:00:07','2020-03-10 10:00:07'),(1018,86,38,105,'vaccine','Колцу нужно сделать прививку \'ВГВ\'','Колцу нужно сделать прививку \'ВГВ\'',NULL,0,'2020-03-10 10:00:07','2020-03-10 10:00:07'),(1019,86,39,105,'vaccine','Колцу нужно сделать прививку \'ИПВ\'','Колцу нужно сделать прививку \'ИПВ\'',NULL,0,'2020-03-10 10:00:07','2020-03-10 10:00:07'),(1020,86,40,105,'vaccine','Колцу нужно сделать прививку \'Пневмо\'','Колцу нужно сделать прививку \'Пневмо\'',NULL,0,'2020-03-10 10:00:07','2020-03-10 10:00:07'),(1021,96,16,148,'vaccine','Оливия нужно сделать прививку \'АбКДС\'','Оливия нужно сделать прививку \'АбКДС\'',NULL,0,'2020-03-10 10:00:08','2020-03-10 10:00:08'),(1022,96,37,148,'vaccine','Оливия нужно сделать прививку \'Хиб\'','Оливия нужно сделать прививку \'Хиб\'',NULL,0,'2020-03-10 10:00:08','2020-03-10 10:00:08'),(1023,96,38,148,'vaccine','Оливия нужно сделать прививку \'ВГВ\'','Оливия нужно сделать прививку \'ВГВ\'',NULL,0,'2020-03-10 10:00:08','2020-03-10 10:00:08'),(1024,96,39,148,'vaccine','Оливия нужно сделать прививку \'ИПВ\'','Оливия нужно сделать прививку \'ИПВ\'',NULL,0,'2020-03-10 10:00:08','2020-03-10 10:00:08'),(1025,96,40,148,'vaccine','Оливия нужно сделать прививку \'Пневмо\'','Оливия нужно сделать прививку \'Пневмо\'',NULL,0,'2020-03-10 10:00:08','2020-03-10 10:00:08'),(1026,107,50,139,'forum','али понравился ваш комментарий','Леонтий, hi','/storage/2020/01/10/5e1862701a8a7.',0,'2020-03-11 09:07:07','2020-03-11 09:07:07'),(1027,116,50,139,'forum','али понравился ваш комментарий','всем привет!','/storage/2020/01/10/5e1862701a8a7.',0,'2020-03-11 09:07:08','2020-03-11 09:07:08'),(1028,86,50,139,'forum','али понравился ваш комментарий','Sample, очень опасно','/storage/2020/01/10/5e1862701a8a7.',0,'2020-03-11 09:07:09','2020-03-11 09:07:09'),(1029,105,16,126,'vaccine','Elizabeth нужно сделать прививку \'АбКДС\'','Elizabeth нужно сделать прививку \'АбКДС\'',NULL,0,'2020-03-11 10:00:03','2020-03-11 10:00:03'),(1030,105,37,126,'vaccine','Elizabeth нужно сделать прививку \'Хиб\'','Elizabeth нужно сделать прививку \'Хиб\'',NULL,0,'2020-03-11 10:00:03','2020-03-11 10:00:03'),(1031,105,38,126,'vaccine','Elizabeth нужно сделать прививку \'ВГВ\'','Elizabeth нужно сделать прививку \'ВГВ\'',NULL,0,'2020-03-11 10:00:03','2020-03-11 10:00:03'),(1032,105,39,126,'vaccine','Elizabeth нужно сделать прививку \'ИПВ\'','Elizabeth нужно сделать прививку \'ИПВ\'',NULL,0,'2020-03-11 10:00:03','2020-03-11 10:00:03'),(1033,105,40,126,'vaccine','Elizabeth нужно сделать прививку \'Пневмо\'','Elizabeth нужно сделать прививку \'Пневмо\'',NULL,0,'2020-03-11 10:00:03','2020-03-11 10:00:03'),(1034,86,15,163,'vaccine','Hdhshshshs нужно сделать прививку \'АбКДС\'','Hdhshshshs нужно сделать прививку \'АбКДС\'',NULL,0,'2020-03-12 10:00:03','2020-03-12 10:00:03'),(1035,86,35,163,'vaccine','Hdhshshshs нужно сделать прививку \'Хиб\'','Hdhshshshs нужно сделать прививку \'Хиб\'',NULL,0,'2020-03-12 10:00:03','2020-03-12 10:00:03'),(1036,86,36,163,'vaccine','Hdhshshshs нужно сделать прививку \'ИПВ\'','Hdhshshshs нужно сделать прививку \'ИПВ\'',NULL,0,'2020-03-12 10:00:03','2020-03-12 10:00:03'),(1037,89,33,190,'vaccine','Асель нужно сделать прививку \'ИПВ\'','Асель нужно сделать прививку \'ИПВ\'',NULL,1,'2020-03-13 10:00:02','2020-04-08 06:51:30'),(1038,92,70,89,'consultation','Eldor понравился ваш комментарий','Спасибо большое за ответ!','/storage/2020/01/23/5e2944888ac05.jpg',1,'2020-03-20 09:38:17','2020-04-01 11:56:54'),(1039,116,50,89,'forum','Eldor понравился ваш комментарий','всем привет!','/storage/2020/01/23/5e2944888ac05.jpg',0,'2020-03-20 09:44:23','2020-03-20 09:44:23'),(1040,86,50,164,'forum','Timofei понравился ваш комментарий','Простуда',NULL,0,'2020-03-20 09:57:15','2020-03-20 09:57:15'),(1041,86,50,164,'forum','Timofei понравился ваш комментарий','Sample, очень опасно',NULL,0,'2020-03-20 09:57:16','2020-03-20 09:57:16'),(1042,86,50,164,'forum','Timofei понравился ваш комментарий','Sample, очень опасно',NULL,0,'2020-03-20 09:57:20','2020-03-20 09:57:20'),(1043,86,50,164,'forum','Timofei понравился ваш комментарий','Sample, очень опасно',NULL,0,'2020-03-20 09:57:23','2020-03-20 09:57:23'),(1044,116,50,164,'forum','Timofei понравился ваш комментарий','всем привет!',NULL,0,'2020-03-20 09:57:25','2020-03-20 09:57:25'),(1045,107,50,164,'forum','Timofei понравился ваш комментарий','Леонтий, hi',NULL,0,'2020-03-20 09:57:26','2020-03-20 09:57:26'),(1046,86,16,102,'vaccine','776 по п нужно сделать прививку \'АбКДС\'','776 по п нужно сделать прививку \'АбКДС\'',NULL,0,'2020-03-22 10:00:03','2020-03-22 10:00:03'),(1047,86,37,102,'vaccine','776 по п нужно сделать прививку \'Хиб\'','776 по п нужно сделать прививку \'Хиб\'',NULL,0,'2020-03-22 10:00:04','2020-03-22 10:00:04'),(1048,86,38,102,'vaccine','776 по п нужно сделать прививку \'ВГВ\'','776 по п нужно сделать прививку \'ВГВ\'',NULL,0,'2020-03-22 10:00:04','2020-03-22 10:00:04'),(1049,86,39,102,'vaccine','776 по п нужно сделать прививку \'ИПВ\'','776 по п нужно сделать прививку \'ИПВ\'',NULL,0,'2020-03-22 10:00:04','2020-03-22 10:00:04'),(1050,86,40,102,'vaccine','776 по п нужно сделать прививку \'Пневмо\'','776 по п нужно сделать прививку \'Пневмо\'',NULL,0,'2020-03-22 10:00:04','2020-03-22 10:00:04'),(1051,89,15,190,'vaccine','Асель нужно сделать прививку \'АбКДС\'','Асель нужно сделать прививку \'АбКДС\'',NULL,1,'2020-03-23 10:00:03','2020-04-08 06:51:30'),(1052,89,35,190,'vaccine','Асель нужно сделать прививку \'Хиб\'','Асель нужно сделать прививку \'Хиб\'',NULL,1,'2020-03-23 10:00:03','2020-04-08 06:51:30'),(1053,89,36,190,'vaccine','Асель нужно сделать прививку \'ИПВ\'','Асель нужно сделать прививку \'ИПВ\'',NULL,1,'2020-03-23 10:00:05','2020-04-08 06:51:30'),(1054,92,19,142,'vaccine','1год нужно сделать прививку \'АбКДС\'','1год нужно сделать прививку \'АбКДС\'',NULL,1,'2020-03-26 10:00:03','2020-04-01 11:56:54'),(1055,92,43,142,'vaccine','1год нужно сделать прививку \'Хиб\'','1год нужно сделать прививку \'Хиб\'',NULL,1,'2020-03-26 10:00:03','2020-04-01 11:56:54'),(1056,92,44,142,'vaccine','1год нужно сделать прививку \'ИПВ\'','1год нужно сделать прививку \'ИПВ\'',NULL,1,'2020-03-26 10:00:03','2020-04-01 11:56:54'),(1057,141,15,191,'vaccine','Айбек нужно сделать прививку \'АбКДС\'','Айбек нужно сделать прививку \'АбКДС\'',NULL,0,'2020-03-29 10:00:03','2020-03-29 10:00:03'),(1058,141,35,191,'vaccine','Айбек нужно сделать прививку \'Хиб\'','Айбек нужно сделать прививку \'Хиб\'',NULL,0,'2020-03-29 10:00:03','2020-03-29 10:00:03'),(1059,141,36,191,'vaccine','Айбек нужно сделать прививку \'ИПВ\'','Айбек нужно сделать прививку \'ИПВ\'',NULL,0,'2020-03-29 10:00:04','2020-03-29 10:00:04'),(1060,127,16,153,'vaccine','Ерназар нужно сделать прививку \'АбКДС\'','Ерназар нужно сделать прививку \'АбКДС\'',NULL,0,'2020-03-31 10:00:03','2020-03-31 10:00:03'),(1061,127,37,153,'vaccine','Ерназар нужно сделать прививку \'Хиб\'','Ерназар нужно сделать прививку \'Хиб\'',NULL,0,'2020-03-31 10:00:04','2020-03-31 10:00:04'),(1062,127,38,153,'vaccine','Ерназар нужно сделать прививку \'ВГВ\'','Ерназар нужно сделать прививку \'ВГВ\'',NULL,0,'2020-03-31 10:00:04','2020-03-31 10:00:04'),(1063,127,39,153,'vaccine','Ерназар нужно сделать прививку \'ИПВ\'','Ерназар нужно сделать прививку \'ИПВ\'',NULL,0,'2020-03-31 10:00:04','2020-03-31 10:00:04'),(1064,127,40,153,'vaccine','Ерназар нужно сделать прививку \'Пневмо\'','Ерназар нужно сделать прививку \'Пневмо\'',NULL,0,'2020-03-31 10:00:04','2020-03-31 10:00:04'),(1065,70,16,189,'vaccine','Енго нужно сделать прививку \'АбКДС\'','Енго нужно сделать прививку \'АбКДС\'',NULL,0,'2020-04-07 10:00:03','2020-04-07 10:00:03'),(1066,70,37,189,'vaccine','Енго нужно сделать прививку \'Хиб\'','Енго нужно сделать прививку \'Хиб\'',NULL,0,'2020-04-07 10:00:04','2020-04-07 10:00:04'),(1067,70,38,189,'vaccine','Енго нужно сделать прививку \'ВГВ\'','Енго нужно сделать прививку \'ВГВ\'',NULL,0,'2020-04-07 10:00:04','2020-04-07 10:00:04'),(1068,70,39,189,'vaccine','Енго нужно сделать прививку \'ИПВ\'','Енго нужно сделать прививку \'ИПВ\'',NULL,0,'2020-04-07 10:00:05','2020-04-07 10:00:05'),(1069,70,40,189,'vaccine','Енго нужно сделать прививку \'Пневмо\'','Енго нужно сделать прививку \'Пневмо\'',NULL,0,'2020-04-07 10:00:05','2020-04-07 10:00:05');
/*!40101 SET @saved_cs_client     = @@character_set_client */;
/*!40101 SET character_set_client = utf8 */;
CREATE TABLE `password_resets` (
  `email` varchar(255) COLLATE utf8mb4_unicode_ci NOT NULL,
  `token` varchar(255) COLLATE utf8mb4_unicode_ci NOT NULL,
  `created_at` timestamp NULL DEFAULT NULL,
  KEY `password_resets_email_index` (`email`)
) ENGINE=InnoDB DEFAULT CHARSET=utf8mb4 COLLATE=utf8mb4_unicode_ci;
/*!40101 SET character_set_client = @saved_cs_client */;
/*!40101 SET @saved_cs_client     = @@character_set_client */;
/*!40101 SET character_set_client = utf8 */;
CREATE TABLE `playlists` (
  `id` bigint(20) unsigned NOT NULL AUTO_INCREMENT,
  `title` varchar(255) COLLATE utf8mb4_unicode_ci NOT NULL,
  `image` varchar(255) COLLATE utf8mb4_unicode_ci DEFAULT NULL,
  `published_at` timestamp NOT NULL DEFAULT CURRENT_TIMESTAMP,
  `created_at` timestamp NULL DEFAULT NULL,
  `updated_at` timestamp NULL DEFAULT NULL,
  PRIMARY KEY (`id`)
) ENGINE=InnoDB AUTO_INCREMENT=7 DEFAULT CHARSET=utf8mb4 COLLATE=utf8mb4_unicode_ci;
/*!40101 SET character_set_client = @saved_cs_client */;
INSERT INTO `playlists` VALUES (1,'Белый шум','/playlists/2019/12/25/5e03346b72492.jpg','2019-12-25 09:46:23','2019-10-31 07:12:08','2019-12-25 13:05:31'),(3,'Улучшение качества сна','/playlists/2019/12/25/5e0313311479b.JPG','2019-12-25 09:46:23','2019-10-29 07:12:08','2019-12-25 16:23:04'),(4,'Снятие тревожности','/playlists/2019/12/25/5e0361ca47c69.JPG','2019-12-25 09:46:23','2019-10-29 07:12:08','2019-12-25 16:19:06'),(5,'Работа с беспокойными состояниями','/playlists/2019/12/25/5e03633287b75.JPG','2019-12-25 16:24:16','2019-12-25 16:24:16','2019-12-25 16:25:06'),(6,'Страх не стать хорошей мамой','/playlists/2020/01/20/5e256a2c22470.jpg','2020-01-20 11:51:56','2020-01-20 11:51:56','2020-01-20 11:51:56');
/*!40101 SET @saved_cs_client     = @@character_set_client */;
/*!40101 SET character_set_client = utf8 */;
CREATE TABLE `records` (
  `id` bigint(20) unsigned NOT NULL AUTO_INCREMENT,
  `playlist_id` bigint(20) unsigned NOT NULL,
  `title` varchar(255) COLLATE utf8mb4_unicode_ci DEFAULT NULL,
  `image` varchar(255) COLLATE utf8mb4_unicode_ci DEFAULT NULL,
  `play_time` time DEFAULT NULL,
  `url` varchar(255) COLLATE utf8mb4_unicode_ci NOT NULL,
  `created_at` timestamp NULL DEFAULT NULL,
  `updated_at` timestamp NULL DEFAULT NULL,
  PRIMARY KEY (`id`)
) ENGINE=InnoDB AUTO_INCREMENT=21 DEFAULT CHARSET=utf8mb4 COLLATE=utf8mb4_unicode_ci;
/*!40101 SET character_set_client = @saved_cs_client */;
INSERT INTO `records` VALUES (3,3,'Шавасана','/records/2020/01/20/5e255c7f7bdf9.jpg','00:07:04','/records/2020/01/20/5e255c7f7beee.mp3','2019-10-31 07:12:08','2020-01-20 10:54:39'),(8,1,'Заводь','/records/2019/12/25/5e0335346e337.jpg','00:01:00','/records/2019/12/25/5e0334b79eb4d.mp3','2019-12-25 13:06:47','2019-12-25 13:08:52'),(10,1,'Летняя ночь','/records/2019/12/25/5e036d4a7ac1a.jpg','00:01:18','/records/2019/12/25/5e036d4a7ac91.mp3','2019-12-25 17:08:10','2019-12-25 17:08:43'),(11,4,'Исцеляющий водопад','/records/2020/01/20/5e2567597d0be.jpg','00:07:04','/records/2020/01/20/5e2567597d141.mp3','2020-01-20 11:39:53','2020-01-20 11:39:53'),(12,4,'Чудесный сад','/records/2020/01/20/5e2568099340f.jpg','00:07:55','/records/2020/01/20/5e25680993483.mp3','2020-01-20 11:42:49','2020-01-20 11:42:49'),(13,5,'Последовательное дыхание грудь-живот','/records/2020/01/20/5e2568eb0cd42.jpg','00:04:12','/records/2020/01/20/5e2568eb0cda5.mp3','2020-01-20 11:46:35','2020-01-20 11:46:35'),(14,5,'Дыхание по счетам','/records/2020/01/20/5e2569a1318ce.jpeg','00:07:04','/records/2020/01/20/5e2569a13192e.mp3','2020-01-20 11:49:37','2020-01-20 11:49:37'),(15,6,'Удивительная жемчужина','/records/2020/01/20/5e256b96eb1f8.jpg','00:07:14','/records/2020/01/20/5e256b96eb269.mp3','2020-01-20 11:57:58','2020-01-20 11:57:58'),(19,1,'Тихий пылесос','/records/2020/01/22/5e282a0e6a782.jpg','00:00:26','/records/2020/02/02/5e368868bbd1f.mp3','2020-01-22 13:55:10','2020-02-02 11:29:28'),(20,1,'Звук миксера','/records/2020/01/22/5e282b80229e3.jpg','00:00:32','/records/2020/01/22/5e282b8022b3f.mp3','2020-01-22 14:01:20','2020-01-22 14:01:20');
/*!40101 SET @saved_cs_client     = @@character_set_client */;
/*!40101 SET character_set_client = utf8 */;
CREATE TABLE `scheduler_logs` (
  `id` bigint(20) unsigned NOT NULL AUTO_INCREMENT,
  `tag` varchar(255) COLLATE utf8mb4_unicode_ci DEFAULT NULL,
  `text` text COLLATE utf8mb4_unicode_ci,
  `created_at` timestamp NULL DEFAULT NULL,
  `updated_at` timestamp NULL DEFAULT NULL,
  PRIMARY KEY (`id`)
) ENGINE=InnoDB AUTO_INCREMENT=295 DEFAULT CHARSET=utf8mb4 COLLATE=utf8mb4_unicode_ci;
/*!40101 SET character_set_client = @saved_cs_client */;
INSERT INTO `scheduler_logs` VALUES (1,'Started to check blog notes','notifications','2020-01-20 16:15:38','2020-01-20 16:15:38'),(2,'Finished to check blog notes','notifications','2020-01-20 16:15:41','2020-01-20 16:15:41'),(3,'Started to check notifications','notifications','2020-01-21 10:00:01','2020-01-21 10:00:01'),(4,'Notifications checked successfully','notifications','2020-01-21 10:00:07','2020-01-21 10:00:07'),(5,'Started to check blog notes','notifications','2020-01-21 16:00:03','2020-01-21 16:00:03'),(6,'Finished to check blog notes','notifications','2020-01-21 16:00:09','2020-01-21 16:00:09'),(7,'Started to check notifications','notifications','2020-01-22 10:00:01','2020-01-22 10:00:01'),(8,'Notifications checked successfully','notifications','2020-01-22 10:00:03','2020-01-22 10:00:03'),(9,'Started to check blog notes','notifications','2020-01-22 16:00:02','2020-01-22 16:00:02'),(10,'Finished to check blog notes','notifications','2020-01-22 16:00:05','2020-01-22 16:00:05'),(14,'api','{\"description_jpg\":\"\\u0442\\u0441\\u044c\\u0441\\u043b\\u0441\\u043b\\u0441\\u0434\\u0441\\u0434\\u0441\\u043b\\u0441\\u043b\\u0441\\u0434\\u043c\\u0441\\u043b\\u043b\\u0441\\u043b\\u043c\\u043b\\u0430\\u043b\\u0430\\u043b\\u0430\\u043b\\u0430\\u043b\\u0430\\u043b\\u0430\\u0430\\u043b\\u0430\\u0448\\u0430\\u0448\\u0448\\u0430\\u0430\\u0449\\u0430\\u0449\\u0449\\u0430\\u0449\\u0430\\u0449\\u0430\",\"title_jpg\":\"\\u0432\\u043e\\u0441\\u044c\\u043c\\u044c\",\"currentUser\":{\"id\":89,\"show_children\":1,\"type\":\"user\",\"name\":\"Eldor\",\"last_name\":null,\"access_token\":\"XIHP06gC689xIUyPe1UKXj9DDWDTqh0G8oqpTEBF58VivxsZIl\",\"thumb\":\"\\/storage\\/2020\\/01\\/06\\/5e1311cd63188.\",\"email\":\"apple.eldor@gmail.com\",\"parent\":\"father\",\"pregnant\":0,\"email_verified_at\":\"2019-12-04 21:07:58\",\"birth_date\":null,\"info\":null,\"vk\":\"https:\\/\\/vk.com\\/Mrodle\",\"instagram\":\"https:\\/\\/instagram.com\\/thtvtycfufu\",\"facebook\":\"https:\\/\\/facebook.com\\/Mrodle\",\"promocode_created_at\":\"2020-01-17 17:11:13\",\"promocode_used_count\":1,\"device_token\":\"eTXpUqrOPfw:APA91bHAL1_rn09vSqyr22GkJIc2YX0kpuMiu-m8Tcod_V1hLotGLUAsd4tIN0lL1YL3QUsjothdHCPcqkynObOVUFc-KhyrHOxFM5BEP-jGxFpyiaPSDDLF7_a1yTy8DXnw3EXvHDZh\",\"device_type\":\"ios\",\"blocked\":0,\"push\":0,\"deleted_at\":null,\"created_at\":\"2019-12-04 21:01:59\",\"updated_at\":\"2020-01-21 19:00:36\",\"badge\":false},\"images\":[{}]}','2020-01-23 09:27:33','2020-01-23 09:27:33'),(15,'Started to check notifications','notifications','2020-01-23 10:00:02','2020-01-23 10:00:02'),(16,'Notifications checked successfully','notifications','2020-01-23 10:00:17','2020-01-23 10:00:17'),(17,'Started to check blog notes','notifications','2020-01-23 16:00:01','2020-01-23 16:00:01'),(18,'Finished to check blog notes','notifications','2020-01-23 16:00:02','2020-01-23 16:00:02'),(19,'Started to check notifications','notifications','2020-01-24 10:00:02','2020-01-24 10:00:02'),(20,'Notifications checked successfully','notifications','2020-01-24 10:00:03','2020-01-24 10:00:03'),(21,'Started to check blog notes','notifications','2020-01-24 16:00:01','2020-01-24 16:00:01'),(22,'Finished to check blog notes','notifications','2020-01-24 16:00:01','2020-01-24 16:00:01'),(23,'Started to check notifications','notifications','2020-01-25 10:00:01','2020-01-25 10:00:01'),(24,'Notifications checked successfully','notifications','2020-01-25 10:00:03','2020-01-25 10:00:03'),(25,'Started to check blog notes','notifications','2020-01-25 16:00:02','2020-01-25 16:00:02'),(26,'Finished to check blog notes','notifications','2020-01-25 16:00:02','2020-01-25 16:00:02'),(27,'Started to check notifications','notifications','2020-01-26 10:00:03','2020-01-26 10:00:03'),(28,'Notifications checked successfully','notifications','2020-01-26 10:00:03','2020-01-26 10:00:03'),(29,'Started to check blog notes','notifications','2020-01-26 16:00:02','2020-01-26 16:00:02'),(30,'Finished to check blog notes','notifications','2020-01-26 16:00:02','2020-01-26 16:00:02'),(31,'Started to check notifications','notifications','2020-01-27 10:00:02','2020-01-27 10:00:02'),(32,'Notifications checked successfully','notifications','2020-01-27 10:00:03','2020-01-27 10:00:03'),(33,'Started to check blog notes','notifications','2020-01-27 16:00:01','2020-01-27 16:00:01'),(34,'Finished to check blog notes','notifications','2020-01-27 16:00:01','2020-01-27 16:00:01'),(35,'Started to check notifications','notifications','2020-01-28 10:00:02','2020-01-28 10:00:02'),(36,'Notifications checked successfully','notifications','2020-01-28 10:00:03','2020-01-28 10:00:03'),(37,'Started to check blog notes','notifications','2020-01-28 16:00:02','2020-01-28 16:00:02'),(38,'Finished to check blog notes','notifications','2020-01-28 16:00:03','2020-01-28 16:00:03'),(39,'Started to check notifications','notifications','2020-01-29 10:00:01','2020-01-29 10:00:01'),(40,'Notifications checked successfully','notifications','2020-01-29 10:00:04','2020-01-29 10:00:04'),(41,'Started to check blog notes','notifications','2020-01-29 16:00:01','2020-01-29 16:00:01'),(42,'Finished to check blog notes','notifications','2020-01-29 16:00:01','2020-01-29 16:00:01'),(43,'Started to check notifications','notifications','2020-01-30 10:00:02','2020-01-30 10:00:02'),(44,'Notifications checked successfully','notifications','2020-01-30 10:00:04','2020-01-30 10:00:04'),(45,'Started to check blog notes','notifications','2020-01-30 16:00:01','2020-01-30 16:00:01'),(46,'Finished to check blog notes','notifications','2020-01-30 16:00:02','2020-01-30 16:00:02'),(47,'Started to check notifications','notifications','2020-01-31 10:00:01','2020-01-31 10:00:01'),(48,'Notifications checked successfully','notifications','2020-01-31 10:00:03','2020-01-31 10:00:03'),(49,'Started to check blog notes','notifications','2020-01-31 16:00:01','2020-01-31 16:00:01'),(50,'Finished to check blog notes','notifications','2020-01-31 16:00:01','2020-01-31 16:00:01'),(51,'Started to refresh discounts','notifications','2020-01-31 21:00:01','2020-01-31 21:00:01'),(52,'Refresh discounts successfully done','notifications','2020-01-31 21:00:03','2020-01-31 21:00:03'),(53,'Started to check notifications','notifications','2020-02-01 10:00:03','2020-02-01 10:00:03'),(54,'Notifications checked successfully','notifications','2020-02-01 10:00:03','2020-02-01 10:00:03'),(55,'Started to check blog notes','notifications','2020-02-01 16:00:01','2020-02-01 16:00:01'),(56,'Finished to check blog notes','notifications','2020-02-01 16:00:01','2020-02-01 16:00:01'),(57,'Started to check notifications','notifications','2020-02-02 10:00:01','2020-02-02 10:00:01'),(58,'Notifications checked successfully','notifications','2020-02-02 10:00:04','2020-02-02 10:00:04'),(59,'Started to check blog notes','notifications','2020-02-02 16:00:01','2020-02-02 16:00:01'),(60,'Finished to check blog notes','notifications','2020-02-02 16:00:02','2020-02-02 16:00:02'),(61,'Started to check notifications','notifications','2020-02-03 10:00:03','2020-02-03 10:00:03'),(62,'Notifications checked successfully','notifications','2020-02-03 10:00:03','2020-02-03 10:00:03'),(63,'Started to check blog notes','notifications','2020-02-03 16:00:02','2020-02-03 16:00:02'),(64,'Finished to check blog notes','notifications','2020-02-03 16:00:03','2020-02-03 16:00:03'),(65,'Started to check notifications','notifications','2020-02-04 10:00:01','2020-02-04 10:00:01'),(66,'Notifications checked successfully','notifications','2020-02-04 10:00:02','2020-02-04 10:00:02'),(67,'Started to check blog notes','notifications','2020-02-04 16:00:03','2020-02-04 16:00:03'),(68,'Finished to check blog notes','notifications','2020-02-04 16:00:03','2020-02-04 16:00:03'),(69,'Started to check notifications','notifications','2020-02-05 10:00:02','2020-02-05 10:00:02'),(70,'Notifications checked successfully','notifications','2020-02-05 10:00:05','2020-02-05 10:00:05'),(71,'Started to check blog notes','notifications','2020-02-05 16:00:02','2020-02-05 16:00:02'),(72,'Finished to check blog notes','notifications','2020-02-05 16:00:02','2020-02-05 16:00:02'),(73,'Started to check blog notes','notifications','2020-02-06 16:00:02','2020-02-06 16:00:02'),(74,'Finished to check blog notes','notifications','2020-02-06 16:00:02','2020-02-06 16:00:02'),(75,'Started to check notifications','notifications','2020-02-07 10:00:01','2020-02-07 10:00:01'),(76,'Notifications checked successfully','notifications','2020-02-07 10:00:03','2020-02-07 10:00:03'),(77,'Started to check blog notes','notifications','2020-02-07 16:00:01','2020-02-07 16:00:01'),(78,'Finished to check blog notes','notifications','2020-02-07 16:00:02','2020-02-07 16:00:02'),(79,'Started to check notifications','notifications','2020-02-08 10:00:02','2020-02-08 10:00:02'),(80,'Notifications checked successfully','notifications','2020-02-08 10:00:03','2020-02-08 10:00:03'),(81,'Started to check blog notes','notifications','2020-02-08 16:00:02','2020-02-08 16:00:02'),(82,'Finished to check blog notes','notifications','2020-02-08 16:00:02','2020-02-08 16:00:02'),(83,'Started to check notifications','notifications','2020-02-09 10:00:01','2020-02-09 10:00:01'),(84,'Notifications checked successfully','notifications','2020-02-09 10:00:03','2020-02-09 10:00:03'),(85,'Started to check blog notes','notifications','2020-02-09 16:00:01','2020-02-09 16:00:01'),(86,'Finished to check blog notes','notifications','2020-02-09 16:00:02','2020-02-09 16:00:02'),(87,'Started to check notifications','notifications','2020-02-10 10:00:01','2020-02-10 10:00:01'),(88,'Notifications checked successfully','notifications','2020-02-10 10:00:03','2020-02-10 10:00:03'),(89,'Started to check blog notes','notifications','2020-02-10 16:00:02','2020-02-10 16:00:02'),(90,'Finished to check blog notes','notifications','2020-02-10 16:00:02','2020-02-10 16:00:02'),(91,'Started to check notifications','notifications','2020-02-11 10:00:02','2020-02-11 10:00:02'),(92,'Notifications checked successfully','notifications','2020-02-11 10:00:04','2020-02-11 10:00:04'),(93,'Started to check blog notes','notifications','2020-02-11 16:00:02','2020-02-11 16:00:02'),(94,'Finished to check blog notes','notifications','2020-02-11 16:00:03','2020-02-11 16:00:03'),(95,'Started to check notifications','notifications','2020-02-12 10:00:02','2020-02-12 10:00:02'),(96,'Notifications checked successfully','notifications','2020-02-12 10:00:03','2020-02-12 10:00:03'),(97,'Started to check blog notes','notifications','2020-02-12 16:00:02','2020-02-12 16:00:02'),(98,'Finished to check blog notes','notifications','2020-02-12 16:00:02','2020-02-12 16:00:02'),(99,'Started to check notifications','notifications','2020-02-13 10:00:01','2020-02-13 10:00:01'),(100,'Notifications checked successfully','notifications','2020-02-13 10:00:04','2020-02-13 10:00:04'),(101,'Started to check blog notes','notifications','2020-02-13 16:00:01','2020-02-13 16:00:01'),(102,'Finished to check blog notes','notifications','2020-02-13 16:00:01','2020-02-13 16:00:01'),(103,'Started to check notifications','notifications','2020-02-14 10:00:03','2020-02-14 10:00:03'),(104,'Notifications checked successfully','notifications','2020-02-14 10:00:03','2020-02-14 10:00:03'),(105,'Started to check blog notes','notifications','2020-02-14 16:00:02','2020-02-14 16:00:02'),(106,'Finished to check blog notes','notifications','2020-02-14 16:00:02','2020-02-14 16:00:02'),(107,'Started to check notifications','notifications','2020-02-15 10:00:02','2020-02-15 10:00:02'),(108,'Notifications checked successfully','notifications','2020-02-15 10:00:03','2020-02-15 10:00:03'),(109,'Started to check blog notes','notifications','2020-02-15 16:00:02','2020-02-15 16:00:02'),(110,'Finished to check blog notes','notifications','2020-02-15 16:00:03','2020-02-15 16:00:03'),(111,'Started to check notifications','notifications','2020-02-16 10:00:02','2020-02-16 10:00:02'),(112,'Notifications checked successfully','notifications','2020-02-16 10:00:04','2020-02-16 10:00:04'),(113,'Started to check blog notes','notifications','2020-02-16 16:00:02','2020-02-16 16:00:02'),(114,'Finished to check blog notes','notifications','2020-02-16 16:00:03','2020-02-16 16:00:03'),(115,'Started to check notifications','notifications','2020-02-17 10:00:01','2020-02-17 10:00:01'),(116,'Notifications checked successfully','notifications','2020-02-17 10:00:03','2020-02-17 10:00:03'),(117,'Started to check blog notes','notifications','2020-02-17 16:00:03','2020-02-17 16:00:03'),(118,'Finished to check blog notes','notifications','2020-02-17 16:00:04','2020-02-17 16:00:04'),(119,'Started to check notifications','notifications','2020-02-18 10:00:02','2020-02-18 10:00:02'),(120,'Notifications checked successfully','notifications','2020-02-18 10:00:03','2020-02-18 10:00:03'),(121,'Started to check blog notes','notifications','2020-02-18 16:00:02','2020-02-18 16:00:02'),(122,'Finished to check blog notes','notifications','2020-02-18 16:00:02','2020-02-18 16:00:02'),(123,'Started to check notifications','notifications','2020-02-19 10:00:02','2020-02-19 10:00:02'),(124,'Notifications checked successfully','notifications','2020-02-19 10:00:03','2020-02-19 10:00:03'),(125,'Started to check blog notes','notifications','2020-02-19 16:00:02','2020-02-19 16:00:02'),(126,'Finished to check blog notes','notifications','2020-02-19 16:00:02','2020-02-19 16:00:02'),(127,'Started to check notifications','notifications','2020-02-20 10:00:02','2020-02-20 10:00:02'),(128,'Notifications checked successfully','notifications','2020-02-20 10:00:03','2020-02-20 10:00:03'),(129,'Started to check blog notes','notifications','2020-02-20 16:00:02','2020-02-20 16:00:02'),(130,'Finished to check blog notes','notifications','2020-02-20 16:00:03','2020-02-20 16:00:03'),(131,'Started to check notifications','notifications','2020-02-21 10:00:03','2020-02-21 10:00:03'),(132,'Notifications checked successfully','notifications','2020-02-21 10:00:04','2020-02-21 10:00:04'),(133,'Started to check blog notes','notifications','2020-02-21 16:00:03','2020-02-21 16:00:03'),(134,'Finished to check blog notes','notifications','2020-02-21 16:00:03','2020-02-21 16:00:03'),(135,'Started to check notifications','notifications','2020-02-22 10:00:03','2020-02-22 10:00:03'),(136,'Notifications checked successfully','notifications','2020-02-22 10:00:03','2020-02-22 10:00:03'),(137,'Started to check blog notes','notifications','2020-02-22 16:00:02','2020-02-22 16:00:02'),(138,'Finished to check blog notes','notifications','2020-02-22 16:00:03','2020-02-22 16:00:03'),(139,'Started to check notifications','notifications','2020-02-23 10:00:02','2020-02-23 10:00:02'),(140,'Notifications checked successfully','notifications','2020-02-23 10:00:03','2020-02-23 10:00:03'),(141,'Started to check blog notes','notifications','2020-02-23 16:00:02','2020-02-23 16:00:02'),(142,'Finished to check blog notes','notifications','2020-02-23 16:00:03','2020-02-23 16:00:03'),(143,'Started to check notifications','notifications','2020-02-24 10:00:02','2020-02-24 10:00:02'),(144,'Notifications checked successfully','notifications','2020-02-24 10:00:03','2020-02-24 10:00:03'),(145,'Started to check blog notes','notifications','2020-02-24 16:00:02','2020-02-24 16:00:02'),(146,'Finished to check blog notes','notifications','2020-02-24 16:00:03','2020-02-24 16:00:03'),(147,'Started to check notifications','notifications','2020-02-25 10:00:03','2020-02-25 10:00:03'),(148,'Notifications checked successfully','notifications','2020-02-25 10:00:03','2020-02-25 10:00:03'),(149,'Started to check blog notes','notifications','2020-02-25 16:00:03','2020-02-25 16:00:03'),(150,'Finished to check blog notes','notifications','2020-02-25 16:00:03','2020-02-25 16:00:03'),(151,'Started to check notifications','notifications','2020-02-26 10:00:03','2020-02-26 10:00:03'),(152,'Notifications checked successfully','notifications','2020-02-26 10:00:03','2020-02-26 10:00:03'),(153,'Started to check blog notes','notifications','2020-02-26 16:00:02','2020-02-26 16:00:02'),(154,'Finished to check blog notes','notifications','2020-02-26 16:00:02','2020-02-26 16:00:02'),(155,'Started to check notifications','notifications','2020-02-27 10:00:01','2020-02-27 10:00:01'),(156,'Notifications checked successfully','notifications','2020-02-27 10:00:02','2020-02-27 10:00:02'),(157,'Started to check blog notes','notifications','2020-02-27 16:00:02','2020-02-27 16:00:02'),(158,'Finished to check blog notes','notifications','2020-02-27 16:00:03','2020-02-27 16:00:03'),(159,'Started to check notifications','notifications','2020-02-28 10:00:03','2020-02-28 10:00:03'),(160,'Notifications checked successfully','notifications','2020-02-28 10:00:03','2020-02-28 10:00:03'),(161,'Started to check blog notes','notifications','2020-02-28 16:00:02','2020-02-28 16:00:02'),(162,'Finished to check blog notes','notifications','2020-02-28 16:00:03','2020-02-28 16:00:03'),(163,'Started to check notifications','notifications','2020-02-29 10:00:03','2020-02-29 10:00:03'),(164,'Notifications checked successfully','notifications','2020-02-29 10:00:04','2020-02-29 10:00:04'),(165,'Started to check blog notes','notifications','2020-02-29 16:00:02','2020-02-29 16:00:02'),(166,'Finished to check blog notes','notifications','2020-02-29 16:00:02','2020-02-29 16:00:02'),(167,'Started to refresh discounts','notifications','2020-02-29 21:00:03','2020-02-29 21:00:03'),(168,'Refresh discounts successfully done','notifications','2020-02-29 21:00:03','2020-02-29 21:00:03'),(169,'Started to check notifications','notifications','2020-03-01 10:00:02','2020-03-01 10:00:02'),(170,'Notifications checked successfully','notifications','2020-03-01 10:00:03','2020-03-01 10:00:03'),(171,'Started to check blog notes','notifications','2020-03-01 16:00:02','2020-03-01 16:00:02'),(172,'Finished to check blog notes','notifications','2020-03-01 16:00:02','2020-03-01 16:00:02'),(173,'Started to check notifications','notifications','2020-03-02 10:00:03','2020-03-02 10:00:03'),(174,'Notifications checked successfully','notifications','2020-03-02 10:00:03','2020-03-02 10:00:03'),(175,'Started to check notifications','notifications','2020-03-10 10:00:01','2020-03-10 10:00:01'),(176,'Notifications checked successfully','notifications','2020-03-10 10:00:08','2020-03-10 10:00:08'),(177,'Started to check blog notes','notifications','2020-03-10 16:00:01','2020-03-10 16:00:01'),(178,'Finished to check blog notes','notifications','2020-03-10 16:00:03','2020-03-10 16:00:03'),(179,'Started to check notifications','notifications','2020-03-11 10:00:02','2020-03-11 10:00:02'),(180,'Notifications checked successfully','notifications','2020-03-11 10:00:03','2020-03-11 10:00:03'),(181,'Started to check blog notes','notifications','2020-03-11 16:00:03','2020-03-11 16:00:03'),(182,'Finished to check blog notes','notifications','2020-03-11 16:00:03','2020-03-11 16:00:03'),(183,'Started to check notifications','notifications','2020-03-12 10:00:01','2020-03-12 10:00:01'),(184,'Notifications checked successfully','notifications','2020-03-12 10:00:03','2020-03-12 10:00:03'),(185,'Started to check blog notes','notifications','2020-03-12 16:00:01','2020-03-12 16:00:01'),(186,'Finished to check blog notes','notifications','2020-03-12 16:00:02','2020-03-12 16:00:02'),(187,'Started to check notifications','notifications','2020-03-13 10:00:02','2020-03-13 10:00:02'),(188,'Notifications checked successfully','notifications','2020-03-13 10:00:03','2020-03-13 10:00:03'),(189,'Started to check blog notes','notifications','2020-03-13 16:00:02','2020-03-13 16:00:02'),(190,'Finished to check blog notes','notifications','2020-03-13 16:00:03','2020-03-13 16:00:03'),(191,'Started to check notifications','notifications','2020-03-14 10:00:02','2020-03-14 10:00:02'),(192,'Notifications checked successfully','notifications','2020-03-14 10:00:03','2020-03-14 10:00:03'),(193,'Started to check blog notes','notifications','2020-03-14 16:00:02','2020-03-14 16:00:02'),(194,'Finished to check blog notes','notifications','2020-03-14 16:00:05','2020-03-14 16:00:05'),(195,'Started to check notifications','notifications','2020-03-15 10:00:01','2020-03-15 10:00:01'),(196,'Notifications checked successfully','notifications','2020-03-15 10:00:04','2020-03-15 10:00:04'),(197,'Started to check blog notes','notifications','2020-03-15 16:00:02','2020-03-15 16:00:02'),(198,'Finished to check blog notes','notifications','2020-03-15 16:00:03','2020-03-15 16:00:03'),(199,'Started to check notifications','notifications','2020-03-16 10:00:01','2020-03-16 10:00:01'),(200,'Notifications checked successfully','notifications','2020-03-16 10:00:03','2020-03-16 10:00:03'),(201,'Started to check blog notes','notifications','2020-03-16 16:00:01','2020-03-16 16:00:01'),(202,'Finished to check blog notes','notifications','2020-03-16 16:00:03','2020-03-16 16:00:03'),(203,'Started to check notifications','notifications','2020-03-17 10:00:01','2020-03-17 10:00:01'),(204,'Notifications checked successfully','notifications','2020-03-17 10:00:03','2020-03-17 10:00:03'),(205,'Started to check blog notes','notifications','2020-03-17 16:00:01','2020-03-17 16:00:01'),(206,'Finished to check blog notes','notifications','2020-03-17 16:00:02','2020-03-17 16:00:02'),(207,'Started to check notifications','notifications','2020-03-18 10:00:03','2020-03-18 10:00:03'),(208,'Notifications checked successfully','notifications','2020-03-18 10:00:03','2020-03-18 10:00:03'),(209,'Started to check blog notes','notifications','2020-03-18 16:00:01','2020-03-18 16:00:01'),(210,'Finished to check blog notes','notifications','2020-03-18 16:00:01','2020-03-18 16:00:01'),(211,'Started to check notifications','notifications','2020-03-19 10:00:01','2020-03-19 10:00:01'),(212,'Notifications checked successfully','notifications','2020-03-19 10:00:02','2020-03-19 10:00:02'),(213,'Started to check blog notes','notifications','2020-03-19 16:00:02','2020-03-19 16:00:02'),(214,'Finished to check blog notes','notifications','2020-03-19 16:00:03','2020-03-19 16:00:03'),(215,'Started to check notifications','notifications','2020-03-20 10:00:01','2020-03-20 10:00:01'),(216,'Notifications checked successfully','notifications','2020-03-20 10:00:03','2020-03-20 10:00:03'),(217,'Started to check blog notes','notifications','2020-03-20 16:00:02','2020-03-20 16:00:02'),(218,'Finished to check blog notes','notifications','2020-03-20 16:00:03','2020-03-20 16:00:03'),(219,'Started to check notifications','notifications','2020-03-21 10:00:01','2020-03-21 10:00:01'),(220,'Notifications checked successfully','notifications','2020-03-21 10:00:03','2020-03-21 10:00:03'),(221,'Started to check blog notes','notifications','2020-03-21 16:00:01','2020-03-21 16:00:01'),(222,'Finished to check blog notes','notifications','2020-03-21 16:00:02','2020-03-21 16:00:02'),(223,'Started to check notifications','notifications','2020-03-22 10:00:02','2020-03-22 10:00:02'),(224,'Notifications checked successfully','notifications','2020-03-22 10:00:05','2020-03-22 10:00:05'),(225,'Started to check blog notes','notifications','2020-03-22 16:00:02','2020-03-22 16:00:02'),(226,'Finished to check blog notes','notifications','2020-03-22 16:00:03','2020-03-22 16:00:03'),(227,'Started to check notifications','notifications','2020-03-23 10:00:01','2020-03-23 10:00:01'),(228,'Notifications checked successfully','notifications','2020-03-23 10:00:05','2020-03-23 10:00:05'),(229,'Started to check blog notes','notifications','2020-03-23 16:00:02','2020-03-23 16:00:02'),(230,'Finished to check blog notes','notifications','2020-03-23 16:00:02','2020-03-23 16:00:02'),(231,'Started to check notifications','notifications','2020-03-24 10:00:03','2020-03-24 10:00:03'),(232,'Notifications checked successfully','notifications','2020-03-24 10:00:03','2020-03-24 10:00:03'),(233,'Started to check blog notes','notifications','2020-03-24 16:00:01','2020-03-24 16:00:01'),(234,'Finished to check blog notes','notifications','2020-03-24 16:00:01','2020-03-24 16:00:01'),(235,'Started to check notifications','notifications','2020-03-25 10:00:03','2020-03-25 10:00:03'),(236,'Notifications checked successfully','notifications','2020-03-25 10:00:03','2020-03-25 10:00:03'),(237,'Started to check blog notes','notifications','2020-03-25 16:00:02','2020-03-25 16:00:02'),(238,'Finished to check blog notes','notifications','2020-03-25 16:00:04','2020-03-25 16:00:04'),(239,'Started to check notifications','notifications','2020-03-26 10:00:03','2020-03-26 10:00:03'),(240,'Notifications checked successfully','notifications','2020-03-26 10:00:03','2020-03-26 10:00:03'),(241,'Started to check blog notes','notifications','2020-03-26 16:00:01','2020-03-26 16:00:01'),(242,'Finished to check blog notes','notifications','2020-03-26 16:00:02','2020-03-26 16:00:02'),(243,'Started to check notifications','notifications','2020-03-27 10:00:02','2020-03-27 10:00:02'),(244,'Notifications checked successfully','notifications','2020-03-27 10:00:03','2020-03-27 10:00:03'),(245,'Started to check blog notes','notifications','2020-03-27 16:00:02','2020-03-27 16:00:02'),(246,'Finished to check blog notes','notifications','2020-03-27 16:00:02','2020-03-27 16:00:02'),(247,'Started to check notifications','notifications','2020-03-28 10:00:01','2020-03-28 10:00:01'),(248,'Notifications checked successfully','notifications','2020-03-28 10:00:04','2020-03-28 10:00:04'),(249,'Started to check blog notes','notifications','2020-03-28 16:00:02','2020-03-28 16:00:02'),(250,'Finished to check blog notes','notifications','2020-03-28 16:00:02','2020-03-28 16:00:02'),(251,'Started to check notifications','notifications','2020-03-29 10:00:01','2020-03-29 10:00:01'),(252,'Notifications checked successfully','notifications','2020-03-29 10:00:04','2020-03-29 10:00:04'),(253,'Started to check blog notes','notifications','2020-03-29 16:00:01','2020-03-29 16:00:01'),(254,'Finished to check blog notes','notifications','2020-03-29 16:00:03','2020-03-29 16:00:03'),(255,'Started to check notifications','notifications','2020-03-30 10:00:05','2020-03-30 10:00:05'),(256,'Notifications checked successfully','notifications','2020-03-30 10:00:05','2020-03-30 10:00:05'),(257,'Started to check blog notes','notifications','2020-03-30 16:00:03','2020-03-30 16:00:03'),(258,'Finished to check blog notes','notifications','2020-03-30 16:00:07','2020-03-30 16:00:07'),(259,'Started to check notifications','notifications','2020-03-31 10:00:01','2020-03-31 10:00:01'),(260,'Notifications checked successfully','notifications','2020-03-31 10:00:04','2020-03-31 10:00:04'),(261,'Started to check blog notes','notifications','2020-03-31 16:00:03','2020-03-31 16:00:03'),(262,'Finished to check blog notes','notifications','2020-03-31 16:00:03','2020-03-31 16:00:03'),(263,'Started to refresh discounts','notifications','2020-03-31 21:00:04','2020-03-31 21:00:04'),(264,'Refresh discounts successfully done','notifications','2020-03-31 21:00:04','2020-03-31 21:00:04'),(265,'Started to check notifications','notifications','2020-04-01 10:00:03','2020-04-01 10:00:03'),(266,'Notifications checked successfully','notifications','2020-04-01 10:00:03','2020-04-01 10:00:03'),(267,'Started to check blog notes','notifications','2020-04-01 16:00:03','2020-04-01 16:00:03'),(268,'Finished to check blog notes','notifications','2020-04-01 16:00:03','2020-04-01 16:00:03'),(269,'Started to check notifications','notifications','2020-04-02 10:00:04','2020-04-02 10:00:04'),(270,'Notifications checked successfully','notifications','2020-04-02 10:00:05','2020-04-02 10:00:05'),(271,'Started to check blog notes','notifications','2020-04-02 16:00:03','2020-04-02 16:00:03'),(272,'Finished to check blog notes','notifications','2020-04-02 16:00:04','2020-04-02 16:00:04'),(273,'Started to check notifications','notifications','2020-04-03 10:00:09','2020-04-03 10:00:09'),(274,'Notifications checked successfully','notifications','2020-04-03 10:00:10','2020-04-03 10:00:10'),(275,'Started to check blog notes','notifications','2020-04-03 16:00:03','2020-04-03 16:00:03'),(276,'Finished to check blog notes','notifications','2020-04-03 16:00:07','2020-04-03 16:00:07'),(277,'Started to check notifications','notifications','2020-04-04 10:00:01','2020-04-04 10:00:01'),(278,'Notifications checked successfully','notifications','2020-04-04 10:00:03','2020-04-04 10:00:03'),(279,'Started to check blog notes','notifications','2020-04-04 16:00:02','2020-04-04 16:00:02'),(280,'Finished to check blog notes','notifications','2020-04-04 16:00:02','2020-04-04 16:00:02'),(281,'Started to check notifications','notifications','2020-04-05 10:00:01','2020-04-05 10:00:01'),(282,'Notifications checked successfully','notifications','2020-04-05 10:00:02','2020-04-05 10:00:02'),(283,'Started to check blog notes','notifications','2020-04-05 16:00:02','2020-04-05 16:00:02'),(284,'Finished to check blog notes','notifications','2020-04-05 16:00:03','2020-04-05 16:00:03'),(285,'Started to check notifications','notifications','2020-04-06 10:00:01','2020-04-06 10:00:01'),(286,'Notifications checked successfully','notifications','2020-04-06 10:00:03','2020-04-06 10:00:03'),(287,'Started to check blog notes','notifications','2020-04-06 16:00:02','2020-04-06 16:00:02'),(288,'Finished to check blog notes','notifications','2020-04-06 16:00:03','2020-04-06 16:00:03'),(289,'Started to check notifications','notifications','2020-04-07 10:00:01','2020-04-07 10:00:01'),(290,'Notifications checked successfully','notifications','2020-04-07 10:00:05','2020-04-07 10:00:05'),(291,'Started to check blog notes','notifications','2020-04-07 16:00:01','2020-04-07 16:00:01'),(292,'Finished to check blog notes','notifications','2020-04-07 16:00:03','2020-04-07 16:00:03'),(293,'Started to check notifications','notifications','2020-04-08 10:00:03','2020-04-08 10:00:03'),(294,'Notifications checked successfully','notifications','2020-04-08 10:00:03','2020-04-08 10:00:03');
/*!40101 SET @saved_cs_client     = @@character_set_client */;
/*!40101 SET character_set_client = utf8 */;
CREATE TABLE `settings` (
  `id` bigint(20) unsigned NOT NULL AUTO_INCREMENT,
  `key` varchar(255) COLLATE utf8mb4_unicode_ci NOT NULL,
  `value` varchar(255) COLLATE utf8mb4_unicode_ci NOT NULL,
  `created_at` timestamp NULL DEFAULT NULL,
  `updated_at` timestamp NULL DEFAULT NULL,
  PRIMARY KEY (`id`)
) ENGINE=InnoDB AUTO_INCREMENT=2 DEFAULT CHARSET=utf8mb4 COLLATE=utf8mb4_unicode_ci;
/*!40101 SET character_set_client = @saved_cs_client */;
INSERT INTO `settings` VALUES (1,'PROMOCODE_MONTH_LIMIT','5','2020-01-20 14:37:30','2020-01-20 14:37:31');
/*!40101 SET @saved_cs_client     = @@character_set_client */;
/*!40101 SET character_set_client = utf8 */;
CREATE TABLE `taggables` (
  `id` bigint(20) unsigned NOT NULL AUTO_INCREMENT,
  `tag_id` bigint(20) unsigned NOT NULL,
  `taggable_type` enum('article','forum','event','playlist','consultation','blog') COLLATE utf8mb4_unicode_ci NOT NULL,
  `taggable_id` bigint(20) unsigned NOT NULL,
  `created_at` timestamp NULL DEFAULT NULL,
  `updated_at` timestamp NULL DEFAULT NULL,
  PRIMARY KEY (`id`),
  KEY `taggables_tag_id_foreign` (`tag_id`),
  CONSTRAINT `taggables_tag_id_foreign` FOREIGN KEY (`tag_id`) REFERENCES `tags` (`id`) ON DELETE CASCADE
) ENGINE=InnoDB AUTO_INCREMENT=118 DEFAULT CHARSET=utf8mb4 COLLATE=utf8mb4_unicode_ci;
/*!40101 SET character_set_client = @saved_cs_client */;
INSERT INTO `taggables` VALUES (27,16,'article',1,'2019-12-04 12:10:19','2019-12-04 12:10:20'),(28,23,'article',1,'2019-12-04 12:10:19','2019-12-04 12:10:20'),(29,12,'article',1,'2019-12-04 12:10:19','2019-12-04 12:10:20'),(31,13,'article',5,'2019-12-04 12:10:19','2019-12-04 12:10:20'),(32,21,'article',6,'2019-12-04 12:10:19','2019-12-04 12:10:20'),(33,21,'article',7,'2019-12-04 12:10:19','2019-12-04 12:10:20'),(34,15,'article',8,'2019-12-04 12:10:19','2019-12-04 12:10:20'),(35,20,'article',34,'2019-12-05 13:05:37','2019-12-05 13:05:37'),(37,12,'article',27,'2019-12-05 13:06:13','2019-12-05 13:06:13'),(38,22,'article',27,'2019-12-05 13:06:13','2019-12-05 13:06:13'),(39,11,'article',25,'2019-12-05 13:06:26','2019-12-05 13:06:26'),(40,12,'article',25,'2019-12-05 13:06:26','2019-12-05 13:06:26'),(47,23,'forum',8,'2019-12-05 13:37:41','2019-12-05 13:37:41'),(48,14,'forum',8,'2019-12-05 13:40:06','2019-12-05 13:40:06'),(49,23,'article',28,'2019-12-06 13:20:54','2019-12-06 13:20:54'),(54,17,'article',36,'2019-12-09 07:42:25','2019-12-09 07:42:25'),(55,13,'article',36,'2019-12-09 07:42:25','2019-12-09 07:42:25'),(57,16,'article',37,'2019-12-09 07:46:30','2019-12-09 07:46:30'),(59,17,'forum',2,'2019-12-09 08:05:39','2019-12-09 08:05:39'),(60,20,'forum',1,'2019-12-09 08:13:43','2019-12-09 08:13:43'),(61,21,'forum',2,'2019-12-09 08:13:54','2019-12-09 08:13:54'),(62,23,'forum',2,'2019-12-09 08:13:54','2019-12-09 08:13:54'),(63,21,'forum',1,'2019-12-09 08:33:13','2019-12-09 08:33:13'),(64,21,'blog',1,'2019-12-09 08:33:13','2019-12-09 08:33:13'),(65,14,'blog',1,'2019-12-09 08:33:13','2019-12-09 08:33:13'),(66,15,'article',27,'2019-12-13 16:30:42','2019-12-13 16:30:42'),(67,21,'article',38,'2019-12-13 16:38:28','2019-12-13 16:38:28'),(68,11,'article',39,'2019-12-13 16:56:12','2019-12-13 16:56:12'),(69,16,'article',39,'2019-12-13 16:56:12','2019-12-13 16:56:12'),(70,14,'article',40,'2019-12-18 20:49:35','2019-12-18 20:49:35'),(71,23,'article',40,'2019-12-18 20:49:35','2019-12-18 20:49:35'),(72,12,'article',41,'2019-12-18 21:14:29','2019-12-18 21:14:29'),(73,13,'article',41,'2019-12-18 21:14:29','2019-12-18 21:14:29'),(74,14,'article',41,'2019-12-18 21:14:29','2019-12-18 21:14:29'),(75,11,'article',41,'2019-12-18 21:14:29','2019-12-18 21:14:29'),(76,17,'article',42,'2019-12-19 13:03:48','2019-12-19 13:03:48'),(77,14,'article',42,'2019-12-19 13:04:08','2019-12-19 13:04:08'),(78,17,'article',43,'2019-12-19 13:18:15','2019-12-19 13:18:15'),(79,16,'article',43,'2019-12-19 13:18:15','2019-12-19 13:18:15'),(80,23,'forum',39,'2019-12-19 14:30:33','2019-12-19 14:30:33'),(81,17,'forum',40,'2019-12-19 15:05:53','2019-12-19 15:05:53'),(82,16,'forum',41,'2019-12-19 17:22:46','2019-12-19 17:22:46'),(83,17,'forum',41,'2019-12-19 17:22:46','2019-12-19 17:22:46'),(84,12,'forum',43,'2019-12-21 06:31:40','2019-12-21 06:31:40'),(85,14,'forum',43,'2019-12-21 06:31:40','2019-12-21 06:31:40'),(86,13,'forum',46,'2019-12-21 06:34:23','2019-12-21 06:34:23'),(87,21,'forum',47,'2019-12-22 09:17:06','2019-12-22 09:17:06'),(88,21,'forum',48,'2019-12-22 09:18:59','2019-12-22 09:18:59'),(89,21,'forum',49,'2019-12-22 09:19:40','2019-12-22 09:19:40'),(90,21,'forum',50,'2019-12-22 09:20:53','2019-12-22 09:20:53'),(93,12,'forum',52,NULL,NULL),(94,13,'forum',52,NULL,NULL),(95,12,'forum',46,NULL,NULL),(96,11,'forum',46,NULL,NULL),(97,22,'article',44,'2019-12-24 12:54:31','2019-12-24 12:54:31'),(98,22,'article',45,'2019-12-24 12:54:37','2019-12-24 12:54:37'),(99,13,'forum',53,NULL,NULL),(100,23,'forum',50,NULL,NULL),(101,11,'forum',55,NULL,NULL),(102,12,'forum',55,NULL,NULL),(103,13,'forum',55,NULL,NULL),(105,11,'forum',56,NULL,NULL),(106,12,'forum',59,NULL,NULL),(107,20,'forum',61,NULL,NULL),(108,13,'forum',61,NULL,NULL),(109,16,'forum',63,NULL,NULL),(110,21,'forum',83,NULL,NULL),(111,20,'forum',85,NULL,NULL),(112,17,'article',44,'2020-01-09 05:12:24','2020-01-09 05:12:24'),(113,11,'forum',87,NULL,NULL),(114,21,'article',45,'2020-01-09 12:37:16','2020-01-09 12:37:16'),(115,16,'forum',104,NULL,NULL),(116,11,'forum',105,NULL,NULL),(117,16,'forum',105,NULL,NULL);
/*!40101 SET @saved_cs_client     = @@character_set_client */;
/*!40101 SET character_set_client = utf8 */;
CREATE TABLE `tags` (
  `id` bigint(20) unsigned NOT NULL AUTO_INCREMENT,
  `title` varchar(255) COLLATE utf8mb4_unicode_ci NOT NULL,
  `created_at` timestamp NULL DEFAULT NULL,
  `updated_at` timestamp NULL DEFAULT NULL,
  PRIMARY KEY (`id`)
) ENGINE=InnoDB AUTO_INCREMENT=24 DEFAULT CHARSET=utf8mb4 COLLATE=utf8mb4_unicode_ci;
/*!40101 SET character_set_client = @saved_cs_client */;
INSERT INTO `tags` VALUES (11,'Новорожденный','2019-11-26 12:11:51','2019-11-26 12:11:51'),(12,'Грудничок','2019-11-26 12:12:06','2019-11-26 12:12:06'),(13,'До года','2019-11-26 12:12:31','2019-11-26 12:12:31'),(14,'Годик','2019-11-26 12:12:45','2019-11-26 12:12:45'),(15,'Я папа','2019-11-26 12:13:11','2019-11-26 12:13:11'),(16,'Беременность','2019-11-26 12:13:24','2019-11-26 12:13:24'),(17,'Питание','2019-11-26 12:13:31','2019-11-26 12:13:31'),(20,'Рецепты','2019-11-29 18:53:26','2019-11-29 18:53:26'),(21,'Прививки','2019-11-29 18:53:46','2019-11-29 18:53:46'),(22,'Медитация','2019-11-29 18:55:12','2019-11-29 18:55:12'),(23,'Вопрос врачу','2019-11-29 18:59:24','2019-11-29 18:59:24');
/*!40101 SET @saved_cs_client     = @@character_set_client */;
/*!40101 SET character_set_client = utf8 */;
CREATE TABLE `user_tags` (
  `id` bigint(20) unsigned NOT NULL AUTO_INCREMENT,
  `user_id` bigint(20) unsigned NOT NULL,
  `tag_id` bigint(20) unsigned NOT NULL,
  `created_at` timestamp NULL DEFAULT NULL,
  `updated_at` timestamp NULL DEFAULT NULL,
  PRIMARY KEY (`id`),
  KEY `user_tags_user_id_index` (`user_id`),
  KEY `user_tags_tag_id_index` (`tag_id`),
  CONSTRAINT `user_tags_tag_id_foreign` FOREIGN KEY (`tag_id`) REFERENCES `tags` (`id`) ON DELETE CASCADE,
  CONSTRAINT `user_tags_user_id_foreign` FOREIGN KEY (`user_id`) REFERENCES `users` (`id`) ON DELETE CASCADE
) ENGINE=InnoDB AUTO_INCREMENT=1286 DEFAULT CHARSET=utf8mb4 COLLATE=utf8mb4_unicode_ci;
/*!40101 SET character_set_client = @saved_cs_client */;
INSERT INTO `user_tags` VALUES (904,92,14,NULL,NULL),(905,92,16,NULL,NULL),(906,92,22,NULL,NULL),(955,106,20,NULL,NULL),(956,106,14,NULL,NULL),(957,106,15,NULL,NULL),(958,106,23,NULL,NULL),(959,106,16,NULL,NULL),(960,106,12,NULL,NULL),(961,106,17,NULL,NULL),(962,106,21,NULL,NULL),(963,106,22,NULL,NULL),(964,106,11,NULL,NULL),(965,106,13,NULL,NULL),(1054,96,20,NULL,NULL),(1055,96,22,NULL,NULL),(1073,116,15,NULL,NULL),(1074,116,11,NULL,NULL),(1075,116,12,NULL,NULL),(1076,116,13,NULL,NULL),(1077,86,13,NULL,NULL),(1078,86,11,NULL,NULL),(1079,86,14,NULL,NULL),(1080,86,15,NULL,NULL),(1081,86,16,NULL,NULL),(1082,86,17,NULL,NULL),(1083,86,21,NULL,NULL),(1084,86,20,NULL,NULL),(1111,107,17,NULL,NULL),(1112,107,15,NULL,NULL),(1113,107,13,NULL,NULL),(1114,107,23,NULL,NULL),(1115,107,21,NULL,NULL),(1116,107,14,NULL,NULL),(1117,125,11,NULL,NULL),(1151,137,13,NULL,NULL),(1152,137,11,NULL,NULL),(1153,137,16,NULL,NULL),(1154,137,15,NULL,NULL),(1155,137,14,NULL,NULL),(1156,137,22,NULL,NULL),(1157,137,20,NULL,NULL),(1158,137,17,NULL,NULL),(1159,137,21,NULL,NULL),(1160,137,12,NULL,NULL),(1161,137,23,NULL,NULL),(1162,138,13,NULL,NULL),(1163,138,17,NULL,NULL),(1164,138,14,NULL,NULL),(1165,138,16,NULL,NULL),(1166,138,15,NULL,NULL),(1167,138,12,NULL,NULL),(1168,138,11,NULL,NULL),(1204,140,15,NULL,NULL),(1205,140,17,NULL,NULL),(1206,140,16,NULL,NULL),(1207,140,12,NULL,NULL),(1208,140,14,NULL,NULL),(1209,140,20,NULL,NULL),(1210,140,21,NULL,NULL),(1211,140,23,NULL,NULL),(1212,140,11,NULL,NULL),(1213,140,22,NULL,NULL),(1214,140,13,NULL,NULL),(1227,136,12,NULL,NULL),(1228,136,22,NULL,NULL),(1229,136,21,NULL,NULL),(1230,136,14,NULL,NULL),(1231,136,23,NULL,NULL),(1232,136,20,NULL,NULL),(1235,141,21,NULL,NULL),(1236,141,13,NULL,NULL),(1237,141,12,NULL,NULL),(1238,141,11,NULL,NULL),(1250,144,11,NULL,NULL),(1251,144,12,NULL,NULL),(1252,144,13,NULL,NULL),(1253,1,14,NULL,NULL),(1254,1,13,NULL,NULL),(1255,1,21,NULL,NULL),(1256,1,11,NULL,NULL),(1257,1,17,NULL,NULL),(1258,1,23,NULL,NULL),(1259,1,16,NULL,NULL),(1260,1,12,NULL,NULL),(1261,89,14,NULL,NULL),(1262,89,21,NULL,NULL),(1263,89,11,NULL,NULL),(1264,89,16,NULL,NULL),(1265,89,12,NULL,NULL),(1266,89,13,NULL,NULL),(1267,139,16,NULL,NULL),(1268,139,14,NULL,NULL),(1269,139,13,NULL,NULL),(1270,139,12,NULL,NULL),(1271,139,11,NULL,NULL),(1272,139,15,NULL,NULL),(1279,164,12,NULL,NULL),(1280,164,13,NULL,NULL),(1281,164,15,NULL,NULL),(1282,164,17,NULL,NULL),(1283,164,20,NULL,NULL),(1284,164,22,NULL,NULL),(1285,164,21,NULL,NULL);
/*!40101 SET @saved_cs_client     = @@character_set_client */;
/*!40101 SET character_set_client = utf8 */;
CREATE TABLE `users` (
  `id` bigint(20) unsigned NOT NULL AUTO_INCREMENT,
  `show_children` tinyint(4) NOT NULL DEFAULT '1',
  `type` enum('user','author') COLLATE utf8mb4_unicode_ci NOT NULL DEFAULT 'user',
  `name` varchar(255) COLLATE utf8mb4_unicode_ci NOT NULL,
  `last_name` varchar(255) COLLATE utf8mb4_unicode_ci DEFAULT NULL,
  `access_token` varchar(100) COLLATE utf8mb4_unicode_ci NOT NULL DEFAULT '0',
  `thumb` varchar(255) COLLATE utf8mb4_unicode_ci DEFAULT NULL,
  `email` varchar(255) COLLATE utf8mb4_unicode_ci DEFAULT NULL,
  `parent` enum('mother','father','none') COLLATE utf8mb4_unicode_ci NOT NULL,
  `pregnant` tinyint(1) NOT NULL DEFAULT '0',
  `email_verified_at` timestamp NULL DEFAULT NULL,
  `birth_date` date DEFAULT NULL,
  `password` varchar(255) COLLATE utf8mb4_unicode_ci NOT NULL DEFAULT '123456',
  `info` text COLLATE utf8mb4_unicode_ci,
  `vk` varchar(500) COLLATE utf8mb4_unicode_ci DEFAULT NULL,
  `instagram` varchar(500) COLLATE utf8mb4_unicode_ci DEFAULT NULL,
  `facebook` varchar(500) COLLATE utf8mb4_unicode_ci DEFAULT NULL,
  `promocode` varchar(50) COLLATE utf8mb4_unicode_ci DEFAULT NULL,
  `promocode_created_at` timestamp NULL DEFAULT NULL,
  `promocode_used_count` int(11) NOT NULL DEFAULT '0',
  `device_token` varchar(500) COLLATE utf8mb4_unicode_ci DEFAULT NULL,
  `device_type` varchar(50) COLLATE utf8mb4_unicode_ci DEFAULT NULL,
  `blocked` tinyint(4) DEFAULT '0',
  `push` tinyint(4) DEFAULT '1',
  `deleted_at` timestamp NULL DEFAULT NULL,
  `created_at` timestamp NULL DEFAULT NULL,
  `updated_at` timestamp NULL DEFAULT NULL,
  PRIMARY KEY (`id`),
  UNIQUE KEY `users_email_unique` (`email`),
  UNIQUE KEY `users_promocode_unique` (`promocode`)
) ENGINE=InnoDB AUTO_INCREMENT=172 DEFAULT CHARSET=utf8mb4 COLLATE=utf8mb4_unicode_ci;
/*!40101 SET character_set_client = @saved_cs_client */;
INSERT INTO `users` VALUES (1,1,'user','Лео','Yermakhanbetov','0','/storage/2019/12/04/5de791bccd428.jpg','madik@madik.com','father',0,'2019-07-29 18:36:23',NULL,'adgjmp96','к','https://vk.com/madiyar993005','https://www.instagram.com/thousand.it/','https://www.facebook.com/madiyaar_/','5094323062140942','2019-12-28 15:52:05',0,'eZCTFMSns6c:APA91bFYpELB_rbcyQbkLF91OtLPZd-j9F9z1m2DU_xVeacIBMHvRUngNWBpUlaHa_1JcJrPoC-eeYrnyUBW77odMLuIVXi4AC1q9yCi3TpUberCBxhr0_6M-ekK9cSHwNG0v1zFjh_0','android',0,1,NULL,'2019-11-22 11:40:29','2020-03-31 21:00:04'),(18,1,'user','Madiyar',NULL,'mZYp3iLxVEIY1vfv5ndc9hFJFFWYJJLzZNQpdoS4klD6EnBTuL','/storage/2019/10/25/5db2e45cefffd.jpg','madiar3039@gmail.com','none',0,'2020-01-08 09:09:19',NULL,'adgjmp96',NULL,NULL,NULL,NULL,'3299757717425993',NULL,0,NULL,NULL,0,1,NULL,'2019-10-25 09:02:36','2020-03-31 21:00:04'),(43,1,'user','Леонтий',NULL,'o6Syd5UVTyarBPccmWV0gW4cjAx7JQeerLpy4GTQCKPKlwCpKM',NULL,'lildragon@mail.ru','father',0,'2020-01-08 09:05:04',NULL,'qwerty',NULL,NULL,NULL,NULL,'9740337877252812',NULL,0,NULL,NULL,0,1,'2019-11-29 19:05:30','2019-11-02 13:27:26','2020-03-31 21:00:04'),(70,0,'user','Арсен','Токтаров','AUMsWGpZKiFfRcPodYdXHQAjiSiGKyQlBnpl6zkU9s8jvEezhK','/storage/2019/12/27/5e06157f195e6.jpg','ars.toktarov@gmail.com','father',0,'2019-11-30 12:58:15',NULL,'arsen0820','Проводим тестирование проекта?','https://vk.com/','https://www.instagram.com/','https://www.facebook.com/','6202094249462724','2020-01-22 07:44:05',0,'eZCTFMSns6c:APA91bFYpELB_rbcyQbkLF91OtLPZd-j9F9z1m2DU_xVeacIBMHvRUngNWBpUlaHa_1JcJrPoC-eeYrnyUBW77odMLuIVXi4AC1q9yCi3TpUberCBxhr0_6M-ekK9cSHwNG0v1zFjh_0','android',0,1,NULL,'2019-11-20 15:09:10','2020-03-31 21:00:04'),(86,0,'user','Sample','Fe','j4TRLbwLN0ToUtDHIslwHBxKMWDoM2iqYwY0vv5kKkQ2aRYjay','/storage/2019/12/23/5e005dcb6b731.','mukhidin.nuridinov@gmail.com','father',0,'2019-12-04 13:13:53',NULL,'123456','Yeyeye','https://vk.com/Qqqqq','https://www.instagram.com/Оаокоуоу','https://www.facebook.com/Cccc','1966749071726683','2020-01-17 14:11:52',0,'etI6N3BL-70:APA91bFm7cSr5V6wUNhmv470YHepEK1OxJPvPXvy4WpnsO5QJirgdqt_XeEVeo0CzrPMyfK2cAOizo9JCR3isCsuR4O6Ikp41kXlBHOkNyFzOBkNWiBSy6eKF4R6ibY8flvkVuOa0iPX','android',0,1,NULL,'2019-12-04 13:06:17','2020-03-31 21:00:04'),(89,1,'user','Eldor',NULL,'XIHP06gC689xIUyPe1UKXj9DDWDTqh0G8oqpTEBF58VivxsZIl','/storage/2020/01/23/5e2944888ac05.jpg','apple.eldor@gmail.com','father',0,'2019-12-04 18:07:58',NULL,'eldor123','уепас','https://vk.com/Mrodle','https://instagram.com/thtvtycfufu','https://facebook.com/Mrodle','4075392216398185','2020-01-17 14:11:13',0,'ersa2Qr1HUk:APA91bG51QMXpbjD3w6HIzCuj2bCxOunMuUDLB7EAa6B3XihNS9xUjBa7APpVzkFd4kObNcR3oqGvmBOg8R6xzR7Ml8GKmxzQ5BZDFxbgco7LNG5P-gM-GTocHqgi3htYqDZg4gYQxqP','ios',0,NULL,NULL,'2019-12-04 18:01:59','2020-03-31 21:00:04'),(92,0,'user','Игорь','Гребнев','FXxJ3VV0fVXGQfD6dx6SMzBspz6T3WfQaz3k7WiNsRphXfnE3P','/storage/2019/12/13/5df38383017ac.jpg','kiromanoff85@rambler.ru','father',0,'2019-12-05 13:17:27',NULL,'123456','12345678901234567890123456789012345678901234567890',NULL,NULL,NULL,'1639203176177137','2020-04-03 16:30:22',1,'fsP4RiCj1_k:APA91bES6n6IsRrR98Tx7DkXHLZPbcFOt69vENI-RIlxLmuLvxb667ovcGwHpCubZHe6WM7B3qG_ZBtj3AtIvlRDzQuKpR1hmrbp2pKgiA-IYCSPiU5EDqXSF9eU20h76_ED8AXKsxsc','android',0,1,NULL,'2019-12-05 13:16:20','2020-04-03 16:30:22'),(96,1,'user','Люси','Бази','zq5kX2DqX9nolkjKxeQK9SkYtCdJdTfNEPk0MU13sCfQ4UNSRw',NULL,'l.fedorova.kz@gmail.com','mother',0,'2019-12-25 20:16:25',NULL,'2803121','Живу в Алматы, люблю спорт и занимаюсь духовными практиками ?',NULL,NULL,NULL,'8232124225805995','2020-01-13 16:55:32',0,NULL,NULL,0,1,NULL,'2019-12-10 13:56:11','2020-03-31 21:00:04'),(105,1,'user','elgoog',NULL,'IBzp2OWV48ft0SqaUqC6hI1A8OBZo4Q9uonhS2zUbPjln5zrMl',NULL,'elgoogclass2@gmail.com','none',0,'2019-12-12 12:22:16',NULL,'Arpita1!',NULL,NULL,NULL,NULL,NULL,NULL,0,NULL,NULL,0,1,NULL,'2019-12-12 12:15:05','2020-03-31 21:00:04'),(106,1,'user','Бибинур',NULL,'HExHOP4NWa3XAmW4zfTbjwTzd8aWBSVcWdQ1W7RzBILOC1ufCv',NULL,'Musataeva.bibinur@gmail.com','mother',0,'2019-12-13 14:16:52',NULL,'mirana25','Копирайтер, фотограф, Мама',NULL,NULL,NULL,NULL,NULL,0,NULL,NULL,0,1,NULL,'2019-12-13 14:15:14','2020-03-31 21:00:04'),(107,1,'user','Bulat',NULL,'0W6fuzwCmu75x9fIc5AInOvTLSdnpNe9gbTqHD35XwUiSGOITP',NULL,'bulik85@mail.ru','father',0,'2019-12-14 09:28:27',NULL,'123456789','Testing app',NULL,NULL,NULL,NULL,NULL,0,'dEsADEews08:APA91bEU8gyY-bLJ_JyXYrZZ7eIChVjdgHGpC0Ff4635m8lhVhHkziDSfiA43WUONKfnQn5BTYop_K9OT5qxqI4MUZYNcsnYfaO0Opxr4hSrXP4zLqYendythxVlY2l0Dp5lztE4F8_T','ios',0,1,NULL,'2019-12-14 09:18:47','2020-03-31 21:00:04'),(116,0,'user','Леонтий','Ким','dHXZLt4XLjQrG6euN1NkMAqc3oZzVW0yNBUGQ1faQff69aDiV5',NULL,'lildragon85@gmail.com','father',0,'2019-12-28 14:49:30',NULL,'123456','Исправляем недочёты123456789012345678901234567890.1234567890.1234567890.1234567890.2234567890.1234567890.1234567890.0000000000000000000000000000000000',NULL,'https://www.instagram.com/tradog_/',NULL,NULL,NULL,0,'ejwvYPZnocI:APA91bFw41NHKu8Ej70fEX7-bH0UTV3iQ1gIe4IGm1HuE7k7BC4LDPhf1g_mdxI0pHbZvurWZ5HqEduVYJ3fO50exQqOsW1izjlMv-ek-a3xo8rBWWjh-dYLimshkFFe3dhde9gOu1nf','android',0,1,NULL,'2019-12-24 18:18:59','2020-03-31 21:00:04'),(125,1,'user','ali',NULL,'SUoSyboID2lJ24M5903Wbld5VP8QuLMDI5MBUWPmGU5FJahnge',NULL,'t.m.b.k@mail.ru','mother',0,'2020-01-08 07:21:43',NULL,'qwerty','оата',NULL,NULL,NULL,'3961839259546905',NULL,0,NULL,NULL,0,1,NULL,'2020-01-08 07:21:14','2020-03-31 21:00:04'),(127,0,'user','Arsen',NULL,'PdNEgW3ykvXuBw93sTfk9GI2S7fsaSLW0pVloIEi7UW3ydK63k',NULL,'aseke0820@gmail.com','father',0,'2020-01-08 07:43:05',NULL,'asdasd','hahakahshshdhsjgaiggadjqdjqqi',NULL,NULL,NULL,'5683818032459889',NULL,0,'eZCTFMSns6c:APA91bFYpELB_rbcyQbkLF91OtLPZd-j9F9z1m2DU_xVeacIBMHvRUngNWBpUlaHa_1JcJrPoC-eeYrnyUBW77odMLuIVXi4AC1q9yCi3TpUberCBxhr0_6M-ekK9cSHwNG0v1zFjh_0','android',0,1,NULL,'2020-01-08 07:42:21','2020-03-31 21:00:04'),(135,1,'author','Специалист',NULL,'0asdasd',NULL,'ars.toktarova@gmail.com','mother',0,'2020-01-09 12:41:05',NULL,'123456',NULL,NULL,NULL,NULL,NULL,NULL,0,NULL,NULL,0,1,NULL,'2020-01-09 12:41:11','2020-03-31 21:00:04'),(136,0,'user','Камилла',NULL,'eoSfHojRd6BJbjL1HgR6MVgLfQlE6FtAMBahyP9xuKukmtH9Rv',NULL,'harmfulprincess@gmail.com','mother',0,'2020-01-09 17:14:40',NULL,'k1984kh',NULL,NULL,NULL,NULL,'2819748282015628','2020-01-21 05:04:49',0,'eYQ93UX70wk:APA91bFRGTE-9ihKC7EW6AXp0cjzQK2D5Vah53OUJRFGF_c9kufOTUjf4pXKTifk1Kfye_KhAAMupoMzL4j0SgVKL99fiLWecdjiDUC16dbqCpPtVzabgqv2qhOnvysk4g2EM54b7vBP','ios',0,1,NULL,'2020-01-09 17:13:26','2020-03-31 21:00:04'),(137,1,'user','Меруерт',NULL,'FQUzz5OOgQOaFYm9HEv6Ev703f4masEMlTO1b6zYSDV4hY0OPY',NULL,'meru@gmail.com','mother',0,NULL,NULL,'qwerty','Гудморнинг',NULL,NULL,NULL,NULL,NULL,0,NULL,NULL,0,1,NULL,'2020-01-09 17:38:26','2020-03-31 21:00:04'),(138,1,'user','Элдар',NULL,'9PX3ygl4UFP7Rzobf7DY344apsB0OEDWy71JOYG8HqpJ2Bqd7p',NULL,'eldar@mail.ru','mother',0,NULL,NULL,'qwerty','кенго',NULL,NULL,NULL,NULL,NULL,0,NULL,NULL,0,1,NULL,'2020-01-09 17:39:57','2020-03-31 21:00:04'),(139,1,'user','али','bdbd','s3E5XUYVlpzA1daG0PVekbrFsJtABzG1LEuTWPZq55gsBRl97j','/storage/2020/01/10/5e1862701a8a7.','muxamed9511171@gmail.com','father',0,'2020-01-10 13:39:03',NULL,'qwerty','я папа влуттктаттататаьаьаььаааалк','https://vk.com/bdbd','https://instagram.com/hdhe','https://facebook.com/hdhd','3092163306497880','2020-01-22 08:23:04',0,'eHlrxqhefF0:APA91bFySsnDs2rGz91Rj7DU5DEa7o3qW1SKr5V0zBK97GjQw3jV2O88g5VETmP1frSzyqM6g3CAFuISR84gZ-HCmErTJ0fWK_wAdPMcuX6DWGAxntOizeEEylMwu3ZJNlImifQaxEk1','android',0,1,NULL,'2020-01-10 13:38:13','2020-03-31 21:00:04'),(140,1,'user','Леонтий',NULL,'u9s7wx4La3HlCuWc796GW9MQjzRJFfPWcVn4956wDQomOZr7Ou','/storage/2020/01/13/5e1c1e0ed1169.','Lildragon85@gmaill.com','father',0,NULL,NULL,'123456','Я',NULL,NULL,NULL,NULL,NULL,0,NULL,NULL,0,1,NULL,'2020-01-13 10:36:46','2020-03-31 21:00:04'),(141,1,'user','Botakoz',NULL,'4RosLs0Xn80ckSwwhKjJ3pc1fwyM2Kd7eEOjQthgUSAc805NkD',NULL,'Bota.kaukenova@gmail.com','mother',0,'2020-01-29 13:08:23',NULL,'rob12345','А то так то я не могу в любое удобное время для того как ты не хочешь не верь не знаю как ты не хочешь не верь не знаю как это было в этом случае не',NULL,NULL,NULL,'3368210677642862',NULL,0,'dgVK0YjJAak:APA91bE8uo688GHntikdiAjws8IvbEoha1e1547hL_hoFYgNmuQoUL2NioXaLFpyH7nyi2Nj-moP6mpoxAlx9kdKX7QtBThpUJOsHww0KpwhtUw29QIHLPOmU4F8SpO92zEwn0zYeIw7','ios',0,NULL,NULL,'2020-01-29 13:06:55','2020-03-31 21:00:04'),(142,1,'user','Bota',NULL,'1QSh0fPzcipH5jkqjjdoxJ04F067DCfRbeIaBrbDD0OEjGFUwv',NULL,'Botakoz.kaukenova@santo.kz','mother',1,NULL,NULL,'asdf123','Про',NULL,NULL,NULL,NULL,NULL,0,NULL,NULL,0,NULL,NULL,'2020-02-07 09:21:10','2020-03-31 21:00:04'),(144,0,'user','Kanat',NULL,'ksc62gr1rolFRTUT3UFeNhZGxyDlxK9KI89Wuuz3a0hpnOv4cG',NULL,'kanatturganbay@gmail.com','father',0,'2020-02-08 12:20:40',NULL,'123456789',NULL,NULL,NULL,NULL,'1833163549129739',NULL,0,'f4VrTSnLzcc:APA91bGWu5uXye78kMFmx7cKlUyaB0CEvbNOf8FFwBdGCVAsI0qhznijtxYn3EDmqhiNrREC5IoD_CHRqT7WHVZEQyTIbvpFARVV0tjJ4ng9iDwi2QQ9qOdeoPmSD_-HBnQxFMo4pIzr','android',0,1,NULL,'2020-02-08 12:18:03','2020-03-31 21:00:04'),(145,1,'user','Кккк',NULL,'N8JP0TndutLWkCX2pEFege9XTlmJvrWHIR4d2pIssWwW9vlt1t','/storage/2020/03/20/5e74371870183.jpg','dbdhdh@gmail.com','none',0,NULL,NULL,'123456',NULL,NULL,NULL,NULL,NULL,NULL,0,'f8JoKRVmg_M:APA91bHJeEPLf7nOWcu0o4kioPXiDkfr4yz7mcl6xs6YvhFBwFDwVtMrmmn2yGCDFnBjfzkjxzpGVX2Xf8Axxd99Q3POBePPqn4wjDxc5TmArGfFnvoIYOxOcacCQYdTK88rCT1ZF_nr','android',0,1,NULL,'2020-03-20 06:23:04','2020-03-31 21:00:04'),(146,1,'user','Кккк',NULL,'sDNvUAtt4CwaHL2AbKZOMImLY0gRctXA4gkpb7WVFFSwNlnBUZ','/storage/2020/03/20/5e743727c06e6.jpg','dbdh@gmail.com','none',0,NULL,NULL,'123456',NULL,NULL,NULL,NULL,NULL,NULL,0,'f8JoKRVmg_M:APA91bHJeEPLf7nOWcu0o4kioPXiDkfr4yz7mcl6xs6YvhFBwFDwVtMrmmn2yGCDFnBjfzkjxzpGVX2Xf8Axxd99Q3POBePPqn4wjDxc5TmArGfFnvoIYOxOcacCQYdTK88rCT1ZF_nr','android',0,1,NULL,'2020-03-20 06:23:19','2020-03-31 21:00:04'),(147,1,'user','Кккк',NULL,'9PfRO8ogJSnbGmlTTsSBiluEeJNb0S4CfaSHlVSthUhcGngUOu','/storage/2020/03/20/5e74373157608.jpg','dbdh@mail.com','none',0,NULL,NULL,'123456',NULL,NULL,NULL,NULL,NULL,NULL,0,'f8JoKRVmg_M:APA91bHJeEPLf7nOWcu0o4kioPXiDkfr4yz7mcl6xs6YvhFBwFDwVtMrmmn2yGCDFnBjfzkjxzpGVX2Xf8Axxd99Q3POBePPqn4wjDxc5TmArGfFnvoIYOxOcacCQYdTK88rCT1ZF_nr','android',0,1,NULL,'2020-03-20 06:23:29','2020-03-31 21:00:04'),(148,1,'user','Кккк',NULL,'MFphCTzroKkIEjSHc8m9TQp6busHYDibJP3ItW1pg3kg24lbKl','/storage/2020/03/20/5e74373edd63c.jpg','ttttttt@gmail.com','none',0,NULL,NULL,'123456',NULL,NULL,NULL,NULL,NULL,NULL,0,'f8JoKRVmg_M:APA91bHJeEPLf7nOWcu0o4kioPXiDkfr4yz7mcl6xs6YvhFBwFDwVtMrmmn2yGCDFnBjfzkjxzpGVX2Xf8Axxd99Q3POBePPqn4wjDxc5TmArGfFnvoIYOxOcacCQYdTK88rCT1ZF_nr','android',0,1,NULL,'2020-03-20 06:23:42','2020-03-31 21:00:04'),(149,1,'user','Кккк',NULL,'lcKx7CVQWHt1bPy452cY8KU5u8KZzXrKU17jzkCLRIJifoRMLK','/storage/2020/03/20/5e74375d141a4.jpg','tttt@gmail.com','none',0,NULL,NULL,'qwe123',NULL,NULL,NULL,NULL,NULL,NULL,0,'f8JoKRVmg_M:APA91bHJeEPLf7nOWcu0o4kioPXiDkfr4yz7mcl6xs6YvhFBwFDwVtMrmmn2yGCDFnBjfzkjxzpGVX2Xf8Axxd99Q3POBePPqn4wjDxc5TmArGfFnvoIYOxOcacCQYdTK88rCT1ZF_nr','android',0,1,NULL,'2020-03-20 06:24:13','2020-03-31 21:00:04'),(150,1,'user','tims',NULL,'MiFJKNo8SKCDNk8gWxbgY8wLfzycg4eeNkhojDrKS5M1tuDuDR','/storage/2020/03/20/5e74378d6eae2.jpg','tima@gmail.com','none',0,NULL,NULL,'qwerty',NULL,NULL,NULL,NULL,NULL,NULL,0,'f8JoKRVmg_M:APA91bHJeEPLf7nOWcu0o4kioPXiDkfr4yz7mcl6xs6YvhFBwFDwVtMrmmn2yGCDFnBjfzkjxzpGVX2Xf8Axxd99Q3POBePPqn4wjDxc5TmArGfFnvoIYOxOcacCQYdTK88rCT1ZF_nr','android',0,1,NULL,'2020-03-20 06:25:01','2020-03-31 21:00:04'),(160,1,'user','Arsen',NULL,'Wu4jQ5OFXNG9utDzGoLucu8wb4cnqfUpVBLACbWOShalOMhhyW',NULL,'somemailq@gmail.com','none',0,'2020-03-20 08:53:47',NULL,'adgjmp96',NULL,NULL,NULL,NULL,'8070856113266302',NULL,0,'device_token','android',0,1,NULL,'2020-03-20 08:51:38','2020-03-31 21:00:04'),(161,1,'user','gtttt',NULL,'AXWz4yNBHtqxrtOzDgzxaIA6axIAeOGBgnbPw0URKCCBfH1ggB','/storage/2020/03/20/5e745dfbcfb33.jpg','ggggg@gmail.com','none',0,NULL,NULL,'qweasd',NULL,NULL,NULL,NULL,NULL,NULL,0,'f8JoKRVmg_M:APA91bHJeEPLf7nOWcu0o4kioPXiDkfr4yz7mcl6xs6YvhFBwFDwVtMrmmn2yGCDFnBjfzkjxzpGVX2Xf8Axxd99Q3POBePPqn4wjDxc5TmArGfFnvoIYOxOcacCQYdTK88rCT1ZF_nr','android',0,1,NULL,'2020-03-20 09:08:59','2020-03-31 21:00:04'),(163,1,'user','Arsen',NULL,'3pcR3cTT4FDxzpCwI8Oxsd4exsHYDFRD5B94T4Cs8UL9czMXvV',NULL,'somemailqasd@gmail.com','none',0,NULL,NULL,'adgjmp96',NULL,NULL,NULL,NULL,NULL,NULL,0,'device_token','android',0,1,NULL,'2020-03-20 09:10:43','2020-03-31 21:00:04'),(164,1,'user','Timofei',NULL,'iRG75ZVNNuLjMBi5hXjG3aB8437U4Zw6XWjERSB7hD8IceB8AX',NULL,'tolegenovtb@gmail.com','none',0,'2020-03-20 09:13:12',NULL,'adgjmp96',NULL,NULL,NULL,NULL,'7491133509351821','2020-04-03 16:45:45',1,'f8JoKRVmg_M:APA91bHJeEPLf7nOWcu0o4kioPXiDkfr4yz7mcl6xs6YvhFBwFDwVtMrmmn2yGCDFnBjfzkjxzpGVX2Xf8Axxd99Q3POBePPqn4wjDxc5TmArGfFnvoIYOxOcacCQYdTK88rCT1ZF_nr','android',0,1,NULL,'2020-03-20 09:12:53','2020-04-03 16:45:45'),(165,1,'user','Arsen',NULL,'UeVRfObw0o7Cy6QLaq9vSffw2YY4EnuhU2uwIxHRrSFTjcoDEg',NULL,'qwe@gmail.com','none',0,NULL,NULL,'adgjmp96',NULL,NULL,NULL,NULL,NULL,NULL,0,'device_token','android',0,1,NULL,'2020-03-20 09:13:01','2020-03-31 21:00:04'),(166,1,'user','Arsen',NULL,'vRneO2T74CSPlCiThwYQmxsYeOQSujk3UwMCLgDcBZPussm8dI',NULL,'qweqdasdzxc@gmail.com','none',0,NULL,NULL,'adgjmp96',NULL,NULL,NULL,NULL,NULL,NULL,0,'device_token','android',0,1,NULL,'2020-03-20 09:13:30','2020-03-31 21:00:04'),(167,1,'user','Eldor',NULL,'3hrMfmit3DXkYi0VARDikjwr9UiQrJfMHpZ5NsZRoAETG8Gd0Y',NULL,'eldareltn@gmail.com','none',0,NULL,NULL,'eldor123',NULL,NULL,NULL,NULL,NULL,NULL,0,NULL,NULL,0,1,NULL,'2020-03-20 09:45:11','2020-03-31 21:00:04'),(168,1,'user','Eldor',NULL,'vlwjSNpNLU6S9jxBBYppvD3BscpmSjFqjUbLb3frSUWsYzXMUj',NULL,'ioseldor@gmail.com','none',0,NULL,NULL,'eldor123',NULL,NULL,NULL,NULL,NULL,NULL,0,NULL,NULL,0,1,NULL,'2020-03-20 09:51:13','2020-03-31 21:00:04'),(169,1,'user','Eldor',NULL,'bAJUIiXjKEbNBgy9R0v50fuZYPfIyOD2qHlRxA9J6dB8PtxtAm',NULL,'160106018@stu.sdu.edu.kz','none',0,'2020-03-20 09:53:57',NULL,'eldor123',NULL,NULL,NULL,NULL,NULL,NULL,0,NULL,NULL,0,1,NULL,'2020-03-20 09:53:57','2020-03-31 21:00:04'),(170,1,'user','Arsen',NULL,'tmFHuxSo2SwURBHqXM1AOKpJkBt24aqsBGyxOW1Su4gYlEElXp',NULL,'aseket0820@gmail.com','none',0,NULL,NULL,'adgjmp96',NULL,NULL,NULL,NULL,NULL,NULL,0,'device_token','android',0,1,NULL,'2020-03-20 09:55:47','2020-03-31 21:00:04'),(171,1,'user','Arsen',NULL,'8uTFJtv6Il5BkDc9DjZ4xj7P6TnwPsCJybh5F6YtqDMnldoSiy',NULL,'asdasdasd@gmail.com','none',0,NULL,NULL,'adgjmp96',NULL,NULL,NULL,NULL,NULL,NULL,0,'device_token','android',0,1,NULL,'2020-03-20 09:59:12','2020-03-31 21:00:04');
/*!40101 SET @saved_cs_client     = @@character_set_client */;
/*!40101 SET character_set_client = utf8 */;
CREATE TABLE `vaccines` (
  `id` bigint(20) unsigned NOT NULL AUTO_INCREMENT,
  `title` varchar(255) COLLATE utf8mb4_unicode_ci NOT NULL,
  `description` text COLLATE utf8mb4_unicode_ci NOT NULL,
  `age_from` float NOT NULL,
  `age_to` float DEFAULT NULL,
  `age_type` enum('day','week','month','year') COLLATE utf8mb4_unicode_ci NOT NULL,
  `image` varchar(255) COLLATE utf8mb4_unicode_ci DEFAULT NULL,
  `share_file_url` varchar(255) COLLATE utf8mb4_unicode_ci DEFAULT NULL,
  `created_at` timestamp NULL DEFAULT NULL,
  `updated_at` timestamp NULL DEFAULT NULL,
  PRIMARY KEY (`id`)
) ENGINE=InnoDB AUTO_INCREMENT=47 DEFAULT CHARSET=utf8mb4 COLLATE=utf8mb4_unicode_ci;
/*!40101 SET character_set_client = @saved_cs_client */;
INSERT INTO `vaccines` VALUES (13,'БЦЖ','В 1 - 4 дни жизни ребенка (еще в роддоме) – делают прививки от туберкулеза (БЦЖ) и гепатита В. Ревакцинация в 6 лет.',1,4,'day','/vaccines/2019/12/28/5e0706423d7af.png',NULL,'2019-12-12 11:15:09','2020-01-15 11:21:24'),(15,'АбКДС','В 3 месяца делают повторные прививки от коклюша, дифтерии и столбняка (АКДС), полиомиелита и гемофильной инфекции типа b.',3,NULL,'month','/vaccines/2020/01/15/5e1ee265c9355.jpeg',NULL,'2019-12-12 11:48:10','2020-01-15 12:59:01'),(16,'АбКДС','В 4 месяца – 3 этап вакцинирования от гепатита, полиомиелита, гемофильной инфекции типа b и коклюша, дифтерии и столбняка, а также 2-ая прививка от пневмококковой инфекции.',4,NULL,'month','/vaccines/2020/01/15/5e1ee27755150.jpeg',NULL,'2019-12-12 11:59:37','2020-01-15 12:59:19'),(18,'ОПВ','В возрасте 12-15 месяцев нужно сделать прививку от кори, краснухи и паротита (свинки), повторить вакцинирование от полиомиелита и пневмококковой инфекции.',12,15,'month','/vaccines/2020/01/15/5e1ee289256f9.jpeg',NULL,'2019-12-12 12:26:35','2020-01-15 12:59:37'),(19,'АбКДС','В 1,5 года делается ревакцинация АКДС, полиомиелита и гемофильной инфекции типа b. Еще несколько прививок ждут детей в школьном возрасте.',18,NULL,'month',NULL,NULL,'2019-12-12 12:30:16','2020-01-15 12:26:14'),(20,'БЦЖ','В 6 лет (в 1 классе) еще раз делается БЦЖ, прививка от кори, краснухи и паротита и АКДС.',6,NULL,'year',NULL,NULL,'2019-12-12 13:05:10','2020-01-15 12:29:58'),(21,'АДС-М','В 16 лет делается прививка от столбняка и дифтерии (АДС-м), которую в дальнейшем нужно будет повторять каждые 10 лет.',16,NULL,'year','/vaccines/2020/01/15/5e1edfe45e83a.jpeg',NULL,'2019-12-12 13:09:54','2020-01-15 12:48:20'),(29,'ВГВ','В 1 - 4 дни жизни ребенка (еще в роддоме) – делают прививки от туберкулеза (БЦЖ) и гепатита В. Ревакцинация в 6 лет.',1,4,'day',NULL,NULL,'2020-01-15 11:24:30','2020-01-15 11:24:30'),(30,'АбКДС','В 2 месяца малыши получают комплексную прививку против гепатита, полиомиелита, коклюша, дифтерии и столбняка (АКДС) и гемофильной инфекции типа b, а также вакцину от пневмококковой инфекции.',2,NULL,'month',NULL,NULL,'2020-01-15 11:31:20','2020-01-15 11:31:20'),(31,'Хиб','В 2 месяца малыши получают комплексную прививку против гепатита, полиомиелита, коклюша, дифтерии и столбняка (АКДС) и гемофильной инфекции типа b, а также вакцину от пневмококковой инфекции.',2,NULL,'month',NULL,NULL,'2020-01-15 11:33:18','2020-01-15 11:33:18'),(32,'ВГВ','В 2 месяца малыши получают комплексную прививку против гепатита, полиомиелита, коклюша, дифтерии и столбняка (АКДС) и гемофильной инфекции типа b, а также вакцину от пневмококковой инфекции.',2,NULL,'month',NULL,NULL,'2020-01-15 11:35:33','2020-01-15 11:35:33'),(33,'ИПВ','В 2 месяца малыши получают комплексную прививку против гепатита, полиомиелита, коклюша, дифтерии и столбняка (АКДС) и гемофильной инфекции типа b, а также вакцину от пневмококковой инфекции.',2,NULL,'month',NULL,NULL,'2020-01-15 11:36:38','2020-01-15 11:36:38'),(34,'Пневмо','В 2 месяца малыши получают комплексную прививку против гепатита, полиомиелита, коклюша, дифтерии и столбняка (АКДС) и гемофильной инфекции типа b, а также вакцину от пневмококковой инфекции.',2,NULL,'month',NULL,NULL,'2020-01-15 11:37:48','2020-01-15 11:38:06'),(35,'Хиб','В 3 месяца делают повторные прививки от коклюша, дифтерии и столбняка (АКДС), полиомиелита и гемофильной инфекции типа b.',3,NULL,'month',NULL,NULL,'2020-01-15 11:41:40','2020-01-15 11:41:40'),(36,'ИПВ','В 3 месяца делают повторные прививки от коклюша, дифтерии и столбняка (АКДС), полиомиелита и гемофильной инфекции типа b.',3,NULL,'month',NULL,NULL,'2020-01-15 11:42:45','2020-01-15 11:42:45'),(37,'Хиб','В 4 месяца – 3 этап вакцинирования от гепатита, полиомиелита, гемофильной инфекции типа b и коклюша, дифтерии и столбняка, а также 2-ая прививка от пневмококковой инфекции.',4,NULL,'month',NULL,NULL,'2020-01-15 12:08:22','2020-01-15 12:08:22'),(38,'ВГВ','В 4 месяца – 3 этап вакцинирования от гепатита, полиомиелита, гемофильной инфекции типа b и коклюша, дифтерии и столбняка, а также 2-ая прививка от пневмококковой инфекции.',4,NULL,'month',NULL,NULL,'2020-01-15 12:09:31','2020-01-15 12:09:31'),(39,'ИПВ','В 4 месяца – 3 этап вакцинирования от гепатита, полиомиелита, гемофильной инфекции типа b и коклюша, дифтерии и столбняка, а также 2-ая прививка от пневмококковой инфекции.',4,NULL,'month',NULL,NULL,'2020-01-15 12:11:31','2020-01-15 12:11:31'),(40,'Пневмо','В 4 месяца – 3 этап вакцинирования от гепатита, полиомиелита, гемофильной инфекции типа b и коклюша, дифтерии и столбняка, а также 2-ая прививка от пневмококковой инфекции.',4,NULL,'month',NULL,NULL,'2020-01-15 12:15:25','2020-01-15 12:15:25'),(41,'ККП','В возрасте 12-15 месяцев нужно сделать прививку от кори, краснухи и паротита (свинки), повторить вакцинирование от полиомиелита и пневмококковой инфекции.',12,15,'month',NULL,NULL,'2020-01-15 12:23:35','2020-01-15 12:23:54'),(42,'Пневмо','В возрасте 12-15 месяцев нужно сделать прививку от кори, краснухи и паротита (свинки), повторить вакцинирование от полиомиелита и пневмококковой инфекции.',12,15,'month',NULL,NULL,'2020-01-15 12:24:36','2020-01-15 12:24:36'),(43,'Хиб','В 1,5 года делается ревакцинация АКДС, полиомиелита и гемофильной инфекции типа b. Еще несколько прививок ждут детей в школьном возрасте.',18,NULL,'month',NULL,NULL,'2020-01-15 12:26:47','2020-01-15 12:26:47'),(44,'ИПВ','В 1,5 года делается ревакцинация АКДС, полиомиелита и гемофильной инфекции типа b. Еще несколько прививок ждут детей в школьном возрасте.',18,NULL,'month',NULL,NULL,'2020-01-15 12:27:48','2020-01-15 12:27:48'),(45,'АбКДС','В 6 лет (в 1 классе) еще раз делается БЦЖ, прививка от кори, краснухи и паротита и АКДС.',6,NULL,'year',NULL,NULL,'2020-01-15 12:30:32','2020-01-15 12:30:32'),(46,'ККП','В 6 лет (в 1 классе) еще раз делается БЦЖ, прививка от кори, краснухи и паротита и АКДС.',6,NULL,'year',NULL,NULL,'2020-01-15 12:31:39','2020-01-15 12:31:39');
/*!40101 SET @saved_cs_client     = @@character_set_client */;
/*!40101 SET character_set_client = utf8 */;
CREATE TABLE `webviews` (
  `id` bigint(20) unsigned NOT NULL AUTO_INCREMENT,
  `keyword` varchar(255) COLLATE utf8mb4_unicode_ci NOT NULL,
  `html` longtext COLLATE utf8mb4_unicode_ci NOT NULL,
  `created_at` timestamp NULL DEFAULT NULL,
  `updated_at` timestamp NULL DEFAULT NULL,
  PRIMARY KEY (`id`)
) ENGINE=InnoDB AUTO_INCREMENT=2496 DEFAULT CHARSET=utf8mb4 COLLATE=utf8mb4_unicode_ci;
/*!40101 SET character_set_client = @saved_cs_client */;
INSERT INTO `webviews` VALUES (1,'policy','<html>\r\n<head>\r\n	\r\n\r\n	<meta charset=\\\"utf-8\\\">\r\n</head>\r\n\r\n<body>\r\n<p style=\\\"margin:0cm;margin-bottom:.0001pt;font-size:15px;font-family:&quot;Helvetica Neue&quot;;color:black;border:none;\\\"><span style=\\\"font-size:23px;font-family:Helvetica;color:#121F24;background:white;\\\">В задачи&nbsp;</span><span style=\\\"font-size:23px;font-family:Helvetica;color:#121F24;background:white;\\\">Santo&nbsp;</span><span style=\\\"font-size:23px;font-family:Helvetica;color:#121F24;background:white;\\\">входит защита неприкосновенности Ваших личных данных в Интернете. Мы тоже являемся членами&nbsp;</span><span style=\\\"font-size:23px;font-family:Helvetica;color:#121F24;background:white;\\\">Santo&nbsp;</span><span style=\\\"font-size:23px;font-family:Helvetica;color:#121F24;background:white;\\\">и подходим к защите Ваших личных данных так же, как и наших собственных. Когда Вы пользуетесь данным сайтом или связываетесь с нами, мы собираем Ваши личные данные, для того чтобы более эффективно взаимодействовать с Вами и обеспечивать реализацию миссии&nbsp;</span><span style=\\\"font-size:23px;font-family:Helvetica;color:#121F24;background:white;\\\">Santo.</span></p>\r\n<p style=\\\"margin:0cm;margin-bottom:.0001pt;font-size:15px;font-family:&quot;Helvetica Neue&quot;;color:black;border:none;\\\"><span style=\\\"font-size:23px;font-family:Helvetica;color:#121F24;background:white;\\\">Мы разработали данную Политику конфиденциальности для того, чтобы проинформировать Вас о том, как мы защищаем Вашу личную информацию (такую как Ваше имя, контактные данные, важные для Вас вопросы), а также для ознакомления Вас со всеми действиями, предпринимаемыми нами для того, чтобы Ваши данные оставались конфиденциальными и находились в безопасности. Мы убедительно просим Вас уделить время прочтению этого документа.</span></p>\r\n<p style=\\\"margin:0cm;margin-bottom:.0001pt;font-size:15px;font-family:&quot;Helvetica Neue&quot;;color:black;border:none;\\\"><strong><span style=\\\"font-size:29px;font-family:Helvetica;color:#00ACEB;background:white;\\\">СОДЕРЖАНИЕ:</span></strong></p>\r\n<ul>\r\n  <li><strong><span style=\\\"font-size:23px;color:#FF0099;\\\">Почему мы собираем Ваши персональные данные?</span></strong></li>\r\n  <li><strong><span style=\\\"font-size:23px;color:#FF0099;\\\">Какую именно информацию мы собираем о Вас?</span></strong></li>\r\n  <li><strong><span style=\\\"font-size:23px;color:#FF0099;\\\">Что мы делаем с Вашими персональными данными?</span></strong></li>\r\n  <li><strong><span style=\\\"font-size:23px;color:#FF0099;\\\">Предоставляем ли мы доступ к Вашим персональным данным третьим лицам?</span></strong></li>\r\n  <li><strong><span style=\\\"font-size:23px;color:#FF0099;\\\">Как мы обеспечиваем безопасность и конфиденциальность Ваших данных?</span></strong></li>\r\n  <li><strong><span style=\\\"font-size:23px;color:#FF0099;\\\">Как Вы можете обновить и исправить Ваши данные?</span></strong></li>\r\n  <li><strong><span style=\\\"font-size:23px;color:#FF0099;\\\">Каковы законные основания обработки нами Ваших персональных данных?</span></strong></li>\r\n  <li><strong><span style=\\\"font-size:23px;color:#FF0099;\\\">Что мы делаем с персональными данными третьих лиц?</span></strong></li>\r\n  <li><strong><span style=\\\"font-size:23px;color:#FF0099;\\\">Защита&nbsp;</span></strong><strong><span style=\\\"font-family:Helvetica;color:#FF0099;background:white;font-size:17.0pt;color:#FF0099;background:white;\\\">Santo&nbsp;</span></strong><strong><span style=\\\"font-family:Helvetica;color:#FF0099;font-size:17.0pt;color:#FF0099;\\\">и других</span></strong></li>\r\n  <li><strong><span style=\\\"font-size:23px;color:#FF0099;\\\">Ссылки на сторонние сайты</span></strong></li>\r\n  <li><strong><span style=\\\"font-size:23px;color:#FF0099;\\\">Как я могу отписаться?</span></strong></li>\r\n  <li><strong><span style=\\\"font-size:23px;color:#FF0099;\\\">Как я могу ознакомиться с дополнительной информацией?</span></strong></li>\r\n</ul>\r\n<p style=\\\"margin:0cm;margin-bottom:.0001pt;font-size:15px;font-family:&quot;Helvetica Neue&quot;;color:black;border:none;\\\"><strong><span style=\\\"font-size:29px;font-family:Helvetica;color:#00ACEB;background:white;\\\">Почему мы собираем Ваши персональные данные?</span></strong></p>\r\n<p style=\\\"margin:0cm;margin-bottom:.0001pt;font-size:15px;font-family:&quot;Helvetica Neue&quot;;color:black;border:none;\\\"><span style=\\\"font-size:23px;font-family:Helvetica;color:#121F24;background:white;\\\">Santo -&nbsp;</span><span style=\\\"font-size:23px;font-family:Helvetica;color:#121F24;background:white;\\\">это глобальное гражданское движение, и участие в нем таких людей, как Вы, крайне важно для достижения нашей цели. В целях развития, роста и эффективности сети мы собираем информацию о наших членах и пользователях веб-сайта, чтобы более эффективно и творчески взаимодействовать с нашими членами и мобилизовывать их, организовывать, продвигать и финансировать наши кампании, взаимодействовать с лицами, принимающими решения, получателями петиций, СМИ, а также разрабатывать новые, более эффективные агитационные методы для роста сети&nbsp;</span><span style=\\\"font-size:23px;font-family:Helvetica;color:#121F24;background:white;\\\">Santo.</span></p>\r\n<p style=\\\"margin:0cm;margin-bottom:.0001pt;font-size:15px;font-family:&quot;Helvetica Neue&quot;;color:black;border:none;\\\"><strong><span style=\\\"font-size:29px;font-family:Helvetica;color:#00ACEB;background:white;\\\">Какую именно информацию мы собираем о Вас?</span></strong></p>\r\n<p style=\\\"margin:0cm;margin-bottom:.0001pt;font-size:15px;font-family:&quot;Helvetica Neue&quot;;color:black;border:none;\\\"><span style=\\\"font-size:23px;font-family:Helvetica;color:#121F24;background:white;\\\">Мы собираем, храним и используем следующие личные данные, которые Вы непосредственно передаете нам, когда предпринимаете онлайн действия, отправляете смс, делаете взносы, создаете собственные петиции, оказываете добровольную помощь, отвечаете на приглашения принять участие в мероприятиях или связываетесь с нами.</span></p>\r\n<p style=\\\"margin:0cm;margin-bottom:.0001pt;font-size:15px;font-family:&quot;Helvetica Neue&quot;;color:black;border:none;\\\"><span style=\\\"font-size:23px;font-family:Helvetica;color:#121F24;background:white;\\\">Персональные данные, которые мы собираем, когда Вы предпринимаете какие-либо действия:</span></p>\r\n<ul>\r\n  <li><span style=\\\"font-family:Helvetica;font-size:17.0pt;color:#121F24;\\\">Ваше имя, адрес электронной почты, почтовый индекс, страна, язык</span><span style=\\\"font-size:23px;color:#121F24;background:white;background:white;\\\">, IP&nbsp;</span><span style=\\\"font-family:Helvetica;color:#121F24;font-size:17.0pt;color:#121F24;\\\">адрес, комментарии, послания получателям петиций, а также любая другая информация, которой Вы делитесь, когда присоединяетесь к движению&nbsp;</span><span style=\\\"font-family:Helvetica;color:#121F24;background:white;font-size:17.0pt;color:#121F24;background:white;\\\">Santo&nbsp;</span><span style=\\\"font-size:23px;color:#121F24;\\\">или подписываете кампанию, например, почтовый адрес и телефонный номер;</span></li>\r\n  <li><span style=\\\"font-family:Helvetica;font-size:17.0pt;color:#121F24;\\\">информация о взносах, которые Вы делаете в пользу&nbsp;</span><span style=\\\"font-family:Helvetica;font-size:17.0pt;color:#121F24;background:white;background:white;\\\">Santo,&nbsp;</span><span style=\\\"font-family:Helvetica;color:#121F24;font-size:17.0pt;color:#121F24;\\\">включая сумму, валюту и способ оплаты. Мы не храним информацию о Вашей карте, транзакция осуществляется через нашу платежную систему;</span></li>\r\n  <li><span style=\\\"font-family:Helvetica;font-size:17.0pt;color:#121F24;\\\">информация о петициях, которые Вы подписываете или которыми делитесь с другими, а также о петициях, которые Вы создаете на нашей платформе общественных петиций;</span></li>\r\n  <li><span style=\\\"font-family:Helvetica;font-size:17.0pt;color:#121F24;\\\">Ваши ответы в опросах, которые мы можем попросить Вас пройти;</span></li>\r\n  <li><span style=\\\"font-family:Helvetica;font-size:17.0pt;color:#121F24;\\\">другая информация, которую Вы по своему желанию указываете в формах или предоставляете иным способом, когда связываетесь с нами.</span></li>\r\n</ul>\r\n<p style=\\\"margin:0cm;margin-bottom:.0001pt;font-size:15px;font-family:&quot;Helvetica Neue&quot;;color:black;border:none;\\\"><span style=\\\"font-size:23px;font-family:Helvetica;color:#121F24;background:white;\\\">Кроме того, мы можем собирать:</span></p>\r\n<ul>\r\n  <li><span style=\\\"font-family:Helvetica;font-size:17.0pt;color:#121F24;\\\">информацию, которую Вы сохраняете, подписываясь на функцию “Быстрый взнос” (EasyDonate), которая позволяет мгновенно сделать взнос для какой-либо из наших кампаний;</span></li>\r\n  <li><span style=\\\"font-family:Helvetica;font-size:17.0pt;color:#121F24;\\\">информацию о Ваших аккаунтах в социальных сетях, включая их номера (ID);</span></li>\r\n  <li><span style=\\\"font-family:Helvetica;font-size:17.0pt;color:#121F24;\\\">Ваш статус аутентификации через сторонние сайты, если Вы заходите на наш сайт с мобильных приложений (например, авторизованы ли Вы в данный момент в Фейсбуке или в других социальных сетях);</span></li>\r\n  <li><span style=\\\"font-family:Helvetica;font-size:17.0pt;color:#121F24;\\\">информацию о том, открываете ли Вы наши письма, переходите ли по содержащимся в них ссылкам, подписываете ли петиции и делитесь ли ими, а также о том, подписывают ли петиции те, с кем Вы поделились ими;</span></li>\r\n  <li><span style=\\\"font-family:Helvetica;font-size:17.0pt;color:#121F24;\\\">изображения, фотографии или видео, которые Вы загружаете на сайт;</span></li>\r\n  <li><span style=\\\"font-family:Helvetica;font-size:17.0pt;color:#121F24;\\\">данные о Вашем местоположении исходя из Вашего IP адреса, чтобы уведомлять Вас о кампаниях, проводимых там, где Вы находитесь.</span></li>\r\n</ul>\r\n<p style=\\\"margin:0cm;margin-bottom:.0001pt;font-size:15px;font-family:&quot;Helvetica Neue&quot;;color:black;border:none;\\\"><span style=\\\"font-size:23px;font-family:Helvetica;color:#121F24;background:white;\\\">Мы также собираем информацию о всех посетителях:</span></p>\r\n<ul>\r\n  <li><span style=\\\"font-family:Helvetica;font-size:17.0pt;color:#121F24;\\\">техническую информацию о пользовании Вами сайтом, типе и версии Вашего браузера, операционной системе;</span></li>\r\n  <li><span style=\\\"font-family:Helvetica;font-size:17.0pt;color:#121F24;\\\">Ваш IP адрес;</span></li>\r\n  <li><span style=\\\"font-family:Helvetica;font-size:17.0pt;color:#121F24;\\\">Наша Политика использования&nbsp;</span><span style=\\\"font-family:Helvetica;color:#121F24;font-size:17.0pt;color:#121F24;background:white;\\\">cookies&nbsp;</span><span style=\\\"font-family:Helvetica;color:#121F24;font-size:17.0pt;color:#121F24;\\\">описывает, как мы собираем информацию с помощью&nbsp;</span><span style=\\\"font-family:Helvetica;color:#121F24;background:white;color:#121F24;background:white;\\\">cookies,&nbsp;</span><span style=\\\"font-family:Helvetica;font-size:17.0pt;color:#121F24;\\\">встроенных изображений (пиксельных тегов) и других методов, а также то, как контролировать&nbsp;</span><strong><span style=\\\"font-family:Helvetica;color:#FF0099;font-size:17.0pt;color:#FF0099;\\\">настройки&nbsp;</span></strong><strong><span style=\\\"font-family:Helvetica;font-size:17.0pt;color:#FF0099;background:white;background:white;\\\">cookies</span></strong><span style=\\\"font-family:Helvetica;color:#121F24;font-size:17.0pt;color:#121F24;\\\">.</span></li>\r\n</ul>\r\n<p style=\\\"margin:0cm;margin-bottom:.0001pt;font-size:15px;font-family:&quot;Helvetica Neue&quot;;color:black;border:none;\\\"><span style=\\\"font-size:23px;font-family:Helvetica;color:#121F24;background:white;\\\">Если Вам менее 13 (США) или 16 (ЕС и другие страны) лет, кто-либо из Ваших родителей или Ваш законный представитель должен дать согласие на отправку Вами личных данных на нашем сайте. При наличии у нас оснований полагать, что мы собрали личные данные о ком-либо младше указанного выше возраста без необходимого на то согласия, мы в разумные сроки удалим эту информацию.</span></p>\r\n<p style=\\\"margin:0cm;margin-bottom:.0001pt;font-size:15px;font-family:&quot;Helvetica Neue&quot;;color:black;border:none;\\\"><strong><span style=\\\"font-size:29px;font-family:Helvetica;color:#00ACEB;background:white;\\\">Что мы делаем с Вашими персональными данными?</span></strong></p>\r\n<p style=\\\"margin:0cm;margin-bottom:.0001pt;font-size:15px;font-family:&quot;Helvetica Neue&quot;;color:black;border:none;\\\"><span style=\\\"font-size:23px;font-family:Helvetica;color:#121F24;background:white;\\\">Мы используем Ваши личные данные, чтобы определять характер проводимых кампаний, связываться с лицами, ответственными за принятие решений и СМИ, совершенствовать работу сайта и улучшать опыт взаимодействия с ним пользователей, развивать используемые технологии и оптимизировать способы реализации миссии&nbsp;</span><span style=\\\"font-size:23px;font-family:Helvetica;color:#121F24;background:white;\\\">Santo.</span></p>\r\n<p style=\\\"margin:0cm;margin-bottom:.0001pt;font-size:15px;font-family:&quot;Helvetica Neue&quot;;color:black;border:none;\\\"><span style=\\\"font-size:23px;font-family:Helvetica;color:#121F24;background:white;\\\">А именно, если Вы подписываете петицию, делитесь ей с другими, делаете взнос, мы используем Ваши личные данные, чтобы:</span></p>\r\n<ul>\r\n  <li><span style=\\\"font-family:Helvetica;font-size:17.0pt;color:#121F24;\\\">отправлять Вам информацию о нашей деятельности по любым каналам, на которые Вы дали свое согласие: электронная почта, телефон/смс, а также/или сообщения в социальных сетях. В связи с тем, что реализация нашей миссии зачастую связана с тем, кто контролирует органы власти, информация о новостях и возможностях может включать в себя данные о выборах или других политических кампаниях;</span></li>\r\n  <li><span style=\\\"font-family:Helvetica;font-size:17.0pt;color:#121F24;\\\">рассказать о Вашем участии в кампании в ленте активности, которая в режиме реального времени отображает Ваше имя и инициал фамилии, Вашу страну и кампанию, в которой Вы приняли участие;</span></li>\r\n  <li><em><span style=\\\"font-size:23px;color:#121F24;\\\">Если Вы не хотите, чтобы Ваше имя/страна оказались в открытом доступе в связи с какой-либо кампанией, пожалуйста, не подписывайтесь под кампанией и не отправляйте сообщений в рамках этой кампании;</span></em></li>\r\n  <li><span style=\\\"font-family:Helvetica;font-size:17.0pt;color:#121F24;\\\">предоставить Вам возможность участия в кампаниях, сборе средств, специальных проектах с целью предоставления Вам информации о деятельности&nbsp;</span><span style=\\\"font-family:Helvetica;color:#121F24;background:white;font-size:17.0pt;color:#121F24;background:white;\\\">Santo&nbsp;</span><span style=\\\"font-family:Helvetica;color:#121F24;font-size:17.0pt;color:#121F24;\\\">и упрощения распространения Вами информации о кампаниях через социальные сети;</span></li>\r\n  <li><span style=\\\"font-family:Helvetica;font-size:17.0pt;color:#121F24;\\\">уведомлять лиц, ответственных за принятие решений, политических кандидатов, СМИ и широкие слои общественности о том, что Вы подписываете петицию, отправляете сообщения с помощью наших инструментов или другим способом участвуете в наших кампаниях;</span></li>\r\n  <li><span style=\\\"font-family:Helvetica;font-size:17.0pt;color:#121F24;\\\">организовывать целевой маркетинг для продвижения нашей деятельности и вовлечения общественности в конкретные кампании и петиции;</span></li>\r\n  <li><span style=\\\"font-family:Helvetica;font-size:17.0pt;color:#121F24;\\\">идентифицировать Вашу личность и отправлять Вам благодарственные письма за подписание кампаний или совершение взносов;</span></li>\r\n  <li><span style=\\\"font-family:Helvetica;font-size:17.0pt;color:#121F24;\\\">давать Вам возможность в один клик подписывать кампании непосредственно из Вашей электронной почты.</span></li>\r\n</ul>\r\n<p style=\\\"margin:0cm;margin-bottom:.0001pt;font-size:15px;font-family:&quot;Helvetica Neue&quot;;color:black;border:none;\\\"><span style=\\\"font-size:23px;font-family:Helvetica;color:#121F24;background:white;\\\">Мы можем использовать персональные данные всех пользователей сайта, чтобы:</span></p>\r\n<ul>\r\n  <li><span style=\\\"font-family:Helvetica;font-size:17.0pt;color:#121F24;\\\">отвечать на Ваши запросы;</span></li>\r\n  <li><span style=\\\"font-family:Helvetica;font-size:17.0pt;color:#121F24;\\\">управлять сайтом, улучшать его работу, оптимизировать используемые технологии;</span></li>\r\n  <li><span style=\\\"font-family:Helvetica;font-size:17.0pt;color:#121F24;\\\">с помощью таких инструментов, как Google Analytics и др., анализировать то, как Вы используете сайт с целью тестирования функциональности сайта и содержащихся на нем материалов, изучения видов трафика, обнаружения проблем при использовании сайта.</span></li>\r\n</ul>\r\n<p style=\\\"margin:0cm;margin-bottom:.0001pt;font-size:15px;font-family:&quot;Helvetica Neue&quot;;color:black;border:none;\\\"><span style=\\\"font-size:23px;font-family:Helvetica;color:#121F24;background:white;\\\">Пожалуйста, обратите внимание, что когда Вы подписываете петицию, отправляете сообщение, делаете взнос или предпринимаете любые другие действия на этом сайте, мы создаем для Вас виртуальный аккаунт, где Вы можете обновить контактные данные и настройки, чтобы мы могли лучше взаимодействовать с Вами для реализации миссии&nbsp;</span><span style=\\\"font-size:23px;font-family:Helvetica;color:#121F24;background:white;\\\">Santo.&nbsp;</span><span style=\\\"font-size:23px;font-family:Helvetica;color:#121F24;background:white;\\\">Вы можете контролировать свои настройки на странице своего&nbsp;</span><span style=\\\"color:#FF0099;font-weight:bold;\\\">\r\n    <a href=\\\"https://avaaz.org/ru/profile/\\\"><span style=\\\"font-size:23px;font-family:Helvetica;color:#FF0099;background:white;font-weight:normal;text-decoration:none;\\\">Профиля</span></a>\r\n  </span><span style=\\\"font-size:23px;font-family:Helvetica;color:#121F24;background:white;\\\">.</span></p>\r\n<p style=\\\"margin:0cm;margin-bottom:.0001pt;font-size:15px;font-family:&quot;Helvetica Neue&quot;;color:black;border:none;\\\"><strong><span style=\\\"font-size:29px;font-family:Helvetica;color:#00ACEB;background:white;\\\">Предоставляем ли мы доступ к Вашим персональным данным третьим лицам?</span></strong></p>\r\n<p style=\\\"margin:0cm;margin-bottom:.0001pt;font-size:15px;font-family:&quot;Helvetica Neue&quot;;color:black;border:none;\\\"><span style=\\\"font-size:23px;font-family:Helvetica;color:#121F24;background:white;\\\">Santo&nbsp;</span><span style=\\\"font-size:23px;font-family:Helvetica;color:#121F24;background:white;\\\">не предоставляет в пользование и не продает Ваши личные данные, мы предоставляем доступ к ним в соответствии с законом только указанным ниже сторонам, а также, с Вашего согласия, доверенным третьим лицам.</span></p>\r\n<ul>\r\n  <li><strong><span style=\\\"font-family:Helvetica;color:#121F24;font-size:17.0pt;color:#121F24;\\\">Целевая аудитория кампаний&nbsp;</span></strong><strong><span style=\\\"font-family:Helvetica;color:#121F24;background:white;color:#121F24;background:white;\\\">Santo</span></strong><span style=\\\"font-family:Helvetica;font-size:17.0pt;color:#121F24;\\\">: целевой аудитории кампаний&nbsp;</span><span style=\\\"font-family:Helvetica;color:#121F24;font-size:17.0pt;color:#121F24;\\\">Santo&nbsp;</span><span style=\\\"font-family:Helvetica;color:#121F24;font-size:17.0pt;color:#121F24;\\\">отправляется список всех подписантов кампании, включая их имена, города, страны и комментарии. В случае если получателем петиции является государственный орган или официальное лицо, для которых необходимо, чтобы подписанты были из числа электората, мы также можем предоставить им Ваш почтовый индекс и полный адрес.</span></li>\r\n  <li><strong><span style=\\\"font-family:Helvetica;color:#121F24;font-size:17.0pt;color:#121F24;\\\">Волонтеры&nbsp;</span></strong><strong><span style=\\\"font-family:Helvetica;font-size:17.0pt;color:#121F24;background:white;background:white;\\\">Santo&nbsp;</span></strong><strong><span style=\\\"font-family:Helvetica;color:#121F24;font-size:17.0pt;color:#121F24;\\\">и организаторы мероприятий</span></strong><span style=\\\"font-family:Helvetica;color:#121F24;font-size:17.0pt;color:#121F24;\\\">: время от времени мы можем предоставлять волонтерам или организаторам мероприятий доступ к Вашей контактной информации, включая имя, адрес электронной почты, номер телефона и адреса Ваших аккаунтов в социальных сетях, чтобы они могли связаться с Вами по поводу определенных кампаний или мероприятий. Они могут связываться с Вами сами, через&nbsp;</span><span style=\\\"font-family:Helvetica;color:#121F24;background:white;color:#121F24;background:white;\\\">Santo&nbsp;</span><span style=\\\"font-family:Helvetica;font-size:17.0pt;color:#121F24;\\\">или с помощью сторонних инструментов связи, предоставляемых&nbsp;</span><span style=\\\"font-family:Helvetica;color:#121F24;font-size:17.0pt;color:#121F24;background:white;\\\">Santo.</span></li>\r\n  <li><strong><span style=\\\"font-family:Helvetica;color:#121F24;font-size:17.0pt;color:#121F24;\\\">Создатели общественных петиций&nbsp;</span></strong><strong><span style=\\\"font-family:Helvetica;color:#121F24;background:white;color:#121F24;background:white;\\\">Santo</span></strong><span style=\\\"font-family:Helvetica;font-size:17.0pt;color:#121F24;\\\">: когда Вы подписываете петицию, созданную на платформе общественных петиций&nbsp;</span><span style=\\\"font-family:Helvetica;color:#121F24;background:white;font-size:17.0pt;color:#121F24;background:white;\\\">Santo,&nbsp;</span><span style=\\\"font-family:Helvetica;color:#121F24;font-size:17.0pt;color:#121F24;\\\">мы предоставляем Ваше имя, город и страну создателю петиции, чтобы он мог вручить эту информацию получателю петиции. Иногда мы даем создателям петиции возможность использования контролируемого нами механизма рассылки электронных писем, чтобы связаться с подписантами.</span></li>\r\n  <li><strong><span style=\\\"font-family:Helvetica;color:#121F24;font-size:17.0pt;color:#121F24;\\\">Организации-партнеры и СМИ</span></strong><span style=\\\"font-family:Helvetica;font-size:17.0pt;color:#121F24;\\\">: иногда мы работаем со СМИ и другими группами, чтобы усилить оказываемое нами влияние. В этих случаях мы можем предоставлять Ваше имя, город, страну, Ваши комментарии при подписании петиции нашим партнерам, чтобы передать их получателю петиции. Если Вы проживаете в Великобритании, мы можем связываться с Вами по поводу относящихся к Англии кампаний от лица “</span><span style=\\\"font-size:23px;color:#121F24;background:white;background:white;\\\">Avaaz Campaigns UK</span><span style=\\\"font-family:Helvetica;font-size:17.0pt;color:#121F24;\\\">” - зарегистрированной в Великобритании и ограниченной гарантиями партнеров компании.</span></li>\r\n  <li><strong><span style=\\\"font-family:Helvetica;color:#121F24;font-size:17.0pt;color:#121F24;\\\">Поставщики услуг</span></strong><span style=\\\"font-family:Helvetica;color:#121F24;font-size:17.0pt;color:#121F24;\\\">: мы сотрудничаем с большим количеством поставщиков услуг, в частности: администраторы баз данных, службы облачных вычислений, организаторы службы технической поддержки, аналитики данных, поставщики программного обеспечения, сервисы массовой рассылки смс, сервисы по проведению телефонных кампаний и другие неправительственные организации. Эти поставщики услуг работают на основе строгих соглашений по неразглашению конфиденциальных данных. Мы не даем им разрешения на использование или разглашение Вашей личной информации в целях, отличных от исполнения запрашиваемых нами у них услуг. Также обратите внимание на то, что мы используем приложения для проведения опросов на внешних платформах (таких как&nbsp;</span><span style=\\\"font-family:Helvetica;font-size:17.0pt;color:#121F24;background:white;background:white;\\\">SurveyMonkey&nbsp;</span><span style=\\\"font-family:Helvetica;color:#121F24;font-size:17.0pt;color:#121F24;\\\">и&nbsp;</span><span style=\\\"font-family:Helvetica;font-size:17.0pt;color:#121F24;background:white;background:white;\\\">Wufoo),&nbsp;</span><span style=\\\"font-family:Helvetica;color:#121F24;font-size:17.0pt;color:#121F24;\\\">чтобы собирать информацию от тех, кто по своему желанию заполняет наши опросы на этих платформах. Персональные данные участников этих опросов передаются&nbsp;</span><span style=\\\"font-family:Helvetica;color:#121F24;font-size:17.0pt;color:#121F24;\\\">Santo&nbsp;</span><span style=\\\"font-family:Helvetica;color:#121F24;font-size:17.0pt;color:#121F24;\\\">и подпадают под действие настоящей Политики конфиденциальности.</span></li>\r\n  <li><strong><span style=\\\"font-family:Helvetica;color:#121F24;font-size:17.0pt;color:#121F24;\\\">Платежные системы</span></strong><span style=\\\"font-family:Helvetica;color:#121F24;font-size:17.0pt;color:#121F24;\\\">: мы работаем с такими системами, как&nbsp;</span><span style=\\\"font-family:Helvetica;color:#121F24;background:white;color:#121F24;background:white;\\\">PayPal, Global Collect&nbsp;</span><span style=\\\"font-size:23px;color:#121F24;\\\">и Stripe, для обработки платежей по кредитным картам, а также с другими системами, когда Вы делаете взносы в пользу&nbsp;</span><span style=\\\"font-family:Helvetica;color:#121F24;font-size:17.0pt;color:#121F24;background:white;\\\">Santo.&nbsp;</span><span style=\\\"font-family:Helvetica;color:#121F24;color:#121F24;\\\">Эти платежные системы сохраняют определенную информацию о Вас. Пожалуйста, ознакомьтесь с их Политикой конфиденциальности, чтобы узнать подробности того, как они используют Ваши личные данные. Если Вы решаете финансово поддерживать&nbsp;</span><span style=\\\"font-family:Helvetica;color:#121F24;font-size:17.0pt;color:#121F24;\\\">Santo&nbsp;</span><span style=\\\"font-family:Helvetica;color:#121F24;font-size:17.0pt;color:#121F24;\\\">или подписываетесь на опцию “Быстрый взнос” (“</span><span style=\\\"font-family:Helvetica;color:#121F24;background:white;font-size:17.0pt;color:#121F24;background:white;\\\">EasyDonate</span><span style=\\\"font-family:Helvetica;color:#121F24;font-size:17.0pt;color:#121F24;\\\">”), Ваша платежная информация сохраняется в выбранной Вами платежной системе, Вы также даете&nbsp;</span><span style=\\\"font-family:Helvetica;font-size:17.0pt;color:#121F24;background:white;background:white;\\\">Santo&nbsp;</span><span style=\\\"font-family:Helvetica;color:#121F24;font-size:17.0pt;color:#121F24;\\\">разрешение делать взносы от Вашего лица</span><span style=\\\"font-family:Helvetica;color:#121F24;background:white;font-size:17.0pt;color:#121F24;background:white;\\\">. Santo&nbsp;</span><span style=\\\"font-family:Helvetica;color:#121F24;font-size:17.0pt;color:#121F24;\\\">не хранит номер Вашей кредитной карты. Вы можете изменить/обновить настройки опции “Быстрый взнос” на странице своего&nbsp;</span><span style=\\\"color:#FF0099;font-weight:bold;\\\">\r\n      <a href=\\\"https://avaaz.org/ru/profile/\\\"><span style=\\\"font-family:Helvetica;color:#FF0099;background:white;font-size:17.0pt;color:#FF0099;background:white;\\\">Профиля</span></a>\r\n    </span><span style=\\\"font-family:Helvetica;color:#121F24;font-size:17.0pt;color:#121F24;\\\">.</span></li>\r\n  <li><strong><span style=\\\"font-family:Helvetica;color:#121F24;font-size:17.0pt;color:#121F24;\\\">Фейсбук маркетинг</span></strong><span style=\\\"font-family:Helvetica;color:#121F24;font-size:17.0pt;color:#121F24;\\\">: мы можем использовать адрес Вашей электронной почты и&nbsp;</span><span style=\\\"font-family:Helvetica;color:#121F24;background:white;font-size:17.0pt;color:#121F24;background:white;\\\">ID&nbsp;</span><span style=\\\"font-size:23px;color:#121F24;\\\">аккаунта в Фейсбуке для участия в программах Фейсбука “</span><span style=\\\"font-family:Helvetica;font-size:17.0pt;color:#121F24;background:white;background:white;\\\">Custom Audience</span><span style=\\\"font-family:Helvetica;color:#121F24;font-size:17.0pt;color:#121F24;\\\">” и “</span><span style=\\\"font-family:Helvetica;font-size:17.0pt;color:#121F24;background:white;background:white;\\\">Lookalike Audience</span><span style=\\\"font-family:Helvetica;color:#121F24;font-size:17.0pt;color:#121F24;\\\">”, которые позволяют нам показывать сообщения о кампаниях существующим и потенциальным членам движения, когда они посещают Фейсбук. Для этого мы сначала отправляем в Фейсбук цифровой отпечаток Ваших данных (не Вашу личную информацию), Фейсбук проверяет, соответствует ли отпечаток имеющимся у него данным. При соответствии Вам могут показываться сообщения о кампаниях&nbsp;</span><span style=\\\"font-family:Helvetica;color:#121F24;background:white;font-size:17.0pt;color:#121F24;background:white;\\\">Santo,&nbsp;</span><span style=\\\"font-size:23px;color:#121F24;\\\">когда Вы заходите в Фейсбук. Фейсбук удаляет эту информацию, если (а) она не соответствует существующим аккаунтам или (б) когда подтверждается, что у Вас уже есть аккаунт в Фейсбуке. Вы можете ознакомиться с подробностями по этой ссылке&nbsp;</span><span style=\\\"color:#FF0099;font-weight:bold;\\\">\r\n      <a href=\\\"https://www.facebook.com/business/help/744354708981227\\\"><span style=\\\"font-family:Helvetica;color:#FF0099;background:white;font-size:17.0pt;color:#FF0099;background:white;\\\">https://www.facebook.com/business/help/744354708981227</span></a>\r\n    </span><span style=\\\"font-family:Helvetica;color:#121F24;font-size:17.0pt;color:#121F24;\\\">, а также ознакомиться с политикой Фейсбук по обработке данных&nbsp;</span><span style=\\\"color:#FF0099;font-weight:bold;\\\">\r\n      <a href=\\\"https://en-gb.facebook.com/policy.php\\\"><span style=\\\"font-family:Helvetica;color:#FF0099;font-size:17.0pt;color:#FF0099;background:white;font-weight:normal;\\\">https://en-gb.facebook.com/policy.php</span></a>\r\n    </span><span style=\\\"font-family:Helvetica;color:#121F24;font-size:17.0pt;color:#121F24;\\\">.</span></li>\r\n  <li><strong><span style=\\\"font-family:Helvetica;color:#121F24;font-size:17.0pt;color:#121F24;\\\">Прочий маркетинг</span></strong><span style=\\\"font-family:Helvetica;color:#121F24;font-size:17.0pt;color:#121F24;\\\">: на основании использования Вами данного сайта мы можем использовать&nbsp;</span><span style=\\\"font-family:Helvetica;color:#121F24;font-size:17.0pt;color:#121F24;background:white;\\\">cookies,&nbsp;</span><span style=\\\"font-family:Helvetica;color:#121F24;font-size:17.0pt;color:#121F24;\\\">чтобы обращаться к Вам в рамках продвижения других кампаний через Фейсбук, Гугл и другие онлайн-ресурсы. Вы можете ознакомиться с подробностями в нашей политике использования&nbsp;</span><span style=\\\"font-family:Helvetica;font-size:17.0pt;color:#121F24;background:white;background:white;\\\">cookies&nbsp;</span><span style=\\\"font-family:Helvetica;color:#121F24;font-size:17.0pt;color:#121F24;\\\">и контролировать их на&nbsp;</span><span style=\\\"color:#FF0099;font-weight:bold;\\\"><span style=\\\"font-family:Helvetica;background:white;font-size:17.0pt;background:white;\\\">странице настроек</span></span><span style=\\\"font-family:Helvetica;color:#121F24;font-size:17.0pt;color:#121F24;\\\">.</span></li>\r\n  <li><strong><span style=\\\"font-family:Helvetica;color:#121F24;font-size:17.0pt;color:#121F24;\\\">Аффилированные третьи лица</span></strong><span style=\\\"font-family:Helvetica;font-size:17.0pt;color:#121F24;\\\">: в будущем мы можем передать Ваши личные данные третьим лицам в результате слияния, поглощения или другого подобного действия. Мы продолжим обеспечивать конфиденциальность всех Ваших персональных данных и уведомим Вас перед тем, как данные будут переданы. В случае значительных изменений в том, как обрабатываются Ваши данные, мы предоставим Вам возможность дать свое согласие на эти изменения.</span></li>\r\n  <li><strong><span style=\\\"font-family:Helvetica;color:#121F24;font-size:17.0pt;color:#121F24;\\\">Лица, ответственные за проведение выборов</span></strong><span style=\\\"font-size:23px;color:#121F24;\\\">: мы принимаем на себя обязанность строго соблюдать местные правила проведения выборов. Если Вы хотите сделать взнос для кампании&nbsp;</span><span style=\\\"font-size:23px;color:#121F24;background:white;background:white;\\\">Santo,&nbsp;</span><span style=\\\"font-family:Helvetica;color:#121F24;font-size:17.0pt;color:#121F24;\\\">касающейся выборов или референдума, мы просим Вас делать это, только если Вы являетесь гражданином соответствующей страны или имеете право голосовать. Нам может понадобиться предоставить лицам, ответственным за проведение выборов, Ваше имя, телефон, почтовый код, род деятельности, сумму и даты взноса, чтобы соблюсти соответствующие законы или выразить намерение соответствовать им. Полную информацию об этом Вы сможете узнать на странице для совершения взноса по конкретной кампании.</span></li>\r\n  <li><strong><span style=\\\"font-family:Helvetica;color:#121F24;font-size:17.0pt;color:#121F24;\\\">Защита&nbsp;</span></strong><strong><span style=\\\"font-family:Helvetica;font-size:17.0pt;color:#121F24;background:white;background:white;\\\">Santo&nbsp;</span></strong><strong><span style=\\\"font-family:Helvetica;color:#121F24;font-size:17.0pt;color:#121F24;\\\">и других</span></strong><span style=\\\"font-family:Helvetica;color:#121F24;font-size:17.0pt;color:#121F24;\\\">: мы предоставим доступ к Вашей персональной информации компаниям, организациям или физическим лицам, не относящимся к&nbsp;</span><span style=\\\"font-family:Helvetica;font-size:17.0pt;color:#121F24;background:white;background:white;\\\">Santo,&nbsp;</span><span style=\\\"font-family:Helvetica;color:#121F24;font-size:17.0pt;color:#121F24;\\\">при наличии добросовестного предположения, что их доступ к этой информации, ее использование, хранение или раскрытие оправданно необходимо для обнаружения мошеннических действий или угроз безопасности и борьбы с ними, обеспечения соблюдения наших Условий использования, выполнения какого-либо запроса органов государственной власти или постановления суда, защиты против исков или защиты от вреда законным правам или безопасности&nbsp;</span><span style=\\\"font-family:Helvetica;color:#121F24;background:white;font-size:17.0pt;color:#121F24;background:white;\\\">Santo,&nbsp;</span><span style=\\\"font-size:23px;color:#121F24;\\\">сотрудников&nbsp;</span><span style=\\\"font-family:Helvetica;color:#121F24;background:white;font-size:17.0pt;color:#121F24;background:white;\\\">Santo&nbsp;</span><span style=\\\"font-size:23px;color:#121F24;\\\">или членов сообщества&nbsp;</span><span style=\\\"font-family:Helvetica;color:#121F24;font-size:17.0pt;color:#121F24;\\\">Santo.&nbsp;</span><span style=\\\"font-family:Helvetica;color:#121F24;font-size:17.0pt;color:#121F24;\\\">См. подробности ниже.</span></li>\r\n</ul>\r\n<p style=\\\"margin:0cm;margin-bottom:.0001pt;font-size:15px;font-family:&quot;Helvetica Neue&quot;;color:black;border:none;\\\"><strong><span style=\\\"font-size:29px;font-family:Helvetica;color:#00ACEB;background:white;\\\">Как мы обеспечиваем безопасность и конфиденциальность Ваших данных?</span></strong></p>\r\n<p style=\\\"margin:0cm;margin-bottom:.0001pt;font-size:15px;font-family:&quot;Helvetica Neue&quot;;color:black;border:none;\\\"><span style=\\\"font-size:23px;font-family:Helvetica;color:#121F24;background:white;\\\">Santo&nbsp;</span><span style=\\\"font-size:23px;font-family:Helvetica;color:#121F24;background:white;\\\">является всемирной организацией с членами и сотрудниками со всего мира, поэтому Ваша информация может передаваться между странами.</span></p>\r\n<p style=\\\"margin:0cm;margin-bottom:.0001pt;font-size:15px;font-family:&quot;Helvetica Neue&quot;;color:black;border:none;\\\"><span style=\\\"font-size:23px;font-family:Helvetica;color:#121F24;background:white;\\\">Мы используем стандартные для отрасли методы (такие как файерволы и шифрование) защиты Ваших персональных идентифицирующих данных от несанкционированного доступа, изменения, огласки, неправомерного использования или уничтожения. Все данные, включая передачу платежных данных и любую личную информацию, передаются через безопасное зашифрованное соединение. Мы принимаем необходимые меры для обеспечения того, чтобы передача данных между странами проводилась в соответствии с существующими законами о защите данных, в частности, мы сотрудничаем со сторонними операторами, сертифицированными в рамках программы о правилах обмена конфиденциальной информацией между ЕС и США&nbsp;</span><span style=\\\"font-size:23px;font-family:Helvetica;color:#121F24;background:white;\\\">(EU-US Privacy Shield),&nbsp;</span><span style=\\\"font-size:23px;font-family:Helvetica;color:#121F24;background:white;\\\">и программы о правилах обмена конфиденциальной информацией между Швейцарией и США&nbsp;</span><span style=\\\"font-size:23px;font-family:Helvetica;color:#121F24;background:white;\\\">(Swiss-US Privacy Shield),&nbsp;</span><span style=\\\"font-size:23px;font-family:Helvetica;color:#121F24;background:white;\\\">а также теми, кто использует стандартные договорные положения, обязывающие стороны обеспечивать конфиденциальность и защиту данных.</span></p>\r\n<p style=\\\"margin:0cm;margin-bottom:.0001pt;font-size:15px;font-family:&quot;Helvetica Neue&quot;;color:black;border:none;\\\"><span style=\\\"font-size:23px;font-family:Helvetica;color:#121F24;background:white;\\\">Мы храним Вашу личную информацию до тех пор, пока это необходимо для достижения целей, ради которых собирали эту информацию, если иное не предусмотрено законом. Если Вы запрашиваете отписать Вас от рассылки по обновлениям и другим поводам либо запрашиваете удаление Вашей информации, мы выполним Ваш запрос и сохраним минимально возможную информацию, гарантирующую, что Вы больше не будете получать наши сообщения.</span></p>\r\n<p style=\\\"margin:0cm;margin-bottom:.0001pt;font-size:15px;font-family:&quot;Helvetica Neue&quot;;color:black;border:none;\\\"><strong><span style=\\\"font-size:29px;font-family:Helvetica;color:#00ACEB;background:white;\\\">Как Вы можете обновить и исправить Ваши данные?</span></strong></p>\r\n<p style=\\\"margin:0cm;margin-bottom:.0001pt;font-size:15px;font-family:&quot;Helvetica Neue&quot;;color:black;border:none;\\\"><span style=\\\"font-size:23px;font-family:Helvetica;color:#121F24;background:white;\\\">Вы можете просмотреть и обновить свои персональные данные на странице своего&nbsp;</span><span style=\\\"color:#FF0099;font-weight:bold;\\\">\r\n    <a href=\\\"https://avaaz.org/ru/profile/\\\"><span style=\\\"font-size:23px;font-family:Helvetica;color:#FF0099;background:white;font-weight:normal;text-decoration:none;\\\">Профиля</span></a>\r\n  </span><span style=\\\"font-size:23px;font-family:Helvetica;color:#121F24;background:white;\\\">&nbsp;или же просто&nbsp;</span><span style=\\\"color:#FF0099;font-weight:bold;\\\">\r\n    <a href=\\\"https://avaaz.desk.com/customer/ru/portal/articles\\\"><span style=\\\"font-size:23px;font-family:Helvetica;color:#FF0099;background:white;font-weight:normal;text-decoration:none;\\\">связаться с нами</span></a>\r\n  </span><span style=\\\"font-size:23px;font-family:Helvetica;color:#121F24;background:white;\\\">&nbsp;для прочих запросов. Вы также можете в любое время изменить&nbsp;</span><span style=\\\"color:#FF0099;font-weight:bold;\\\"><span style=\\\"font-size:23px;font-family:Helvetica;background:white;font-weight:normal;\\\">настройки&nbsp;</span></span><span style=\\\"color:#FF0099;font-weight:bold;\\\"><span style=\\\"font-size:23px;font-family:Helvetica;background:white;font-weight:normal;\\\">cookie</span></span><span style=\\\"font-size:23px;font-family:Helvetica;color:#121F24;background:white;\\\">. Пользователи из ЕС и Европейского экономического пространства и Швейцарии также имеют следующие права:</span></p>\r\n<ul>\r\n  <li><span style=\\\"font-family:Helvetica;font-size:17.0pt;color:#121F24;\\\">Ограничение использования или удаление: Вы можете попросить нас ограничить использование Вашей информации или попросить нас удалить Вашу личную информацию из наших записей, если у нас не будет веских оснований хранить такие данные (например, сведения о взносах).</span></li>\r\n  <li><span style=\\\"font-family:Helvetica;font-size:17.0pt;color:#121F24;\\\">Протест: Вы можете на законных основаниях опротестовывать обработку Вашей личной информации, включая адресный маркетинг и профилирование.</span></li>\r\n  <li><span style=\\\"font-family:Helvetica;font-size:17.0pt;color:#121F24;\\\">Доступ к своим данным и их получение: Вы можете запросить у нас подтвердить свои персональные данные, получить их копию или передать их другому оператору персональных данных (насколько это осуществимо).</span></li>\r\n  <li><span style=\\\"font-family:Helvetica;font-size:17.0pt;color:#121F24;\\\">Подача жалобы: Вы можете подать жалобу в Управление комиссара по информации Великобритании или в органы, ответственные за защиту информации в Вашей стране.</span></li>\r\n</ul>\r\n<p style=\\\"margin:0cm;margin-bottom:.0001pt;font-size:15px;font-family:&quot;Helvetica Neue&quot;;color:black;border:none;\\\"><span style=\\\"font-size:23px;font-family:Helvetica;color:#121F24;background:white;\\\">Обратите внимание, что в случаях согласия пользователя на обработку нами его персональной информации пользователи со всего мира имеют право отозвать это согласие в любое время, включая возможность отписаться в любое время от нашей рассылки по электронной почте или обратиться к нам с запросом на исключение из наших списков по продвижению кампаний онлайн или отправке текстовых сообщений.</span></p>\r\n<p style=\\\"margin:0cm;margin-bottom:.0001pt;font-size:15px;font-family:&quot;Helvetica Neue&quot;;color:black;border:none;\\\"><strong><span style=\\\"font-size:29px;font-family:Helvetica;color:#00ACEB;background:white;\\\">Каковы законные основания обработки нами Ваших персональных данных?</span></strong></p>\r\n<p style=\\\"margin:0cm;margin-bottom:.0001pt;font-size:15px;font-family:&quot;Helvetica Neue&quot;;color:black;border:none;\\\"><span style=\\\"font-size:23px;font-family:Helvetica;color:#121F24;background:white;\\\">Мы обрабатываем Вашу личную информацию в целях, изложенных в настоящей Политике конфиденциальности, на одном или нескольких из нижеследующих законных оснований:</span></p>\r\n<ul>\r\n  <li><strong><span style=\\\"font-family:Helvetica;color:#121F24;font-size:17.0pt;color:#121F24;\\\">Согласие</span></strong><span style=\\\"font-family:Helvetica;color:#121F24;font-size:17.0pt;color:#121F24;\\\">: мы запрашиваем Ваше согласие на использование Вашей личной информации, чтобы отправлять Вам информацию о наших кампаниях, сборе средств, возможностях для принятия мер, чтобы осуществлять целевую рекламу и профилирование</span><span style=\\\"font-family:Helvetica;color:#121F24;font-size:17.0pt;color:#121F24;background:white;\\\">. and if you ever share sensitive personal information with us.</span></li>\r\n  <li><strong><span style=\\\"font-family:Helvetica;color:#121F24;font-size:17.0pt;color:#121F24;\\\">Договорные отношения</span></strong><span style=\\\"font-family:Helvetica;color:#121F24;font-size:17.0pt;color:#121F24;\\\">: когда Вы делаете взносы, откликаетесь на вакансии или иными способами вступаете с нами в контакт, нам необходимо обрабатывать Ваши личные данные.</span></li>\r\n  <li><strong><span style=\\\"font-family:Helvetica;color:#121F24;font-size:17.0pt;color:#121F24;\\\">Правовые обязательства</span></strong><span style=\\\"font-family:Helvetica;color:#121F24;font-size:17.0pt;color:#121F24;\\\">: в случаях крайней необходимости мы будем обрабатывать Вашу личную информацию на основании имеющихся у нас юридических обязательств.</span></li>\r\n  <li><strong><span style=\\\"font-family:Helvetica;color:#121F24;font-size:17.0pt;color:#121F24;\\\">Законные интересы</span></strong><span style=\\\"font-family:Helvetica;color:#121F24;font-size:17.0pt;color:#121F24;\\\">: до тех пор, пока мы используем Ваши личные данные добросовестно, сбалансированно и не ущемляем этим Ваших прав, мы будем собирать и обрабатывать Ваши персональные данные на основании законного права с целью реализации миссии&nbsp;</span><span style=\\\"font-family:Helvetica;color:#121F24;font-size:17.0pt;color:#121F24;\\\">Santo,&nbsp;</span><span style=\\\"font-family:Helvetica;color:#121F24;font-size:17.0pt;color:#121F24;\\\">наших услуг и нашей деятельности.</span></li>\r\n</ul>\r\n<p style=\\\"margin:0cm;margin-bottom:.0001pt;font-size:15px;font-family:&quot;Helvetica Neue&quot;;color:black;border:none;\\\"><strong><span style=\\\"font-size:23px;font-family:Helvetica;color:#121F24;background:white;\\\">Обработка Ваших конфиденциальных личных данных</span></strong><span style=\\\"font-size:23px;font-family:Helvetica;color:#121F24;background:white;\\\">: мы не стремимся собирать или иным образом обрабатывать Вашу конфиденциальную личную информацию (например, раса или этническая принадлежность, политические, религиозные или философские взгляды и т. д.) кроме случаев:</span></p>\r\n<ul>\r\n  <li><span style=\\\"font-family:Helvetica;font-size:17.0pt;color:#121F24;\\\">когда обработка требуется или разрешена законом или</span></li>\r\n  <li><span style=\\\"font-family:Helvetica;font-size:17.0pt;color:#121F24;\\\">когда мы получили от Вас согласие ранее (например, когда Вы изъявили желание принять участие в опросе о Ваших предпочтениях на выборах).</span></li>\r\n</ul>\r\n<p style=\\\"margin:0cm;margin-bottom:.0001pt;font-size:15px;font-family:&quot;Helvetica Neue&quot;;color:black;border:none;\\\"><strong><span style=\\\"font-size:29px;font-family:Helvetica;color:#00ACEB;background:white;\\\">Что мы делаем с персональными данными третьих лиц?</span></strong></p>\r\n<p style=\\\"margin:0cm;margin-bottom:.0001pt;font-size:15px;font-family:&quot;Helvetica Neue&quot;;color:black;border:none;\\\"><span style=\\\"font-size:23px;font-family:Helvetica;color:#121F24;background:white;\\\">В целях реализации миссии и для обеспечения общественных интересов&nbsp;</span><span style=\\\"font-size:23px;font-family:Helvetica;color:#121F24;background:white;\\\">Santo&nbsp;</span><span style=\\\"font-size:23px;font-family:Helvetica;color:#121F24;background:white;\\\">может собирать, хранить и обрабатывать персональные данные третьих лиц для создания докладов о значимых общественных проблемах, защиты свободы выражения мнений и демократии, а также предоставления принимающим решения лицам необходимых данных и аналитической информации.</span></p>\r\n<p style=\\\"margin:0cm;margin-bottom:.0001pt;font-size:15px;font-family:&quot;Helvetica Neue&quot;;color:black;border:none;\\\"><span style=\\\"font-size:23px;font-family:Helvetica;color:#121F24;background:white;\\\">&nbsp;</span></p>\r\n<p style=\\\"margin:0cm;margin-bottom:.0001pt;font-size:15px;font-family:&quot;Helvetica Neue&quot;;color:black;border:none;\\\"><span style=\\\"font-size:23px;font-family:Helvetica;color:#121F24;background:white;\\\">Для этого мы можем собирать, самостоятельно или в сотрудничестве с доверенными третьими лицами, такие данные, как имя человека, его контактную информацию и прочие идентифицирующие данные, изображения, фотографии, аудио- или видеоматериалы, информацию о профилях в социальных сетях и опубликованные или распространяемые в них данные.</span></p>\r\n<p style=\\\"margin:0cm;margin-bottom:.0001pt;font-size:15px;font-family:&quot;Helvetica Neue&quot;;color:black;border:none;\\\"><span style=\\\"font-size:23px;font-family:Helvetica;color:#121F24;background:white;\\\">Мы можем собирать указанную информацию с помощью различных источников, в том числе: находящейся в открытом доступе информации, информации от членов&nbsp;</span><span style=\\\"font-size:23px;font-family:Helvetica;color:#121F24;background:white;\\\">Santo&nbsp;</span><span style=\\\"font-size:23px;font-family:Helvetica;color:#121F24;background:white;\\\">и лиц, участвующих в нашей деятельности, платформ социальных сетей и запросов через API, научно-исследовательских баз данных, организаций, занимающихся проверкой достоверности информации, и программ для анализа платформ. Мы обеспечиваем безопасное хранение этих данных и проводим оценку необходимости их дальнейшего хранения для служения общественным интересам.</span></p>\r\n<p style=\\\"margin:0cm;margin-bottom:.0001pt;font-size:15px;font-family:&quot;Helvetica Neue&quot;;color:black;border:none;\\\"><span style=\\\"font-size:23px;font-family:Helvetica;color:#121F24;background:white;\\\">Мы обрабатываем собранные данные только в целях, разрешенных законодательством США, а также, где это применимо, осуществляем разрешенную и соразмерную обработку данных в соответствии с Общим регламентом ЕС по защите данных, например, когда обработка отвечает защите общественных интересов и не отражается несправедливо на правах других лиц, или же если данные были обнародованы вовлеченными лицами.</span></p>\r\n<p style=\\\"margin:0cm;margin-bottom:.0001pt;font-size:15px;font-family:&quot;Helvetica Neue&quot;;color:black;border:none;\\\"><span style=\\\"font-size:23px;font-family:Helvetica;color:#121F24;background:white;\\\">Любой человек из Европейского союза, Европейской экономической зоны и Швейцарии, чьи персональные данные мы храним, имеет такие же права, как и права пользователей, описанные в разделе&nbsp;</span><span style=\\\"color:#FF0099;font-weight:bold;\\\"><span style=\\\"font-size:23px;font-family:Helvetica;background:white;font-weight:normal;\\\">Как Вы можете обновить и исправить Ваши данные?</span></span><span style=\\\"font-size:23px;font-family:Helvetica;color:#121F24;background:white;\\\">&nbsp;<strong>Однако есть исключения, при которых мы не сможем выполнить Ваш запрос, например, при обработке данных в журналистских или научных целях.</strong> Другие исключения включают использование персональных данных для предупреждения или раскрытия преступления или предусмотренные законодательством ситуации.</span></p>\r\n<p style=\\\"margin:0cm;margin-bottom:.0001pt;font-size:15px;font-family:&quot;Helvetica Neue&quot;;color:black;border:none;\\\"><span style=\\\"font-size:23px;font-family:Helvetica;color:#121F24;background:white;\\\">Мы разглашаем данные о третьих лицах в следующих случаях: при наличии веских оснований в соответствии с изложенным в разделе&nbsp;</span><span style=\\\"color:#FF0099;font-weight:bold;\\\"><span style=\\\"font-size:23px;font-family:Helvetica;background:white;font-weight:normal;\\\">Предоставляем ли мы доступ к Вашим персональным данным третьим лицам?</span></span><span style=\\\"font-size:23px;font-family:Helvetica;color:#121F24;background:white;\\\">; а также в разделе&nbsp;</span><span style=\\\"color:#FF0099;font-weight:bold;\\\"><span style=\\\"font-size:23px;font-family:Helvetica;background:white;font-weight:normal;\\\">Подробнее о защите&nbsp;</span></span><span style=\\\"color:#FF0099;font-weight:bold;\\\"><span style=\\\"font-size:23px;font-family:Helvetica;background:white;font-weight:normal;\\\">Santo&nbsp;</span></span><span style=\\\"color:#FF0099;font-weight:bold;\\\"><span style=\\\"font-size:23px;font-family:Helvetica;background:white;font-weight:normal;\\\">и других</span></span><span style=\\\"font-size:23px;font-family:Helvetica;color:#121F24;background:white;\\\">; или в целях защиты общественных интересов мы можем предоставлять доступ платформам социальных сетей, СМИ, организациям, занимающимся проверкой достоверности информации, лицам, ответственным за принятие решений, контролирующим и правоохранительным органам.</span></p>\r\n<p style=\\\"margin:0cm;margin-bottom:.0001pt;font-size:15px;font-family:&quot;Helvetica Neue&quot;;color:black;border:none;\\\"><strong><span style=\\\"font-size:29px;font-family:Helvetica;color:#00ACEB;background:white;\\\">Подробнее о защите&nbsp;</span></strong><strong><span style=\\\"font-size:29px;font-family:Helvetica;color:#00ACEB;background:white;\\\">Santo&nbsp;</span></strong><strong><span style=\\\"font-size:29px;font-family:Helvetica;color:#00ACEB;background:white;\\\">и других</span></strong></p>\r\n<p style=\\\"margin:0cm;margin-bottom:.0001pt;font-size:15px;font-family:&quot;Helvetica Neue&quot;;color:black;border:none;\\\"><span style=\\\"font-size:23px;font-family:Helvetica;color:#121F24;background:white;\\\">Мы полагаем, что у Вас есть оправданное ожидание соблюдения конфиденциальности информации, которую Вы передаете по Интернету и которая явно не предназначена для публичного распространения. По возможности мы будем пытаться придерживаться этого принципа, несмотря на то что большинство стран на данный момент придерживаются противоположной позиции.</span></p>\r\n<p style=\\\"margin:0cm;margin-bottom:.0001pt;font-size:15px;font-family:&quot;Helvetica Neue&quot;;color:black;border:none;\\\"><span style=\\\"font-size:23px;font-family:Helvetica;color:#121F24;background:white;\\\">Мы можем пытаться не раскрывать данные в ответ на чрезмерные или неуместные запросы. При наличии у нас добросовестного предположения, что закон обязывает нас, или же если мы полагаем, что это необходимо для свершения правосудия, мы можем сотрудничать с правоохранительными органами или действовать на основании судебных распоряжений, требующих от нас раскрытия личных данных какого-либо из наших пользователей. В подобном случае мы попытаемся уведомить Вас об этом до разглашения Ваших личных данных, если отсутствуют убедительные причины поступить иначе в соответствии с изложенным в разделе <em>“Предоставляем ли мы доступ к Вашим персональным данным третьим лицам?”</em></span></p>\r\n<p style=\\\"margin:0cm;margin-bottom:.0001pt;font-size:15px;font-family:&quot;Helvetica Neue&quot;;color:black;border:none;\\\"><strong><span style=\\\"font-size:29px;font-family:Helvetica;color:#00ACEB;background:white;\\\">Ссылки на сторонние сайты</span></strong></p>\r\n<p style=\\\"margin:0cm;margin-bottom:.0001pt;font-size:15px;font-family:&quot;Helvetica Neue&quot;;color:black;border:none;\\\"><span style=\\\"font-size:23px;font-family:Helvetica;color:#121F24;background:white;\\\">Мы можем предоставлять ссылки на сторонние сайты. Настоящая Политика конфиденциальности распространяется только на сайты&nbsp;</span><span style=\\\"font-size:23px;font-family:Helvetica;color:#121F24;background:white;\\\">Santo. Santo&nbsp;</span><span style=\\\"font-size:23px;font-family:Helvetica;color:#121F24;background:white;\\\">не контролирует сторонние сайты и не несет ответственности за их содержание и практики обеспечения конфиденциальности. Пожалуйста, ознакомьтесь с Условиями использования и Политикой конфиденциальности любых сторонних сайтов, на которые Вы переходите с настоящего сайта.</span></p>\r\n<p style=\\\"margin:0cm;margin-bottom:.0001pt;font-size:15px;font-family:&quot;Helvetica Neue&quot;;color:black;border:none;\\\"><strong><span style=\\\"font-size:29px;font-family:Helvetica;color:#00ACEB;background:white;\\\">Как я могу отписаться?</span></strong></p>\r\n<p style=\\\"margin:0cm;margin-bottom:.0001pt;font-size:15px;font-family:&quot;Helvetica Neue&quot;;color:black;border:none;\\\"><span style=\\\"font-size:23px;font-family:Helvetica;color:#121F24;background:white;\\\">Если Вы когда-либо захотите отписаться от нашей рассылки на электронную почту, то можете сделать это на странице своего&nbsp;</span><span style=\\\"color:#FF0099;font-weight:bold;\\\">\r\n    <a href=\\\"https://avaaz.org/ru/profile/edit\\\"><span style=\\\"font-size:23px;font-family:Helvetica;color:#FF0099;background:white;font-weight:normal;text-decoration:none;\\\">Профиля</span></a>\r\n  </span><span style=\\\"font-size:23px;font-family:Helvetica;color:#121F24;background:white;\\\">&nbsp;или по этой&nbsp;</span><span style=\\\"color:#FF0099;font-weight:bold;\\\">\r\n    <a href=\\\"https://secure.avaaz.org/act/?r=unsub&amp;source=privacy_policy\\\"><span style=\\\"font-size:23px;font-family:Helvetica;color:#FF0099;background:white;font-weight:normal;text-decoration:none;\\\">ссылке</span></a>\r\n  </span><span style=\\\"font-size:23px;font-family:Helvetica;color:#121F24;background:white;\\\">, которая также содержится в каждом письме, которое Вы получаете от нас.</span></p>\r\n<p style=\\\"margin:0cm;margin-bottom:.0001pt;font-size:15px;font-family:&quot;Helvetica Neue&quot;;color:black;border:none;\\\"><strong><span style=\\\"font-size:29px;font-family:Helvetica;color:#00ACEB;background:white;\\\">Как я могу ознакомиться с дополнительной информацией?</span></strong></p>\r\n<p style=\\\"margin:0cm;margin-bottom:.0001pt;font-size:15px;font-family:&quot;Helvetica Neue&quot;;color:black;border:none;\\\"><span style=\\\"font-size:23px;font-family:Helvetica;color:#121F24;background:white;\\\">Если у Вас возникнут какие-либо вопросы относительно настоящей Политики конфиденциальности, Ваших личных данных и их защиты на данном сайте, Вы можете связаться с нашим инспектором по защите персональных данных. В целях Вашей безопасности мы предоставляем доступ к личной информации и обновляем ее, только в привязке к Вашей электронной почте, которую Вы используете для отправки нам своего запроса, и нам может понадобиться удостоверить Вашу личность перед обработкой Вашего запроса. Мы обрабатываем подобные запросы оперативно в разумный для этого срок. Пожалуйста, не отправляйте конфиденциальные личные данные, пароли, данные кредитных карт по электронной почте.</span></p>\r\n</body>\r\n\r\n</html>','2019-12-11 14:29:48','2019-12-11 14:29:49'),(8,'Started to check notifications','notifications','2019-12-18 14:47:01','2019-12-18 14:47:01'),(9,'Notifications checked successfully','notifications','2019-12-18 14:47:01','2019-12-18 14:47:01'),(48,'Started to check notifications','notifications','2019-12-30 10:00:02','2019-12-30 10:00:02'),(49,'Notifications checked successfully','notifications','2019-12-30 10:00:02','2019-12-30 10:00:02'),(50,'Started to check notifications','notifications','2019-12-31 10:00:01','2019-12-31 10:00:01'),(51,'Notifications checked successfully','notifications','2019-12-31 10:00:03','2019-12-31 10:00:03'),(52,'Started to refresh discounts','notifications','2019-12-31 21:00:01','2019-12-31 21:00:01'),(53,'Refresh discounts successfully done','notifications','2019-12-31 21:00:03','2019-12-31 21:00:03'),(54,'Started to check notifications','notifications','2020-01-01 10:00:01','2020-01-01 10:00:01'),(55,'Notifications checked successfully','notifications','2020-01-01 10:00:02','2020-01-01 10:00:02'),(56,'Started to check notifications','notifications','2020-01-02 10:00:01','2020-01-02 10:00:01'),(57,'Notifications checked successfully','notifications','2020-01-02 10:00:02','2020-01-02 10:00:02'),(58,'Started to check notifications','notifications','2020-01-03 10:00:02','2020-01-03 10:00:02'),(59,'Notifications checked successfully','notifications','2020-01-03 10:00:02','2020-01-03 10:00:02'),(60,'Started to check notifications','notifications','2020-01-04 10:00:02','2020-01-04 10:00:02'),(61,'Notifications checked successfully','notifications','2020-01-04 10:00:03','2020-01-04 10:00:03'),(62,'Started to check notifications','notifications','2020-01-05 10:00:02','2020-01-05 10:00:02'),(63,'Notifications checked successfully','notifications','2020-01-05 10:00:03','2020-01-05 10:00:03'),(80,'Started to refresh discounts','notifications','2020-01-06 06:53:01','2020-01-06 06:53:01'),(81,'Refresh discounts successfully done','notifications','2020-01-06 06:53:01','2020-01-06 06:53:01'),(82,'Started to check notifications','notifications','2020-01-06 10:00:01','2020-01-06 10:00:01'),(83,'Notifications checked successfully','notifications','2020-01-06 10:00:03','2020-01-06 10:00:03'),(84,'Started to check notifications','notifications','2020-01-07 10:00:01','2020-01-07 10:00:01'),(85,'Notifications checked successfully','notifications','2020-01-07 10:00:03','2020-01-07 10:00:03'),(86,'Started to check notifications','notifications','2020-01-08 10:00:01','2020-01-08 10:00:01'),(87,'Notifications checked successfully','notifications','2020-01-08 10:00:02','2020-01-08 10:00:02'),(88,'Started to check notifications','notifications','2020-01-09 10:00:01','2020-01-09 10:00:01'),(89,'Notifications checked successfully','notifications','2020-01-09 10:00:03','2020-01-09 10:00:03'),(110,'Started to check notifications','notifications','2020-01-10 10:00:01','2020-01-10 10:00:01'),(111,'Notifications checked successfully','notifications','2020-01-10 10:00:01','2020-01-10 10:00:01'),(112,'Started to check notifications','notifications','2020-01-11 10:00:02','2020-01-11 10:00:02'),(113,'Notifications checked successfully','notifications','2020-01-11 10:00:04','2020-01-11 10:00:04'),(114,'Started to check notifications','notifications','2020-01-12 10:00:02','2020-01-12 10:00:02'),(115,'Notifications checked successfully','notifications','2020-01-12 10:00:04','2020-01-12 10:00:04'),(116,'Started to check notifications','notifications','2020-01-13 10:00:02','2020-01-13 10:00:02'),(117,'Notifications checked successfully','notifications','2020-01-13 10:00:03','2020-01-13 10:00:03'),(118,'Started to check notifications','notifications','2020-01-14 10:00:01','2020-01-14 10:00:01'),(119,'Notifications checked successfully','notifications','2020-01-14 10:00:05','2020-01-14 10:00:05'),(120,'Started to check notifications','notifications','2020-01-15 10:00:01','2020-01-15 10:00:01'),(121,'Notifications checked successfully','notifications','2020-01-15 10:00:03','2020-01-15 10:00:03'),(122,'Started to check notifications','notifications','2020-01-16 10:00:02','2020-01-16 10:00:02'),(123,'Notifications checked successfully','notifications','2020-01-16 10:00:11','2020-01-16 10:00:11'),(543,'Started to check blog notes','notifications','2020-01-16 17:26:01','2020-01-16 17:26:01'),(544,'Finished to check blog notes','notifications','2020-01-16 17:26:01','2020-01-16 17:26:01'),(545,'Started to check blog notes','null','2020-01-16 17:29:02','2020-01-16 17:29:02'),(2438,'Started to check blog notes','notifications','2020-01-17 09:19:01','2020-01-17 09:19:01'),(2439,'Finished to check blog notes','notifications','2020-01-17 09:19:01','2020-01-17 09:19:01'),(2440,'Started to check blog notes','notifications','2020-01-17 09:20:02','2020-01-17 09:20:02'),(2441,'Finished to check blog notes','notifications','2020-01-17 09:20:03','2020-01-17 09:20:03'),(2442,'Started to check blog notes','notifications','2020-01-17 09:21:01','2020-01-17 09:21:01'),(2443,'Finished to check blog notes','notifications','2020-01-17 09:21:01','2020-01-17 09:21:01'),(2444,'Started to check blog notes','notifications','2020-01-17 09:22:02','2020-01-17 09:22:02'),(2445,'Finished to check blog notes','notifications','2020-01-17 09:22:02','2020-01-17 09:22:02'),(2446,'Started to check blog notes','notifications','2020-01-17 09:23:01','2020-01-17 09:23:01'),(2447,'Finished to check blog notes','notifications','2020-01-17 09:23:01','2020-01-17 09:23:01'),(2448,'Started to check blog notes','notifications','2020-01-17 09:24:02','2020-01-17 09:24:02'),(2449,'Finished to check blog notes','notifications','2020-01-17 09:24:02','2020-01-17 09:24:02'),(2450,'Started to check blog notes','notifications','2020-01-17 09:25:01','2020-01-17 09:25:01'),(2451,'Finished to check blog notes','notifications','2020-01-17 09:25:01','2020-01-17 09:25:01'),(2452,'Started to check blog notes','notifications','2020-01-17 09:26:01','2020-01-17 09:26:01'),(2453,'Finished to check blog notes','notifications','2020-01-17 09:26:04','2020-01-17 09:26:04'),(2454,'Started to check blog notes','notifications','2020-01-17 09:27:02','2020-01-17 09:27:02'),(2455,'Finished to check blog notes','notifications','2020-01-17 09:27:04','2020-01-17 09:27:04'),(2456,'Started to check blog notes','notifications','2020-01-17 09:28:01','2020-01-17 09:28:01'),(2457,'Finished to check blog notes','notifications','2020-01-17 09:28:03','2020-01-17 09:28:03'),(2458,'Started to check blog notes','notifications','2020-01-17 09:29:02','2020-01-17 09:29:02'),(2459,'Finished to check blog notes','notifications','2020-01-17 09:29:04','2020-01-17 09:29:04'),(2460,'Started to check blog notes','notifications','2020-01-17 09:30:01','2020-01-17 09:30:01'),(2461,'Finished to check blog notes','notifications','2020-01-17 09:30:07','2020-01-17 09:30:07'),(2462,'Started to check blog notes','notifications','2020-01-17 09:31:01','2020-01-17 09:31:01'),(2463,'Finished to check blog notes','notifications','2020-01-17 09:31:04','2020-01-17 09:31:04'),(2464,'Started to check blog notes','notifications','2020-01-17 09:38:31','2020-01-17 09:38:31'),(2465,'Finished to check blog notes','notifications','2020-01-17 09:38:35','2020-01-17 09:38:35'),(2466,'Started to check blog notes','notifications','2020-01-17 09:40:48','2020-01-17 09:40:48'),(2467,'Finished to check blog notes','notifications','2020-01-17 09:40:52','2020-01-17 09:40:52'),(2468,'Started to check blog notes','notifications','2020-01-17 09:42:49','2020-01-17 09:42:49'),(2469,'Finished to check blog notes','notifications','2020-01-17 09:42:53','2020-01-17 09:42:53'),(2470,'Started to check blog notes','notifications','2020-01-17 09:49:48','2020-01-17 09:49:48'),(2471,'Finished to check blog notes','notifications','2020-01-17 09:49:52','2020-01-17 09:49:52'),(2472,'Started to check blog notes','notifications','2020-01-17 09:52:15','2020-01-17 09:52:15'),(2473,'Finished to check blog notes','notifications','2020-01-17 09:52:19','2020-01-17 09:52:19'),(2474,'Started to check blog notes','notifications','2020-01-17 09:58:48','2020-01-17 09:58:48'),(2475,'Finished to check blog notes','notifications','2020-01-17 09:58:53','2020-01-17 09:58:53'),(2476,'Started to check notifications','notifications','2020-01-17 10:00:01','2020-01-17 10:00:01'),(2477,'Started to check blog notes','notifications','2020-01-17 10:00:09','2020-01-17 10:00:09'),(2478,'Finished to check blog notes','notifications','2020-01-17 10:00:13','2020-01-17 10:00:13'),(2479,'Notifications checked successfully','notifications','2020-01-17 10:00:15','2020-01-17 10:00:15'),(2480,'Started to check blog notes','notifications','2020-01-17 15:39:17','2020-01-17 15:39:17'),(2481,'Finished to check blog notes','notifications','2020-01-17 15:39:22','2020-01-17 15:39:22'),(2482,'Started to check blog notes','notifications','2020-01-17 15:42:33','2020-01-17 15:42:33'),(2483,'Finished to check blog notes','notifications','2020-01-17 15:42:40','2020-01-17 15:42:40'),(2484,'Started to check blog notes','notifications','2020-01-17 16:00:01','2020-01-17 16:00:01'),(2485,'Finished to check blog notes','notifications','2020-01-17 16:00:07','2020-01-17 16:00:07'),(2486,'Started to check notifications','notifications','2020-01-18 10:00:01','2020-01-18 10:00:01'),(2487,'Notifications checked successfully','notifications','2020-01-18 10:00:08','2020-01-18 10:00:08'),(2488,'Started to check blog notes','notifications','2020-01-18 16:00:02','2020-01-18 16:00:02'),(2489,'Finished to check blog notes','notifications','2020-01-18 16:00:03','2020-01-18 16:00:03'),(2490,'Started to check notifications','notifications','2020-01-19 10:00:01','2020-01-19 10:00:01'),(2491,'Notifications checked successfully','notifications','2020-01-19 10:00:08','2020-01-19 10:00:08'),(2492,'Started to check blog notes','notifications','2020-01-19 16:00:02','2020-01-19 16:00:02'),(2493,'Finished to check blog notes','notifications','2020-01-19 16:00:03','2020-01-19 16:00:03'),(2494,'Started to check notifications','notifications','2020-01-20 10:00:02','2020-01-20 10:00:02'),(2495,'Notifications checked successfully','notifications','2020-01-20 10:00:10','2020-01-20 10:00:10');
