-- MySQL dump 10.13  Distrib 5.7.27, for Linux (x86_64)
--
-- Host: localhost    Database: santo
-- ------------------------------------------------------
-- Server version	5.7.27-0ubuntu0.18.04.1

/*!40101 SET @OLD_CHARACTER_SET_CLIENT=@@CHARACTER_SET_CLIENT */;
/*!40101 SET @OLD_CHARACTER_SET_RESULTS=@@CHARACTER_SET_RESULTS */;
/*!40101 SET @OLD_COLLATION_CONNECTION=@@COLLATION_CONNECTION */;
/*!40101 SET NAMES utf8 */;
/*!40103 SET @OLD_TIME_ZONE=@@TIME_ZONE */;
/*!40103 SET TIME_ZONE='+00:00' */;
/*!40014 SET @OLD_UNIQUE_CHECKS=@@UNIQUE_CHECKS, UNIQUE_CHECKS=0 */;
/*!40014 SET @OLD_FOREIGN_KEY_CHECKS=@@FOREIGN_KEY_CHECKS, FOREIGN_KEY_CHECKS=0 */;
/*!40101 SET @OLD_SQL_MODE=@@SQL_MODE, SQL_MODE='NO_AUTO_VALUE_ON_ZERO' */;
/*!40111 SET @OLD_SQL_NOTES=@@SQL_NOTES, SQL_NOTES=0 */;

--
-- Table structure for table `admins`
--

DROP TABLE IF EXISTS `admins`;
/*!40101 SET @saved_cs_client     = @@character_set_client */;
/*!40101 SET character_set_client = utf8 */;
CREATE TABLE `admins` (
  `id` bigint(20) unsigned NOT NULL AUTO_INCREMENT,
  `name` varchar(255) COLLATE utf8mb4_unicode_ci NOT NULL,
  `username` varchar(255) COLLATE utf8mb4_unicode_ci NOT NULL,
  `password` varchar(255) COLLATE utf8mb4_unicode_ci NOT NULL,
  `created_at` timestamp NULL DEFAULT NULL,
  `updated_at` timestamp NULL DEFAULT NULL,
  PRIMARY KEY (`id`),
  UNIQUE KEY `admins_username_unique` (`username`)
) ENGINE=InnoDB AUTO_INCREMENT=2 DEFAULT CHARSET=utf8mb4 COLLATE=utf8mb4_unicode_ci;
/*!40101 SET character_set_client = @saved_cs_client */;

--
-- Dumping data for table `admins`
--

LOCK TABLES `admins` WRITE;
/*!40000 ALTER TABLE `admins` DISABLE KEYS */;
INSERT INTO `admins` VALUES (1,'Администратор','santo','qazplm123','2019-10-12 12:06:00','2019-10-12 12:06:00');
/*!40000 ALTER TABLE `admins` ENABLE KEYS */;
UNLOCK TABLES;

--
-- Table structure for table `articles`
--

DROP TABLE IF EXISTS `articles`;
/*!40101 SET @saved_cs_client     = @@character_set_client */;
/*!40101 SET character_set_client = utf8 */;
CREATE TABLE `articles` (
  `id` bigint(20) unsigned NOT NULL AUTO_INCREMENT,
  `type` enum('article','news','note') COLLATE utf8mb4_unicode_ci NOT NULL,
  `title` varchar(255) COLLATE utf8mb4_unicode_ci NOT NULL,
  `description` text COLLATE utf8mb4_unicode_ci,
  `image` varchar(255) COLLATE utf8mb4_unicode_ci DEFAULT NULL,
  `show` tinyint(4) DEFAULT '1',
  `published_at` timestamp NULL DEFAULT CURRENT_TIMESTAMP,
  `created_at` timestamp NULL DEFAULT NULL,
  `updated_at` timestamp NULL DEFAULT NULL,
  PRIMARY KEY (`id`)
) ENGINE=InnoDB AUTO_INCREMENT=12 DEFAULT CHARSET=utf8mb4 COLLATE=utf8mb4_unicode_ci;
/*!40101 SET character_set_client = @saved_cs_client */;

--
-- Dumping data for table `articles`
--

LOCK TABLES `articles` WRITE;
/*!40000 ALTER TABLE `articles` DISABLE KEYS */;
INSERT INTO `articles` VALUES (1,'article','Статья 1','Равным образом постоянное информационно-пропагандистское обеспечение нашей деятельности','/storage/2019/10/31/5dbaeddc0954f.jpg',1,'2019-11-01 11:12:47','2019-10-31 07:15:57','2019-10-31 11:21:16'),(2,'article','Статья 2','Равным образом постоянное информационно-пропагандистское обеспечение нашей деятельности','/storage/2019/10/31/5dbaeddc0954f.jpg',1,'2019-11-01 11:12:47','2019-10-31 07:15:57','2019-10-31 07:15:57'),(3,'article','Статья 3','Равным образом постоянное информационно-пропагандистское обеспечение нашей деятельности','/storage/2019/10/31/5dbaeddc0954f.jpg',1,'2019-11-01 11:12:47','2019-10-31 07:15:57','2019-10-31 07:15:57'),(4,'article','Статья 4','Равным образом постоянное информационно-пропагандистское обеспечение нашей деятельности','/storage/2019/10/31/5dbaeddc0954f.jpg',1,'2019-11-01 11:12:47','2019-10-31 07:15:57','2019-10-31 07:15:57'),(5,'article','Статья 5','Равным образом постоянное информационно-пропагандистское обеспечение нашей деятельности','/storage/2019/10/31/5dbaeddc0954f.jpg',1,'2019-11-01 11:12:47','2019-10-31 07:15:57','2019-10-31 07:15:57'),(6,'news','Статья 6','Равным образом постоянное информационно-пропагандистское обеспечение нашей деятельности','/storage/2019/10/31/5dbaeddc0954f.jpg',1,'2019-11-01 11:12:47','2019-10-31 07:15:57','2019-10-31 07:15:57'),(7,'news','Статья 7','Равным образом постоянное информационно-пропагандистское обеспечение нашей деятельности','/storage/2019/10/31/5dbaeddc0954f.jpg',1,'2019-11-01 11:12:47','2019-10-31 07:15:57','2019-10-31 07:15:57'),(8,'news','Статья 8','Равным образом постоянное информационно-пропагандистское обеспечение нашей деятельности','/storage/2019/10/31/5dbaeddc0954f.jpg',1,'2019-11-01 11:12:47','2019-10-31 07:15:57','2019-10-31 07:15:57'),(9,'news','Статья 9','Равным образом постоянное информационно-пропагандистское обеспечение нашей деятельности','/storage/2019/10/31/5dbaeddc0954f.jpg',1,'2019-11-01 11:12:47','2019-10-31 07:15:57','2019-10-31 07:15:57'),(10,'news','Статья 10','Равным образом постоянное информационно-пропагандистское обеспечение нашей деятельности','/storage/2019/10/31/5dbaeddc0954f.jpg',1,'2019-11-01 11:12:47','2019-10-31 07:15:57','2019-10-31 07:15:57');
/*!40000 ALTER TABLE `articles` ENABLE KEYS */;
UNLOCK TABLES;

--
-- Table structure for table `children`
--

DROP TABLE IF EXISTS `children`;
/*!40101 SET @saved_cs_client     = @@character_set_client */;
/*!40101 SET character_set_client = utf8 */;
CREATE TABLE `children` (
  `id` bigint(20) unsigned NOT NULL AUTO_INCREMENT,
  `name` varchar(255) COLLATE utf8mb4_unicode_ci NOT NULL,
  `parent_id` bigint(20) unsigned NOT NULL,
  `thumb` varchar(255) COLLATE utf8mb4_unicode_ci DEFAULT NULL,
  `gender` enum('male','female') COLLATE utf8mb4_unicode_ci NOT NULL,
  `birth_date` date DEFAULT NULL,
  `created_at` timestamp NULL DEFAULT NULL,
  `updated_at` timestamp NULL DEFAULT NULL,
  PRIMARY KEY (`id`),
  KEY `children_parent_id_index` (`parent_id`),
  CONSTRAINT `children_parent_id_foreign` FOREIGN KEY (`parent_id`) REFERENCES `users` (`id`)
) ENGINE=InnoDB AUTO_INCREMENT=54 DEFAULT CHARSET=utf8mb4 COLLATE=utf8mb4_unicode_ci;
/*!40101 SET character_set_client = @saved_cs_client */;

--
-- Dumping data for table `children`
--

LOCK TABLES `children` WRITE;
/*!40000 ALTER TABLE `children` DISABLE KEYS */;
INSERT INTO `children` VALUES (4,'Маша',1,'/storage/2019/10/24/5db1a5c8304a6-1571923398658','female','2017-11-24','2019-10-24 10:23:20','2019-10-24 10:23:20'),(6,'Динара',1,'/storage/2019/10/24/5db1a756678ce-1571923796920','female','2018-10-24','2019-10-24 10:29:58','2019-10-24 10:29:58'),(7,'Sami',13,'/storage/2019/10/24/5db1bc6c8e6a7-1571929195287','male','2019-10-17','2019-10-24 11:59:56','2019-10-24 11:59:56'),(8,'Диас',1,'/storage/2019/10/24/5db1bf3a0c8f3.png','male','2006-11-23','2019-10-24 12:11:54','2019-10-24 12:11:54'),(9,'Ffff',14,NULL,'male','2019-10-24','2019-10-24 12:13:14','2019-10-24 12:13:14'),(11,'Sami',15,'/storage/2019/10/24/5db1c07d033db.jpg','male','2019-10-24','2019-10-24 12:17:17','2019-10-24 12:17:17'),(12,'Tttt',15,'/storage/2019/10/24/5db1c130cbfc7.jpg','female','2019-10-24','2019-10-24 12:20:16','2019-10-24 12:20:16'),(13,'Yggg',15,'/storage/2019/10/24/5db1c15855944.jpg','female','2019-10-24','2019-10-24 12:20:56','2019-10-24 12:20:56'),(14,'C55f5f',15,'/storage/2019/10/24/5db1c23574737.jpg','female','2019-10-24','2019-10-24 12:24:37','2019-10-24 12:24:37'),(15,'Ydyeye',15,'/storage/2019/10/24/5db1c2a386195.jpg','female','2019-10-24','2019-10-24 12:26:27','2019-10-24 12:26:27'),(20,'Pppp',19,NULL,'female','2019-10-25','2019-10-25 09:21:33','2019-10-25 09:21:33'),(21,'Yyyy',20,'/storage/2019/10/25/5db2ea1168ac1.jpg','male','2019-10-25','2019-10-25 09:26:57','2019-10-25 09:26:57'),(22,'Yeu3',21,'/storage/2019/10/25/5db2eb9197364.jpg','female','2019-10-25','2019-10-25 09:33:21','2019-10-25 09:33:21'),(25,'Маша',9,NULL,'male','2006-11-23','2019-10-26 02:05:48','2019-10-26 02:05:48'),(26,'Madiyarr',9,NULL,'male','2006-11-23','2019-10-26 02:05:54','2019-10-26 02:05:54'),(27,'Madiyarrr',9,NULL,'male','2006-11-23','2019-10-26 02:06:00','2019-10-26 02:06:00'),(28,'Eldor',9,NULL,'male','2019-11-28','2019-10-26 02:44:41','2019-10-26 02:44:41'),(29,'Marina',9,NULL,'female','2013-10-23','2019-10-26 02:46:01','2019-10-26 02:46:01'),(30,'Elvira',9,NULL,'female','2017-09-23','2019-10-26 02:46:23','2019-10-26 02:46:23'),(31,'Addd',9,'/storage/2019/10/26/5db3e1ef3b375.','female','2017-08-24','2019-10-26 03:04:31','2019-10-26 03:04:31'),(32,'eldar',27,NULL,'male','2019-10-24','2019-10-26 04:34:13','2019-10-26 04:34:13'),(33,'ggg',27,NULL,'female','2019-10-10','2019-10-26 04:38:29','2019-10-26 04:38:29'),(34,'Eldor',28,NULL,'male','2015-09-25','2019-10-26 04:48:13','2019-10-26 04:48:13'),(35,'Elmira',28,NULL,'female','2016-09-26','2019-10-26 04:48:34','2019-10-26 04:48:34'),(36,'Eldor',37,'/storage/2019/10/26/5db433925ed0b.','female','2017-09-23','2019-10-26 08:52:50','2019-10-26 08:52:50'),(37,'Aibek',29,NULL,'female','2019-09-28','2019-10-28 00:18:31','2019-10-28 00:18:31'),(38,'xhdjjxx',38,'/storage/2019/10/29/5db7c1ead3246.','female','2019-08-29','2019-10-29 01:36:58','2019-10-29 01:36:58'),(39,'xhxjjx',38,'/storage/2019/10/29/5db7c20029b36.','male','2015-02-22','2019-10-29 01:37:20','2019-10-29 01:37:20'),(40,'AS',42,NULL,'female','2019-11-26','2019-11-01 05:16:33','2019-11-01 05:16:33'),(41,'ладаб',39,NULL,'female','2018-09-30','2019-11-01 15:13:40','2019-11-01 15:13:40'),(42,'Madiyar',1,'/storage/2019/11/01/5dbc21d8d7def.png','male','2006-11-23','2019-11-01 15:15:20','2019-11-01 15:15:20'),(43,'отьлл',39,'/storage/2019/11/01/5dbc224cd67e8.','female','2017-09-30','2019-11-01 15:17:16','2019-11-01 15:17:16'),(44,'Айбек',1,NULL,'female','2019-02-28','2019-11-02 08:59:43','2019-11-02 08:59:43'),(45,'Айрат',1,NULL,'male','2012-10-09','2019-11-02 22:13:08','2019-11-02 22:13:08'),(46,'Арслан',1,NULL,'male','2018-08-07','2019-11-02 22:13:29','2019-11-02 22:13:29'),(47,'Анимешка',46,'/storage/2019/11/05/5dc1924b7c4df.jpg','female','2019-09-15','2019-11-05 18:16:27','2019-11-05 18:16:27'),(48,'Элдар',1,NULL,'male','2019-09-07','2019-11-07 07:52:22','2019-11-07 07:52:22'),(49,'Маке',1,NULL,'male','2014-04-07','2019-11-07 07:53:23','2019-11-07 07:53:23'),(51,'рроо',1,NULL,'female','2014-10-07','2019-11-07 07:55:15','2019-11-07 07:55:15'),(52,'Усман',1,NULL,'male','2011-06-07','2019-11-07 07:59:14','2019-11-07 07:59:14'),(53,'Гггг',21,NULL,'male','2019-11-07','2019-11-07 12:30:27','2019-11-07 12:30:27');
/*!40000 ALTER TABLE `children` ENABLE KEYS */;
UNLOCK TABLES;

--
-- Table structure for table `comments`
--

DROP TABLE IF EXISTS `comments`;
/*!40101 SET @saved_cs_client     = @@character_set_client */;
/*!40101 SET character_set_client = utf8 */;
CREATE TABLE `comments` (
  `id` bigint(20) unsigned NOT NULL AUTO_INCREMENT,
  `created_at` timestamp NULL DEFAULT NULL,
  `updated_at` timestamp NULL DEFAULT NULL,
  PRIMARY KEY (`id`)
) ENGINE=InnoDB DEFAULT CHARSET=utf8mb4 COLLATE=utf8mb4_unicode_ci;
/*!40101 SET character_set_client = @saved_cs_client */;

--
-- Dumping data for table `comments`
--

LOCK TABLES `comments` WRITE;
/*!40000 ALTER TABLE `comments` DISABLE KEYS */;
/*!40000 ALTER TABLE `comments` ENABLE KEYS */;
UNLOCK TABLES;

--
-- Table structure for table `details`
--

DROP TABLE IF EXISTS `details`;
/*!40101 SET @saved_cs_client     = @@character_set_client */;
/*!40101 SET character_set_client = utf8 */;
CREATE TABLE `details` (
  `id` bigint(20) unsigned NOT NULL AUTO_INCREMENT,
  `detailable_type` enum('article','forum','event','playlist','vaccine') COLLATE utf8mb4_unicode_ci NOT NULL,
  `detailable_id` bigint(20) unsigned NOT NULL,
  `order` int(11) NOT NULL,
  `type` enum('title','image','citation','description') COLLATE utf8mb4_unicode_ci NOT NULL,
  `value` text COLLATE utf8mb4_unicode_ci NOT NULL,
  `show` tinyint(4) NOT NULL DEFAULT '0',
  `published_at` timestamp NULL DEFAULT CURRENT_TIMESTAMP,
  `created_at` timestamp NULL DEFAULT NULL,
  `updated_at` timestamp NULL DEFAULT NULL,
  PRIMARY KEY (`id`)
) ENGINE=InnoDB AUTO_INCREMENT=34 DEFAULT CHARSET=utf8mb4 COLLATE=utf8mb4_unicode_ci;
/*!40101 SET character_set_client = @saved_cs_client */;

--
-- Dumping data for table `details`
--

LOCK TABLES `details` WRITE;
/*!40000 ALTER TABLE `details` DISABLE KEYS */;
INSERT INTO `details` VALUES (1,'article',1,2,'title','Питание ребенка от 6 месяцев до года',1,'2019-11-01 10:21:24','2019-10-31 07:15:57','2019-10-31 07:15:57'),(2,'article',1,1,'citation','Идейные соображения высшего порядка, а также дальнейшее развитие различных форм деятельности',1,'2019-11-01 10:21:24','2019-10-31 07:15:57','2019-10-31 07:15:57'),(3,'article',1,3,'description','Питание ребенка от 6 месяцев до года Идейные соображения высшего порядка, а также дальнейшее развитие различных форм деятельности представляет собой интересный эксперимент проверки позиций, занимаемых участниками в отношении поставленных задач. Таким образом постоянное информационно-пропагандистское обеспечение нашей деятельности позволяет оценить значение модели развития. С другой стороны рамки и место обучения кадров позволяет оценить значение дальнейших направлений развития. Повседневная практика показывает, что постоянное информационно-пропагандистское обеспечение нашей деятельности требуют определения и Питание ребенка от 6 месяцев до года уточнения системы обучения кадров, соответствует насущным потребностям. Товарищи! консультация с широким активом влечет за собой процесс внедрения и модернизации новых предложений. Повседневная практика показывает, что сложившаяся структура организации в значительной степени обуславливает создание существенных финансовых и административных условий. Товарищи! консультация с широким активом влечет за собой процесс внедрения и модернизации новых предложений. Повседневная практика показывает, что сложившаяся структура организации в значительной степени обуславливает создание существенных финансовых и административных условий. Товарищи! консультация с широким активом влечет за собой процесс внедрения и модернизации новых предложений. Повседневная практика показывает, что сложившаяся структура организации в значительной степени обуславливает создание существенны',1,'2019-11-01 10:21:24','2019-10-31 07:15:57','2019-10-31 07:15:57'),(4,'article',2,2,'title','Питание ребенка от 6 месяцев до года',1,'2019-11-01 10:21:24','2019-10-31 07:15:57','2019-10-31 07:15:57'),(5,'article',2,1,'citation','Идейные соображения высшего порядка, а также дальнейшее развитие различных форм деятельности',1,'2019-11-01 10:21:24','2019-10-31 07:15:57','2019-10-31 07:15:57'),(6,'article',2,3,'description','Питание ребенка от 6 месяцев до года Идейные соображения высшего порядка, а также дальнейшее развитие различных форм деятельности представляет собой интересный эксперимент проверки позиций, занимаемых участниками в отношении поставленных задач. Таким образом постоянное информационно-пропагандистское обеспечение нашей деятельности позволяет оценить значение модели развития. С другой стороны рамки и место обучения кадров позволяет оценить значение дальнейших направлений развития. Повседневная практика показывает, что постоянное информационно-пропагандистское обеспечение нашей деятельности требуют определения и Питание ребенка от 6 месяцев до года уточнения системы обучения кадров, соответствует насущным потребностям. Товарищи! консультация с широким активом влечет за собой процесс внедрения и модернизации новых предложений. Повседневная практика показывает, что сложившаяся структура организации в значительной степени обуславливает создание существенных финансовых и административных условий. Товарищи! консультация с широким активом влечет за собой процесс внедрения и модернизации новых предложений. Повседневная практика показывает, что сложившаяся структура организации в значительной степени обуславливает создание существенных финансовых и административных условий. Товарищи! консультация с широким активом влечет за собой процесс внедрения и модернизации новых предложений. Повседневная практика показывает, что сложившаяся структура организации в значительной степени обуславливает создание существенны',1,'2019-11-01 10:21:24','2019-10-31 07:15:57','2019-10-31 07:15:57'),(7,'article',3,1,'title','Питание ребенка от 6 месяцев до года',1,'2019-11-01 10:21:24','2019-10-31 07:15:57','2019-10-31 07:15:57'),(8,'article',3,2,'citation','Идейные соображения высшего порядка, а также дальнейшее развитие различных форм деятельности',1,'2019-11-01 10:21:24','2019-10-31 07:15:57','2019-10-31 07:15:57'),(9,'article',3,3,'description','Питание ребенка от 6 месяцев до года Идейные соображения высшего порядка, а также дальнейшее развитие различных форм деятельности представляет собой интересный эксперимент проверки позиций, занимаемых участниками в отношении поставленных задач. Таким образом постоянное информационно-пропагандистское обеспечение нашей деятельности позволяет оценить значение модели развития. С другой стороны рамки и место обучения кадров позволяет оценить значение дальнейших направлений развития. Повседневная практика показывает, что постоянное информационно-пропагандистское обеспечение нашей деятельности требуют определения и Питание ребенка от 6 месяцев до года уточнения системы обучения кадров, соответствует насущным потребностям. Товарищи! консультация с широким активом влечет за собой процесс внедрения и модернизации новых предложений. Повседневная практика показывает, что сложившаяся структура организации в значительной степени обуславливает создание существенных финансовых и административных условий. Товарищи! консультация с широким активом влечет за собой процесс внедрения и модернизации новых предложений. Повседневная практика показывает, что сложившаяся структура организации в значительной степени обуславливает создание существенных финансовых и административных условий. Товарищи! консультация с широким активом влечет за собой процесс внедрения и модернизации новых предложений. Повседневная практика показывает, что сложившаяся структура организации в значительной степени обуславливает создание существенны',1,'2019-11-01 10:21:24','2019-10-31 07:15:57','2019-10-31 07:15:57'),(10,'article',4,1,'title','Питание ребенка от 6 месяцев до года',1,'2019-11-01 10:21:24','2019-10-31 07:15:57','2019-10-31 07:15:57'),(11,'article',4,2,'citation','Идейные соображения высшего порядка, а также дальнейшее развитие различных форм деятельности',1,'2019-11-01 10:21:24','2019-10-31 07:15:57','2019-10-31 07:15:57'),(12,'article',4,3,'description','Питание ребенка от 6 месяцев до года Идейные соображения высшего порядка, а также дальнейшее развитие различных форм деятельности представляет собой интересный эксперимент проверки позиций, занимаемых участниками в отношении поставленных задач. Таким образом постоянное информационно-пропагандистское обеспечение нашей деятельности позволяет оценить значение модели развития. С другой стороны рамки и место обучения кадров позволяет оценить значение дальнейших направлений развития. Повседневная практика показывает, что постоянное информационно-пропагандистское обеспечение нашей деятельности требуют определения и Питание ребенка от 6 месяцев до года уточнения системы обучения кадров, соответствует насущным потребностям. Товарищи! консультация с широким активом влечет за собой процесс внедрения и модернизации новых предложений. Повседневная практика показывает, что сложившаяся структура организации в значительной степени обуславливает создание существенных финансовых и административных условий. Товарищи! консультация с широким активом влечет за собой процесс внедрения и модернизации новых предложений. Повседневная практика показывает, что сложившаяся структура организации в значительной степени обуславливает создание существенных финансовых и административных условий. Товарищи! консультация с широким активом влечет за собой процесс внедрения и модернизации новых предложений. Повседневная практика показывает, что сложившаяся структура организации в значительной степени обуславливает создание существенны',1,'2019-11-01 10:21:24','2019-10-31 07:15:57','2019-10-31 07:15:57'),(13,'article',5,1,'title','Питание ребенка от 6 месяцев до года',1,'2019-11-01 10:21:24','2019-10-31 07:15:57','2019-10-31 07:15:57'),(14,'article',5,2,'citation','Идейные соображения высшего порядка, а также дальнейшее развитие различных форм деятельности',1,'2019-11-01 10:21:24','2019-10-31 07:15:57','2019-10-31 07:15:57'),(15,'article',5,3,'description','Питание ребенка от 6 месяцев до года Идейные соображения высшего порядка, а также дальнейшее развитие различных форм деятельности представляет собой интересный эксперимент проверки позиций, занимаемых участниками в отношении поставленных задач. Таким образом постоянное информационно-пропагандистское обеспечение нашей деятельности позволяет оценить значение модели развития. С другой стороны рамки и место обучения кадров позволяет оценить значение дальнейших направлений развития. Повседневная практика показывает, что постоянное информационно-пропагандистское обеспечение нашей деятельности требуют определения и Питание ребенка от 6 месяцев до года уточнения системы обучения кадров, соответствует насущным потребностям. Товарищи! консультация с широким активом влечет за собой процесс внедрения и модернизации новых предложений. Повседневная практика показывает, что сложившаяся структура организации в значительной степени обуславливает создание существенных финансовых и административных условий. Товарищи! консультация с широким активом влечет за собой процесс внедрения и модернизации новых предложений. Повседневная практика показывает, что сложившаяся структура организации в значительной степени обуславливает создание существенных финансовых и административных условий. Товарищи! консультация с широким активом влечет за собой процесс внедрения и модернизации новых предложений. Повседневная практика показывает, что сложившаяся структура организации в значительной степени обуславливает создание существенны',1,'2019-11-01 10:21:24','2019-10-31 07:15:57','2019-10-31 07:15:57'),(16,'article',6,1,'title','Питание ребенка от 6 месяцев до года',1,'2019-11-01 10:21:24','2019-10-31 07:15:57','2019-10-31 07:15:57'),(17,'article',6,2,'citation','Идейные соображения высшего порядка, а также дальнейшее развитие различных форм деятельности',1,'2019-11-01 10:21:24','2019-10-31 07:15:57','2019-10-31 07:15:57'),(18,'article',6,3,'description','Питание ребенка от 6 месяцев до года Идейные соображения высшего порядка, а также дальнейшее развитие различных форм деятельности представляет собой интересный эксперимент проверки позиций, занимаемых участниками в отношении поставленных задач. Таким образом постоянное информационно-пропагандистское обеспечение нашей деятельности позволяет оценить значение модели развития. С другой стороны рамки и место обучения кадров позволяет оценить значение дальнейших направлений развития. Повседневная практика показывает, что постоянное информационно-пропагандистское обеспечение нашей деятельности требуют определения и Питание ребенка от 6 месяцев до года уточнения системы обучения кадров, соответствует насущным потребностям. Товарищи! консультация с широким активом влечет за собой процесс внедрения и модернизации новых предложений. Повседневная практика показывает, что сложившаяся структура организации в значительной степени обуславливает создание существенных финансовых и административных условий. Товарищи! консультация с широким активом влечет за собой процесс внедрения и модернизации новых предложений. Повседневная практика показывает, что сложившаяся структура организации в значительной степени обуславливает создание существенных финансовых и административных условий. Товарищи! консультация с широким активом влечет за собой процесс внедрения и модернизации новых предложений. Повседневная практика показывает, что сложившаяся структура организации в значительной степени обуславливает создание существенны',1,'2019-11-01 10:21:24','2019-10-31 07:15:57','2019-10-31 07:15:57'),(19,'article',7,1,'title','Питание ребенка от 6 месяцев до года',1,'2019-11-01 10:21:24','2019-10-31 07:15:57','2019-10-31 07:15:57'),(20,'article',7,2,'citation','Идейные соображения высшего порядка, а также дальнейшее развитие различных форм деятельности',1,'2019-11-01 10:21:24','2019-10-31 07:15:57','2019-10-31 07:15:57'),(21,'article',7,3,'description','Питание ребенка от 6 месяцев до года Идейные соображения высшего порядка, а также дальнейшее развитие различных форм деятельности представляет собой интересный эксперимент проверки позиций, занимаемых участниками в отношении поставленных задач. Таким образом постоянное информационно-пропагандистское обеспечение нашей деятельности позволяет оценить значение модели развития. С другой стороны рамки и место обучения кадров позволяет оценить значение дальнейших направлений развития. Повседневная практика показывает, что постоянное информационно-пропагандистское обеспечение нашей деятельности требуют определения и Питание ребенка от 6 месяцев до года уточнения системы обучения кадров, соответствует насущным потребностям. Товарищи! консультация с широким активом влечет за собой процесс внедрения и модернизации новых предложений. Повседневная практика показывает, что сложившаяся структура организации в значительной степени обуславливает создание существенных финансовых и административных условий. Товарищи! консультация с широким активом влечет за собой процесс внедрения и модернизации новых предложений. Повседневная практика показывает, что сложившаяся структура организации в значительной степени обуславливает создание существенных финансовых и административных условий. Товарищи! консультация с широким активом влечет за собой процесс внедрения и модернизации новых предложений. Повседневная практика показывает, что сложившаяся структура организации в значительной степени обуславливает создание существенны',1,'2019-11-01 10:21:24','2019-10-31 07:15:57','2019-10-31 07:15:57'),(22,'article',8,1,'title','Питание ребенка от 6 месяцев до года',1,'2019-11-01 10:21:24','2019-10-31 07:15:57','2019-10-31 07:15:57'),(23,'article',8,2,'citation','Идейные соображения высшего порядка, а также дальнейшее развитие различных форм деятельности',1,'2019-11-01 10:21:24','2019-10-31 07:15:57','2019-10-31 07:15:57'),(24,'article',8,3,'description','Питание ребенка от 6 месяцев до года Идейные соображения высшего порядка, а также дальнейшее развитие различных форм деятельности представляет собой интересный эксперимент проверки позиций, занимаемых участниками в отношении поставленных задач. Таким образом постоянное информационно-пропагандистское обеспечение нашей деятельности позволяет оценить значение модели развития. С другой стороны рамки и место обучения кадров позволяет оценить значение дальнейших направлений развития. Повседневная практика показывает, что постоянное информационно-пропагандистское обеспечение нашей деятельности требуют определения и Питание ребенка от 6 месяцев до года уточнения системы обучения кадров, соответствует насущным потребностям. Товарищи! консультация с широким активом влечет за собой процесс внедрения и модернизации новых предложений. Повседневная практика показывает, что сложившаяся структура организации в значительной степени обуславливает создание существенных финансовых и административных условий. Товарищи! консультация с широким активом влечет за собой процесс внедрения и модернизации новых предложений. Повседневная практика показывает, что сложившаяся структура организации в значительной степени обуславливает создание существенных финансовых и административных условий. Товарищи! консультация с широким активом влечет за собой процесс внедрения и модернизации новых предложений. Повседневная практика показывает, что сложившаяся структура организации в значительной степени обуславливает создание существенны',1,'2019-11-01 10:21:24','2019-10-31 07:15:57','2019-10-31 07:15:57'),(25,'article',9,1,'title','Питание ребенка от 6 месяцев до года',1,'2019-11-01 10:21:24','2019-10-31 07:15:57','2019-10-31 07:15:57'),(26,'article',9,2,'citation','Идейные соображения высшего порядка, а также дальнейшее развитие различных форм деятельности',1,'2019-11-01 10:21:24','2019-10-31 07:15:57','2019-10-31 07:15:57'),(27,'article',9,3,'description','Питание ребенка от 6 месяцев до года Идейные соображения высшего порядка, а также дальнейшее развитие различных форм деятельности представляет собой интересный эксперимент проверки позиций, занимаемых участниками в отношении поставленных задач. Таким образом постоянное информационно-пропагандистское обеспечение нашей деятельности позволяет оценить значение модели развития. С другой стороны рамки и место обучения кадров позволяет оценить значение дальнейших направлений развития. Повседневная практика показывает, что постоянное информационно-пропагандистское обеспечение нашей деятельности требуют определения и Питание ребенка от 6 месяцев до года уточнения системы обучения кадров, соответствует насущным потребностям. Товарищи! консультация с широким активом влечет за собой процесс внедрения и модернизации новых предложений. Повседневная практика показывает, что сложившаяся структура организации в значительной степени обуславливает создание существенных финансовых и административных условий. Товарищи! консультация с широким активом влечет за собой процесс внедрения и модернизации новых предложений. Повседневная практика показывает, что сложившаяся структура организации в значительной степени обуславливает создание существенных финансовых и административных условий. Товарищи! консультация с широким активом влечет за собой процесс внедрения и модернизации новых предложений. Повседневная практика показывает, что сложившаяся структура организации в значительной степени обуславливает создание существенны',1,'2019-11-01 10:21:24','2019-10-31 07:15:57','2019-10-31 07:15:57'),(28,'article',10,1,'title','Питание ребенка от 6 месяцев до года',1,'2019-11-01 10:21:24','2019-10-31 07:15:57','2019-10-31 07:15:57'),(29,'article',10,2,'citation','Идейные соображения высшего порядка, а также дальнейшее развитие различных форм деятельности',1,'2019-11-01 10:21:24','2019-10-31 07:15:57','2019-10-31 07:15:57'),(30,'article',10,3,'description','Питание ребенка от 6 месяцев до года Идейные соображения высшего порядка, а также дальнейшее развитие различных форм деятельности представляет собой интересный эксперимент проверки позиций, занимаемых участниками в отношении поставленных задач. Таким образом постоянное информационно-пропагандистское обеспечение нашей деятельности позволяет оценить значение модели развития. С другой стороны рамки и место обучения кадров позволяет оценить значение дальнейших направлений развития. Повседневная практика показывает, что постоянное информационно-пропагандистское обеспечение нашей деятельности требуют определения и Питание ребенка от 6 месяцев до года уточнения системы обучения кадров, соответствует насущным потребностям. Товарищи! консультация с широким активом влечет за собой процесс внедрения и модернизации новых предложений. Повседневная практика показывает, что сложившаяся структура организации в значительной степени обуславливает создание существенных финансовых и административных условий. Товарищи! консультация с широким активом влечет за собой процесс внедрения и модернизации новых предложений. Повседневная практика показывает, что сложившаяся структура организации в значительной степени обуславливает создание существенных финансовых и административных условий. Товарищи! консультация с широким активом влечет за собой процесс внедрения и модернизации новых предложений. Повседневная практика показывает, что сложившаяся структура организации в значительной степени обуславливает создание существенны',1,'2019-11-01 10:21:24','2019-10-31 07:15:57','2019-10-31 07:15:57'),(31,'article',1,4,'image','/storage/2019/10/31/5dbaeddc0954f.jpg',1,'2019-11-01 10:21:24','2019-10-31 17:25:53','2019-10-31 17:25:54'),(32,'article',2,4,'image','/storage/2019/10/31/5dbaeddc0954f.jpg',1,'2019-11-01 10:21:24','2019-10-31 07:15:57','2019-10-31 07:15:57'),(33,'article',3,4,'image','/storage/2019/10/31/5dbaeddc0954f.jpg',1,'2019-11-01 10:21:24','2019-10-31 07:15:57','2019-10-31 07:15:57');
/*!40000 ALTER TABLE `details` ENABLE KEYS */;
UNLOCK TABLES;

--
-- Table structure for table `events`
--

DROP TABLE IF EXISTS `events`;
/*!40101 SET @saved_cs_client     = @@character_set_client */;
/*!40101 SET character_set_client = utf8 */;
CREATE TABLE `events` (
  `id` bigint(20) unsigned NOT NULL AUTO_INCREMENT,
  `type` enum('forum','concert','conference') COLLATE utf8mb4_unicode_ci NOT NULL,
  `title` varchar(255) COLLATE utf8mb4_unicode_ci NOT NULL,
  `image` varchar(255) COLLATE utf8mb4_unicode_ci DEFAULT NULL,
  `location` varchar(255) COLLATE utf8mb4_unicode_ci NOT NULL,
  `date_from` date NOT NULL,
  `date_to` date NOT NULL,
  `time_from` varchar(255) COLLATE utf8mb4_unicode_ci NOT NULL,
  `time_to` varchar(255) COLLATE utf8mb4_unicode_ci NOT NULL,
  `created_at` timestamp NULL DEFAULT NULL,
  `updated_at` timestamp NULL DEFAULT NULL,
  PRIMARY KEY (`id`)
) ENGINE=InnoDB AUTO_INCREMENT=6 DEFAULT CHARSET=utf8mb4 COLLATE=utf8mb4_unicode_ci;
/*!40101 SET character_set_client = @saved_cs_client */;

--
-- Dumping data for table `events`
--

LOCK TABLES `events` WRITE;
/*!40000 ALTER TABLE `events` DISABLE KEYS */;
INSERT INTO `events` VALUES (1,'forum','Событие №0',NULL,'Atakent','2019-10-31','2019-11-01','16:00','20:00','2019-10-31 07:12:08','2019-10-31 07:12:08'),(2,'forum','Событие №1',NULL,'Atakent','2019-10-31','2019-11-01','16:00','20:00','2019-10-31 07:12:08','2019-10-31 07:12:08'),(3,'forum','Событие №2',NULL,'Atakent','2019-10-31','2019-11-01','16:00','20:00','2019-10-31 07:12:08','2019-10-31 07:12:08'),(4,'forum','Событие №3',NULL,'Atakent','2019-10-31','2019-11-01','16:00','20:00','2019-10-31 07:12:08','2019-10-31 07:12:08'),(5,'forum','Событие №4',NULL,'Atakent','2019-10-31','2019-11-01','16:00','20:00','2019-10-31 07:12:08','2019-10-31 07:12:08');
/*!40000 ALTER TABLE `events` ENABLE KEYS */;
UNLOCK TABLES;

--
-- Table structure for table `failed_jobs`
--

DROP TABLE IF EXISTS `failed_jobs`;
/*!40101 SET @saved_cs_client     = @@character_set_client */;
/*!40101 SET character_set_client = utf8 */;
CREATE TABLE `failed_jobs` (
  `id` bigint(20) unsigned NOT NULL AUTO_INCREMENT,
  `connection` text COLLATE utf8mb4_unicode_ci NOT NULL,
  `queue` text COLLATE utf8mb4_unicode_ci NOT NULL,
  `payload` longtext COLLATE utf8mb4_unicode_ci NOT NULL,
  `exception` longtext COLLATE utf8mb4_unicode_ci NOT NULL,
  `failed_at` timestamp NOT NULL DEFAULT CURRENT_TIMESTAMP,
  PRIMARY KEY (`id`)
) ENGINE=InnoDB DEFAULT CHARSET=utf8mb4 COLLATE=utf8mb4_unicode_ci;
/*!40101 SET character_set_client = @saved_cs_client */;

--
-- Dumping data for table `failed_jobs`
--

LOCK TABLES `failed_jobs` WRITE;
/*!40000 ALTER TABLE `failed_jobs` DISABLE KEYS */;
/*!40000 ALTER TABLE `failed_jobs` ENABLE KEYS */;
UNLOCK TABLES;

--
-- Table structure for table `favourables`
--

DROP TABLE IF EXISTS `favourables`;
/*!40101 SET @saved_cs_client     = @@character_set_client */;
/*!40101 SET character_set_client = utf8 */;
CREATE TABLE `favourables` (
  `id` bigint(20) unsigned NOT NULL AUTO_INCREMENT,
  `user_id` bigint(20) unsigned NOT NULL,
  `favourable_type` enum('article','forum','event','playlist') COLLATE utf8mb4_unicode_ci NOT NULL,
  `favourable_id` bigint(20) unsigned NOT NULL,
  `created_at` timestamp NULL DEFAULT NULL,
  `updated_at` timestamp NULL DEFAULT NULL,
  PRIMARY KEY (`id`),
  KEY `favourables_user_id_foreign` (`user_id`),
  CONSTRAINT `favourables_user_id_foreign` FOREIGN KEY (`user_id`) REFERENCES `users` (`id`) ON DELETE CASCADE
) ENGINE=InnoDB AUTO_INCREMENT=2 DEFAULT CHARSET=utf8mb4 COLLATE=utf8mb4_unicode_ci;
/*!40101 SET character_set_client = @saved_cs_client */;

--
-- Dumping data for table `favourables`
--

LOCK TABLES `favourables` WRITE;
/*!40000 ALTER TABLE `favourables` DISABLE KEYS */;
INSERT INTO `favourables` VALUES (1,1,'article',1,NULL,NULL);
/*!40000 ALTER TABLE `favourables` ENABLE KEYS */;
UNLOCK TABLES;

--
-- Table structure for table `forums`
--

DROP TABLE IF EXISTS `forums`;
/*!40101 SET @saved_cs_client     = @@character_set_client */;
/*!40101 SET character_set_client = utf8 */;
CREATE TABLE `forums` (
  `id` bigint(20) unsigned NOT NULL AUTO_INCREMENT,
  `title` varchar(255) COLLATE utf8mb4_unicode_ci NOT NULL,
  `description` text COLLATE utf8mb4_unicode_ci,
  `image` varchar(255) COLLATE utf8mb4_unicode_ci DEFAULT NULL,
  `created_at` timestamp NULL DEFAULT NULL,
  `updated_at` timestamp NULL DEFAULT NULL,
  PRIMARY KEY (`id`)
) ENGINE=InnoDB AUTO_INCREMENT=4 DEFAULT CHARSET=utf8mb4 COLLATE=utf8mb4_unicode_ci;
/*!40101 SET character_set_client = @saved_cs_client */;

--
-- Dumping data for table `forums`
--

LOCK TABLES `forums` WRITE;
/*!40000 ALTER TABLE `forums` DISABLE KEYS */;
INSERT INTO `forums` VALUES (1,'Психология общения','','/storage/2019/10/31/5dbaeddc0954f.jpg','2019-10-31 07:12:08','2019-10-31 07:12:08'),(2,'Бодрость по утрам - залог здоровья матери','','/storage/2019/10/31/5dbaeddc0954f.jpg','2019-10-31 07:12:08','2019-10-31 07:12:08'),(3,'Прививка АКДС - быть или не быть','','/storage/2019/10/31/5dbaeddc0954f.jpg','2019-10-31 07:12:08','2019-10-31 07:12:08');
/*!40000 ALTER TABLE `forums` ENABLE KEYS */;
UNLOCK TABLES;

--
-- Table structure for table `migrations`
--

DROP TABLE IF EXISTS `migrations`;
/*!40101 SET @saved_cs_client     = @@character_set_client */;
/*!40101 SET character_set_client = utf8 */;
CREATE TABLE `migrations` (
  `id` int(10) unsigned NOT NULL AUTO_INCREMENT,
  `migration` varchar(255) COLLATE utf8mb4_unicode_ci NOT NULL,
  `batch` int(11) NOT NULL,
  PRIMARY KEY (`id`)
) ENGINE=InnoDB AUTO_INCREMENT=59 DEFAULT CHARSET=utf8mb4 COLLATE=utf8mb4_unicode_ci;
/*!40101 SET character_set_client = @saved_cs_client */;

--
-- Dumping data for table `migrations`
--

LOCK TABLES `migrations` WRITE;
/*!40000 ALTER TABLE `migrations` DISABLE KEYS */;
INSERT INTO `migrations` VALUES (2,'2014_10_12_100000_create_password_resets_table',1),(3,'2019_08_19_000000_create_failed_jobs_table',1),(4,'2019_10_12_120001_create_admins_table',1),(5,'2014_10_12_000000_create_users_table',2),(7,'2019_10_12_140244_create_tags_table',3),(9,'2019_10_12_140238_create_children_table',4),(10,'2019_10_12_140250_create_user_tags_table',5),(46,'2019_10_31_035450_create_articles_table',6),(47,'2019_10_31_035534_create_forums_table',6),(48,'2019_10_31_035539_create_events_table',6),(49,'2019_10_31_035606_create_playlists_table',6),(50,'2019_10_31_035613_create_records_table',6),(51,'2019_10_31_035625_create_vaccines_table',6),(52,'2019_10_31_035634_create_comments_table',6),(53,'2019_10_31_035644_create_details_table',6),(54,'2019_10_31_090740_create_taggables_table',6),(57,'2019_11_06_172200_create_favourables_table',7),(58,'2019_11_06_173752_create_notifications_table',8);
/*!40000 ALTER TABLE `migrations` ENABLE KEYS */;
UNLOCK TABLES;

--
-- Table structure for table `notifications`
--

DROP TABLE IF EXISTS `notifications`;
/*!40101 SET @saved_cs_client     = @@character_set_client */;
/*!40101 SET character_set_client = utf8 */;
CREATE TABLE `notifications` (
  `id` bigint(20) unsigned NOT NULL AUTO_INCREMENT,
  `user_id` bigint(20) unsigned NOT NULL,
  `title` varchar(255) COLLATE utf8mb4_unicode_ci NOT NULL,
  `body` varchar(255) COLLATE utf8mb4_unicode_ci NOT NULL,
  `thumb` varchar(255) COLLATE utf8mb4_unicode_ci NOT NULL,
  `created_at` timestamp NULL DEFAULT NULL,
  `updated_at` timestamp NULL DEFAULT NULL,
  PRIMARY KEY (`id`),
  KEY `notifications_user_id_foreign` (`user_id`),
  CONSTRAINT `notifications_user_id_foreign` FOREIGN KEY (`user_id`) REFERENCES `users` (`id`) ON DELETE CASCADE
) ENGINE=InnoDB DEFAULT CHARSET=utf8mb4 COLLATE=utf8mb4_unicode_ci;
/*!40101 SET character_set_client = @saved_cs_client */;

--
-- Dumping data for table `notifications`
--

LOCK TABLES `notifications` WRITE;
/*!40000 ALTER TABLE `notifications` DISABLE KEYS */;
/*!40000 ALTER TABLE `notifications` ENABLE KEYS */;
UNLOCK TABLES;

--
-- Table structure for table `password_resets`
--

DROP TABLE IF EXISTS `password_resets`;
/*!40101 SET @saved_cs_client     = @@character_set_client */;
/*!40101 SET character_set_client = utf8 */;
CREATE TABLE `password_resets` (
  `email` varchar(255) COLLATE utf8mb4_unicode_ci NOT NULL,
  `token` varchar(255) COLLATE utf8mb4_unicode_ci NOT NULL,
  `created_at` timestamp NULL DEFAULT NULL,
  KEY `password_resets_email_index` (`email`)
) ENGINE=InnoDB DEFAULT CHARSET=utf8mb4 COLLATE=utf8mb4_unicode_ci;
/*!40101 SET character_set_client = @saved_cs_client */;

--
-- Dumping data for table `password_resets`
--

LOCK TABLES `password_resets` WRITE;
/*!40000 ALTER TABLE `password_resets` DISABLE KEYS */;
/*!40000 ALTER TABLE `password_resets` ENABLE KEYS */;
UNLOCK TABLES;

--
-- Table structure for table `playlists`
--

DROP TABLE IF EXISTS `playlists`;
/*!40101 SET @saved_cs_client     = @@character_set_client */;
/*!40101 SET character_set_client = utf8 */;
CREATE TABLE `playlists` (
  `id` bigint(20) unsigned NOT NULL AUTO_INCREMENT,
  `title` varchar(255) COLLATE utf8mb4_unicode_ci NOT NULL,
  `image` varchar(255) COLLATE utf8mb4_unicode_ci DEFAULT NULL,
  `created_at` timestamp NULL DEFAULT NULL,
  `updated_at` timestamp NULL DEFAULT NULL,
  PRIMARY KEY (`id`)
) ENGINE=InnoDB AUTO_INCREMENT=5 DEFAULT CHARSET=utf8mb4 COLLATE=utf8mb4_unicode_ci;
/*!40101 SET character_set_client = @saved_cs_client */;

--
-- Dumping data for table `playlists`
--

LOCK TABLES `playlists` WRITE;
/*!40000 ALTER TABLE `playlists` DISABLE KEYS */;
INSERT INTO `playlists` VALUES (1,'Кофе как стимулятор мыслей','/storage/2019/10/31/5dbaeddc0954f.jpg','2019-10-31 07:12:08','2019-10-31 07:12:08'),(2,'Мысли материальны','/storage/2019/10/31/5dbaeddc0954f.jpg','2019-10-31 07:12:08','2019-10-31 07:12:08'),(3,'Дыши и живи','/storage/2019/10/31/5dbaeddc0954f.jpg','2019-10-29 07:12:08','2019-10-31 07:12:08'),(4,'Спокойствие с Анной Твен','/storage/2019/10/31/5dbaeddc0954f.jpg','2019-10-29 07:12:08','2019-10-31 07:12:08');
/*!40000 ALTER TABLE `playlists` ENABLE KEYS */;
UNLOCK TABLES;

--
-- Table structure for table `records`
--

DROP TABLE IF EXISTS `records`;
/*!40101 SET @saved_cs_client     = @@character_set_client */;
/*!40101 SET character_set_client = utf8 */;
CREATE TABLE `records` (
  `id` bigint(20) unsigned NOT NULL AUTO_INCREMENT,
  `playlist_id` bigint(20) unsigned NOT NULL,
  `title` varchar(255) COLLATE utf8mb4_unicode_ci DEFAULT NULL,
  `play_time` time DEFAULT NULL,
  `url` varchar(255) COLLATE utf8mb4_unicode_ci NOT NULL,
  `created_at` timestamp NULL DEFAULT NULL,
  `updated_at` timestamp NULL DEFAULT NULL,
  PRIMARY KEY (`id`)
) ENGINE=InnoDB AUTO_INCREMENT=5 DEFAULT CHARSET=utf8mb4 COLLATE=utf8mb4_unicode_ci;
/*!40101 SET character_set_client = @saved_cs_client */;

--
-- Dumping data for table `records`
--

LOCK TABLES `records` WRITE;
/*!40000 ALTER TABLE `records` DISABLE KEYS */;
INSERT INTO `records` VALUES (1,1,'Аудиозапись №1','00:03:15','','2019-10-31 07:12:08','2019-10-31 07:12:08'),(2,1,'Аудиозапись №1','00:03:15','','2019-10-31 07:12:08','2019-10-31 07:12:08'),(3,3,'Аудиозапись №1','00:03:15','','2019-10-31 07:12:08','2019-10-31 07:12:08'),(4,4,'Аудиозапись №1','00:03:15','','2019-10-31 07:12:08','2019-10-31 07:12:08');
/*!40000 ALTER TABLE `records` ENABLE KEYS */;
UNLOCK TABLES;

--
-- Table structure for table `taggables`
--

DROP TABLE IF EXISTS `taggables`;
/*!40101 SET @saved_cs_client     = @@character_set_client */;
/*!40101 SET character_set_client = utf8 */;
CREATE TABLE `taggables` (
  `id` bigint(20) unsigned NOT NULL AUTO_INCREMENT,
  `tag_id` bigint(20) unsigned NOT NULL,
  `taggable_type` enum('article','forum','event','playlist') COLLATE utf8mb4_unicode_ci NOT NULL,
  `taggable_id` bigint(20) unsigned NOT NULL,
  `created_at` timestamp NULL DEFAULT NULL,
  `updated_at` timestamp NULL DEFAULT NULL,
  PRIMARY KEY (`id`),
  KEY `taggables_tag_id_foreign` (`tag_id`),
  CONSTRAINT `taggables_tag_id_foreign` FOREIGN KEY (`tag_id`) REFERENCES `tags` (`id`) ON DELETE CASCADE
) ENGINE=InnoDB AUTO_INCREMENT=14 DEFAULT CHARSET=utf8mb4 COLLATE=utf8mb4_unicode_ci;
/*!40101 SET character_set_client = @saved_cs_client */;

--
-- Dumping data for table `taggables`
--

LOCK TABLES `taggables` WRITE;
/*!40000 ALTER TABLE `taggables` DISABLE KEYS */;
INSERT INTO `taggables` VALUES (1,1,'forum',1,'2019-10-31 13:29:32','2019-10-31 13:29:32'),(2,2,'event',1,'2019-10-31 13:29:32','2019-10-31 13:29:32'),(3,4,'playlist',1,'2019-10-31 13:29:32','2019-10-31 13:29:32'),(5,1,'article',1,'2019-10-31 13:29:32','2019-10-31 13:29:32'),(6,1,'playlist',1,'2019-10-31 13:29:32','2019-10-31 13:29:32'),(7,8,'forum',2,'2019-10-31 13:36:14','2019-10-31 13:36:14'),(8,7,'event',3,'2019-10-31 13:36:35','2019-10-31 13:36:36'),(10,1,'article',6,'2019-10-31 13:29:32','2019-10-31 13:29:32'),(11,1,'article',4,'2019-10-31 13:29:32','2019-10-31 13:29:32'),(12,1,'article',5,'2019-10-31 13:29:32','2019-10-31 13:29:32'),(13,1,'article',7,'2019-10-31 13:29:32','2019-10-31 13:29:32');
/*!40000 ALTER TABLE `taggables` ENABLE KEYS */;
UNLOCK TABLES;

--
-- Table structure for table `tags`
--

DROP TABLE IF EXISTS `tags`;
/*!40101 SET @saved_cs_client     = @@character_set_client */;
/*!40101 SET character_set_client = utf8 */;
CREATE TABLE `tags` (
  `id` bigint(20) unsigned NOT NULL AUTO_INCREMENT,
  `title` varchar(255) COLLATE utf8mb4_unicode_ci NOT NULL,
  `created_at` timestamp NULL DEFAULT NULL,
  `updated_at` timestamp NULL DEFAULT NULL,
  PRIMARY KEY (`id`)
) ENGINE=InnoDB AUTO_INCREMENT=10 DEFAULT CHARSET=utf8mb4 COLLATE=utf8mb4_unicode_ci;
/*!40101 SET character_set_client = @saved_cs_client */;

--
-- Dumping data for table `tags`
--

LOCK TABLES `tags` WRITE;
/*!40000 ALTER TABLE `tags` DISABLE KEYS */;
INSERT INTO `tags` VALUES (1,'sometext','2019-10-19 06:48:16','2019-10-19 06:51:50'),(2,'fewefw','2019-10-19 06:48:16','2019-10-19 06:48:16'),(4,'fewewf','2019-10-19 06:52:02','2019-10-19 06:52:02'),(5,'wefewf','2019-10-19 06:52:02','2019-10-19 06:52:02'),(6,'wfewef','2019-10-19 06:52:02','2019-10-19 06:52:02'),(7,'wfe','2019-10-19 06:52:02','2019-10-19 06:52:02'),(8,'fwe','2019-10-19 06:52:02','2019-10-19 06:52:02'),(9,'до года','2019-11-05 17:25:03','2019-11-05 17:25:03');
/*!40000 ALTER TABLE `tags` ENABLE KEYS */;
UNLOCK TABLES;

--
-- Table structure for table `user_tags`
--

DROP TABLE IF EXISTS `user_tags`;
/*!40101 SET @saved_cs_client     = @@character_set_client */;
/*!40101 SET character_set_client = utf8 */;
CREATE TABLE `user_tags` (
  `id` bigint(20) unsigned NOT NULL AUTO_INCREMENT,
  `user_id` bigint(20) unsigned NOT NULL,
  `tag_id` bigint(20) unsigned NOT NULL,
  `created_at` timestamp NULL DEFAULT NULL,
  `updated_at` timestamp NULL DEFAULT NULL,
  PRIMARY KEY (`id`),
  KEY `user_tags_user_id_index` (`user_id`),
  KEY `user_tags_tag_id_index` (`tag_id`),
  CONSTRAINT `user_tags_tag_id_foreign` FOREIGN KEY (`tag_id`) REFERENCES `tags` (`id`),
  CONSTRAINT `user_tags_user_id_foreign` FOREIGN KEY (`user_id`) REFERENCES `users` (`id`)
) ENGINE=InnoDB AUTO_INCREMENT=428 DEFAULT CHARSET=utf8mb4 COLLATE=utf8mb4_unicode_ci;
/*!40101 SET character_set_client = @saved_cs_client */;

--
-- Dumping data for table `user_tags`
--

LOCK TABLES `user_tags` WRITE;
/*!40000 ALTER TABLE `user_tags` DISABLE KEYS */;
INSERT INTO `user_tags` VALUES (59,13,2,NULL,NULL),(60,13,4,NULL,NULL),(61,13,6,NULL,NULL),(71,9,1,NULL,NULL),(83,15,2,NULL,NULL),(84,15,4,NULL,NULL),(85,15,8,NULL,NULL),(86,15,5,NULL,NULL),(87,15,6,NULL,NULL),(88,15,7,NULL,NULL),(89,21,5,NULL,NULL),(90,21,1,NULL,NULL),(91,21,2,NULL,NULL),(93,22,2,NULL,NULL),(94,22,4,NULL,NULL),(95,26,1,NULL,NULL),(98,27,6,NULL,NULL),(99,27,7,NULL,NULL),(100,29,1,NULL,NULL),(101,29,2,NULL,NULL),(102,30,2,NULL,NULL),(103,30,5,NULL,NULL),(104,30,8,NULL,NULL),(105,37,2,NULL,NULL),(106,37,4,NULL,NULL),(107,37,6,NULL,NULL),(113,38,1,NULL,NULL),(114,38,8,NULL,NULL),(175,41,2,NULL,NULL),(176,41,1,NULL,NULL),(177,41,4,NULL,NULL),(178,41,5,NULL,NULL),(192,42,4,NULL,NULL),(196,42,8,NULL,NULL),(307,43,7,NULL,NULL),(308,43,2,NULL,NULL),(309,43,8,NULL,NULL),(310,43,5,NULL,NULL),(325,45,1,NULL,NULL),(341,46,9,NULL,NULL),(342,46,8,NULL,NULL),(420,1,5,NULL,NULL),(422,1,9,NULL,NULL),(424,1,7,NULL,NULL),(425,1,4,NULL,NULL),(426,1,1,NULL,NULL),(427,1,2,NULL,NULL);
/*!40000 ALTER TABLE `user_tags` ENABLE KEYS */;
UNLOCK TABLES;

--
-- Table structure for table `users`
--

DROP TABLE IF EXISTS `users`;
/*!40101 SET @saved_cs_client     = @@character_set_client */;
/*!40101 SET character_set_client = utf8 */;
CREATE TABLE `users` (
  `id` bigint(20) unsigned NOT NULL AUTO_INCREMENT,
  `access_token` varchar(100) COLLATE utf8mb4_unicode_ci NOT NULL DEFAULT '0',
  `thumb` varchar(255) COLLATE utf8mb4_unicode_ci DEFAULT NULL,
  `name` varchar(255) COLLATE utf8mb4_unicode_ci NOT NULL,
  `last_name` varchar(255) COLLATE utf8mb4_unicode_ci DEFAULT NULL,
  `email` varchar(255) COLLATE utf8mb4_unicode_ci NOT NULL,
  `parent` enum('mother','father','none') COLLATE utf8mb4_unicode_ci NOT NULL,
  `pregnant` tinyint(1) NOT NULL,
  `email_verified_at` timestamp NULL DEFAULT NULL,
  `birth_date` date DEFAULT NULL,
  `password` varchar(255) COLLATE utf8mb4_unicode_ci NOT NULL,
  `info` text COLLATE utf8mb4_unicode_ci,
  `vk` varchar(500) COLLATE utf8mb4_unicode_ci DEFAULT NULL,
  `instagram` varchar(500) COLLATE utf8mb4_unicode_ci DEFAULT NULL,
  `facebook` varchar(500) COLLATE utf8mb4_unicode_ci DEFAULT NULL,
  `blocked` tinyint(4) DEFAULT '0',
  `created_at` timestamp NULL DEFAULT NULL,
  `updated_at` timestamp NULL DEFAULT NULL,
  PRIMARY KEY (`id`),
  UNIQUE KEY `users_email_unique` (`email`)
) ENGINE=InnoDB AUTO_INCREMENT=47 DEFAULT CHARSET=utf8mb4 COLLATE=utf8mb4_unicode_ci;
/*!40101 SET character_set_client = @saved_cs_client */;

--
-- Dumping data for table `users`
--

LOCK TABLES `users` WRITE;
/*!40000 ALTER TABLE `users` DISABLE KEYS */;
INSERT INTO `users` VALUES (1,'0','/storage/2019/11/07/5dc3b5d928ad9.png','Madiyar','Yermakhanbetov','madiar3030@gmail.com','father',0,'2019-10-23 15:05:09','1999-05-30','Elitdar','123456789 lorem ipsum dolor sit amet','https://vk.com/madiyar993005','https://www.insta','https://www.instagram.com/madiyaar_/',0,NULL,'2019-11-07 14:17:01'),(2,'49y3SWmbYP2kHOYnD4ggxeHYRyDaxSnGr3BHS1nuJKI3rQuJ9Z',NULL,'Madiyar','Yermakhanbetov','madiar3035@gmail.com','father',0,NULL,'1999-05-30','adgjmp96',NULL,NULL,NULL,NULL,0,'2019-10-23 08:43:42','2019-10-23 08:43:42'),(3,'dpOOjJOYIRprqlmhSm8M4E3Tu4QPjDxj566nv5uS5OyrtZh8WA',NULL,'Madiyar',NULL,'madiar3035@mail.com','none',0,NULL,NULL,'adgjmp96',NULL,NULL,NULL,NULL,0,'2019-10-24 03:04:10','2019-10-24 03:04:10'),(5,'S38rbyO5oIb5GKyNC0JtorLUrEMmeoPIywQbpBKnMxU6bWT4zF',NULL,'Test',NULL,'m@m.m','none',0,NULL,NULL,'123456',NULL,NULL,NULL,NULL,0,'2019-10-24 04:58:37','2019-10-24 04:58:37'),(6,'stycz7TtZce8I1m8YRRhf5rfrSIQikYOXvH6XURt9cn6CXcdks','/storage/2019/10/24/5db15b75a0a4a-1571904371074','Test',NULL,'m1@m.m','none',0,NULL,NULL,'123456',NULL,NULL,NULL,NULL,0,'2019-10-24 05:06:13','2019-10-24 05:06:13'),(7,'Cf1sxl3vDeWN6xXWbaxQZ8bISEctxHIZQJhfppp51X6RCvNrwe','/storage/2019/10/24/5db1619fd99f9-1571905947521','Test',NULL,'m2@m.m','none',0,NULL,NULL,'123456',NULL,NULL,NULL,NULL,0,'2019-10-24 05:32:31','2019-10-24 05:32:31'),(8,'F3dT8TtyBUTghAyWan9tDDJLIsfeVJNhZ4FbamdWVTwkmbQSMa',NULL,'Test',NULL,'m4@m.m','none',0,NULL,NULL,'123456',NULL,NULL,NULL,NULL,0,'2019-10-24 05:46:26','2019-10-24 05:46:26'),(9,'2NxmfYt7yxZBU9EhQ1K4as6TttyOBybj08Or2l3cNyODp83BCW',NULL,'Ftgyhuj',NULL,'Hbxjaksnx@gmail.com','mother',0,NULL,NULL,'1234567890','Повседневная практика показывает, что постоянное информационно-пропагандистское обеспечение нашей деятельности требуют определения и повседневная практика показывает, что постоянное информационно-пропагандистское обеспечение нашей деятельности требуют определения и что постоянное информационно-пропагандистское обеспечение нашей деятельности требуют определения.',NULL,NULL,NULL,0,'2019-10-24 07:27:50','2019-10-25 02:16:06'),(10,'WbbDsQZxJ7WqGVSrxM2xSUi9bmTQIhRpmjPhiynPMtsQXtGFvY',NULL,'Test',NULL,'mukhidin.nuridinov@gmail.com','none',0,NULL,NULL,'123456',NULL,NULL,NULL,NULL,0,'2019-10-24 07:48:26','2019-10-31 11:57:45'),(11,'TujAYC3X6eDHpHqfcC1I7dIHXd9xqphzgrpFsQxBoyar4BFU8l',NULL,'twtw',NULL,'m7@m.m','none',0,NULL,NULL,'123456',NULL,NULL,NULL,NULL,0,'2019-10-24 07:51:09','2019-10-24 07:51:09'),(12,'hPP0QGvUlCSNRNVah0BQcJHB5crmIojtEqvhRPEeVBi1yQoUmH',NULL,'Test',NULL,'nmn@gmail.com','none',0,'2019-10-24 17:47:09',NULL,'123456',NULL,NULL,NULL,NULL,0,'2019-10-24 11:46:03','2019-10-24 11:46:03'),(13,'G2ZltEfHkkgxtbSV1mVG9eEeX3Zrdr14xKxu31lrbkzIA4X3Hu','/storage/2019/10/24/5db1bc544d462-1571929170928','Test',NULL,'mm@mm.ru','father',0,NULL,NULL,'123456',NULL,NULL,NULL,NULL,0,'2019-10-24 11:59:32','2019-10-24 12:00:31'),(14,'EFVeu8sITC7xishCYmsjrtfmWcoAkLtlBHrdp4EC0oQiPbnSoj',NULL,'Test',NULL,'mmm1@gmail.com','none',0,NULL,NULL,'123456',NULL,NULL,NULL,NULL,0,'2019-10-24 12:12:12','2019-10-24 12:12:12'),(15,'Ocrq0T7wZ0eAUHaJyKDbMpcu0sqcFJHDsaOIGZCq9tbHntuY6A','/storage/2019/10/24/5db1c06742972.jpg','Test',NULL,'mmm2@gmail.com','none',0,NULL,NULL,'123456',NULL,NULL,NULL,NULL,0,'2019-10-24 12:16:55','2019-10-24 12:16:55'),(16,'QTweczzMHTwMrjYvDZumXrjdMNxnlcJd8wHqoiHBjeyGPKib64',NULL,'Madiyar',NULL,'vmadiar3035@gmail.com','none',0,NULL,NULL,'adgjmp96',NULL,NULL,NULL,NULL,0,'2019-10-25 01:29:42','2019-10-25 01:29:42'),(17,'5EPaUeoJnBhcg9e0EdlBgPgMVJyhpUwHXrJTjBwegQ3BbPyc4t',NULL,'Madiyar',NULL,'fmadiar3035@gmail.com','none',0,NULL,NULL,'adgjmp96',NULL,NULL,NULL,NULL,0,'2019-10-25 02:18:58','2019-10-25 02:18:58'),(18,'mZYp3iLxVEIY1vfv5ndc9hFJFFWYJJLzZNQpdoS4klD6EnBTuL','/storage/2019/10/25/5db2e45cefffd.jpg','Madiyar',NULL,'madiar3039@gmail.com','none',0,NULL,NULL,'adgjmp96',NULL,NULL,NULL,NULL,0,'2019-10-25 09:02:36','2019-10-25 09:02:36'),(19,'fnpRaRyXRZJcte1xVLNGt78ONX9AcCZJihJssiT2Cr2lAMrOHB',NULL,'Test',NULL,'mmm4@gmail.com','none',0,NULL,NULL,'123456',NULL,NULL,NULL,NULL,0,'2019-10-25 09:21:12','2019-10-25 09:21:12'),(20,'u0AWqxFSFzqloo6SBbpM06pPfIh27MRUU5pe81iT66eHsSyxZk','/storage/2019/10/25/5db2e9fda2f19.jpg','test',NULL,'mmm5@gmail.com','none',0,NULL,NULL,'123456',NULL,NULL,NULL,NULL,0,'2019-10-25 09:26:37','2019-10-25 09:26:37'),(21,'Um7XxaiT9WQPM7rlRYeoRFmWQL0od9CUziCNE0CdfOg363TLsl','/storage/2019/10/25/5db2eb702f476.jpg','hshw','Nnj','mmm6@gmail.com','father',0,NULL,NULL,'123456','Hhh',NULL,NULL,NULL,0,'2019-10-25 09:32:48','2019-11-07 14:15:40'),(22,'KBFRLAlnGwmDfHm0xHgKtOv15eXqDnYp10UNvlhQQxSno8Tdbb','/storage/2019/10/25/5db2f04583839.jpg','Элдар',NULL,'eldar@gmail.com','father',0,NULL,NULL,'qwerty',NULL,NULL,NULL,NULL,0,'2019-10-25 09:53:25','2019-10-25 09:53:35'),(23,'EYJjmY6Vi9tPhpiTHjRVMi4mYilzezcVsJXvFPVXxCe3rzMbbJ','/storage/2019/10/25/5db2f2496d249.','hhh',NULL,'1601@stu.sdu.edu.kz','none',0,NULL,NULL,'1234567',NULL,NULL,NULL,NULL,0,'2019-10-25 10:02:01','2019-10-25 10:02:01'),(24,'bscLzeHxCweaGnHZNpy7BFCc3RxfAYGBE965mYopsv9VSqndVm',NULL,'dhdhd',NULL,'160153@stu.sdu.edu.kz','none',0,NULL,NULL,'123456',NULL,NULL,NULL,NULL,0,'2019-10-25 10:44:05','2019-10-25 10:44:05'),(25,'aHoCMxB0QPps3P6npdrp6lebeXkrgGi7XXYFmJn1YQ2QK5cIBc','/storage/2019/10/25/5db2fcac3f891.','члала',NULL,'dhdj@ddn.dhd','none',0,NULL,NULL,'zxcvbn',NULL,NULL,NULL,NULL,0,'2019-10-25 10:46:20','2019-10-25 10:46:20'),(26,'eZDTJfXgu8QcOVA5IMrImlHdoqsgEUsnVZSUAksfsYhilAHNQW',NULL,'Леонтий',NULL,'lildragon85@gmail.com','father',0,NULL,NULL,'nightmare7',NULL,NULL,NULL,NULL,0,'2019-10-26 04:31:07','2019-10-26 04:31:21'),(27,'yyMjEjVy8cE3JmwsZW2oPy4hh66Z0DvFPUUjeucRnx70k79d4M',NULL,'Eldor',NULL,'eldareldar@eldar.com','mother',0,NULL,NULL,'eldar1',NULL,NULL,NULL,NULL,0,'2019-10-26 04:31:50','2019-10-26 04:34:27'),(28,'BrGS79X8KxKMmZQoPjoKrWV2WYg12ivux9aOjGMbpAQ3RuyeqB',NULL,'Elsie',NULL,'Eldarer@gmail.com','none',0,NULL,NULL,'elitdarr0',NULL,NULL,NULL,NULL,0,'2019-10-26 04:45:29','2019-10-26 04:45:29'),(29,'aJYTERkFWqg9phnevdR8fAIQKs39DmScb0syjXKf0vMSfo3DYp',NULL,'Eldor',NULL,'Asdfj@gmail.com','mother',0,NULL,NULL,'qwertyuiop','Kmeksm',NULL,NULL,NULL,0,'2019-10-26 04:51:29','2019-10-26 04:54:13'),(30,'rwDhwDA7FKiTO23BFCbkWXa6Pit6BIiMTD9cmU7jOPTW5GzAiK','/storage/2019/10/26/5db40b3812e6b.jpg','Канат',NULL,'bsshdbvdvdbdvd@ff.com','father',0,NULL,NULL,'123456',NULL,NULL,NULL,NULL,0,'2019-10-26 06:00:40','2019-10-26 06:01:07'),(31,'WpYLtgvcsSazPASjhrLNANLuDwcawMU9OjW2nJ1bCiujFj1H8G',NULL,'sddd',NULL,'eldorr@gmail.co','none',0,NULL,NULL,'qwerty',NULL,NULL,NULL,NULL,0,'2019-10-26 08:42:01','2019-10-26 08:42:01'),(32,'JwUVDR9kuLTsYbJlWTMqrmUqoPL8K3C3VOt1rmAgoGiiaTlchB','/storage/2019/10/26/5db431369ccb6.png','Madiyar',NULL,'maeffediar3035@gmail.com','none',0,NULL,NULL,'adgjmp96',NULL,NULL,NULL,NULL,0,'2019-10-26 08:42:46','2019-10-26 08:42:46'),(33,'hGp2YBKhKq7tlCZMK9TPd12Z81NSnnwSwhvszGzGa6j9IiaqTg','/storage/2019/10/26/5db4318cadc10.','лслм',NULL,'ghjgu@thg.hg','none',0,NULL,NULL,'123456',NULL,NULL,NULL,NULL,0,'2019-10-26 08:44:12','2019-10-26 08:44:12'),(34,'v51e6sfpsg5mBpfqS8ZOBBWaOcfSZkFfGw3MiSbL64tiDRyuYX','/storage/2019/10/26/5db431ac34da5.','лслм',NULL,'ghоооjgu@thg.hg','none',0,NULL,NULL,'123456',NULL,NULL,NULL,NULL,0,'2019-10-26 08:44:44','2019-10-26 08:44:44'),(35,'PW3C7L2X1f1DrwYsCUPw9Ljr9ZM2ZcbcHnucd0XFy3HeJJFmcq','/storage/2019/10/26/5db431eee3d17.','лслм',NULL,'ghоооjguрр@thg.hg','none',0,NULL,NULL,'123456',NULL,NULL,NULL,NULL,0,'2019-10-26 08:45:50','2019-10-26 08:45:50'),(36,'djlSnqAHqEQ7xbdgt0l9ZOG1URtnckLafPRiMDLKEsbuqouggi','/storage/2019/10/26/5db4325c64e9a.','Лкдвда',NULL,'ddjdudhd@gmail.c','none',0,NULL,NULL,'asdfgt',NULL,NULL,NULL,NULL,0,'2019-10-26 08:47:40','2019-10-26 08:47:40'),(37,'Lav20q126DvyEqQfoaPHLAEOpQ1bowy3SkSascd25fhZbN9eD2','/storage/2019/10/26/5db4329614b78.','dhudjd',NULL,'ayshd@gmail.com','mother',1,NULL,NULL,'asdfrewq','Eldor',NULL,NULL,NULL,0,'2019-10-26 08:48:38','2019-10-26 08:52:59'),(38,'Htl6vN9hUjsb2prLSbpKn1Lbu6WTHni0hVrgicTRlKZEhJhQh0',NULL,'Eldor',NULL,'160106018@stu.sdu.edu.kz','mother',0,NULL,NULL,'eldorrr','твтвлв',NULL,NULL,NULL,0,'2019-10-26 08:51:13','2019-10-29 12:58:16'),(39,'nL8hJEaMFY6LftZxLfZgONTwVjZ3yDfdeYlwEPa4YnTgcvs7Wj',NULL,'ововлв',NULL,'ововвл@овлв','mother',0,NULL,NULL,'qwerty','ваар',NULL,NULL,NULL,0,'2019-10-29 12:58:08','2019-11-01 15:21:55'),(40,'Ak2PM2X5c39tWGlpym5WQvb7hiPCXJA7xHioUwRQWzesJFU3Nq',NULL,'cg',NULL,'ars.toktarov@gmail.com','mother',0,NULL,NULL,'qwerty',NULL,NULL,NULL,NULL,0,'2019-10-30 08:17:56','2019-10-31 10:55:21'),(41,'ljS7CL0kuJ7EnJgiNoWqi9LP7imxJUrdbCdraMmO6sVEqqMqzc',NULL,'Tima',NULL,'asd@mail.ru','mother',1,NULL,NULL,'qwerty',NULL,NULL,NULL,NULL,0,'2019-10-31 16:34:25','2019-10-31 16:34:31'),(42,'AP3Z28i74eIxdlwuW1v2ZQAWJCcE6yoypUjBFEnW3tnO7PLHJD',NULL,'aseasd',NULL,'asd@gmail.com','mother',0,NULL,NULL,'qweasd',NULL,NULL,NULL,NULL,0,'2019-11-01 05:16:23','2019-11-01 05:16:36'),(43,'o6Syd5UVTyarBPccmWV0gW4cjAx7JQeerLpy4GTQCKPKlwCpKM',NULL,'Леонтий',NULL,'lildragon@mail.ru','father',0,NULL,NULL,'qwerty',NULL,NULL,NULL,NULL,0,'2019-11-02 13:27:26','2019-11-02 13:28:54'),(44,'BqEHePOsj10H28dhilyEFTi0cXvT7fVJ6ORdsF9l7ac3rilneI',NULL,'Камилла',NULL,'kamilla.tazhina@gmail.com','none',0,NULL,NULL,'k1984kh',NULL,NULL,NULL,NULL,0,'2019-11-02 22:12:22','2019-11-02 22:12:22'),(45,'YIv7UZE1p1yq1gOqHYRy0ZsAyq2MTwetbb8gZgJpER3Vp0rSZY',NULL,'Test',NULL,'t1@t.t','father',0,NULL,NULL,'123456',NULL,NULL,NULL,NULL,0,'2019-11-05 13:42:22','2019-11-05 13:42:29'),(46,'K3fPjradmOaXjRMmK0QBSKqOj2IvsC3u5lR7mHEVUawXJIeLLr',NULL,'de',NULL,'tt@ff.kz','father',0,NULL,NULL,'123456',NULL,NULL,NULL,NULL,0,'2019-11-05 17:58:46','2019-11-05 17:59:02');
/*!40000 ALTER TABLE `users` ENABLE KEYS */;
UNLOCK TABLES;

--
-- Table structure for table `vaccines`
--

DROP TABLE IF EXISTS `vaccines`;
/*!40101 SET @saved_cs_client     = @@character_set_client */;
/*!40101 SET character_set_client = utf8 */;
CREATE TABLE `vaccines` (
  `id` bigint(20) unsigned NOT NULL AUTO_INCREMENT,
  `title` varchar(255) COLLATE utf8mb4_unicode_ci NOT NULL,
  `description` varchar(255) COLLATE utf8mb4_unicode_ci NOT NULL,
  `age_from` int(11) DEFAULT NULL,
  `age_to` int(11) DEFAULT NULL,
  `age_type` enum('day','month','week','year') COLLATE utf8mb4_unicode_ci NOT NULL,
  `created_at` timestamp NULL DEFAULT NULL,
  `updated_at` timestamp NULL DEFAULT NULL,
  PRIMARY KEY (`id`)
) ENGINE=InnoDB AUTO_INCREMENT=3 DEFAULT CHARSET=utf8mb4 COLLATE=utf8mb4_unicode_ci;
/*!40101 SET character_set_client = @saved_cs_client */;

--
-- Dumping data for table `vaccines`
--

LOCK TABLES `vaccines` WRITE;
/*!40000 ALTER TABLE `vaccines` DISABLE KEYS */;
INSERT INTO `vaccines` VALUES (1,'Прививка АКДС','Товарищи! новая модель организационной деятельности позволяет позволяет выполнять',1,2,'year','2019-10-31 07:12:08','2019-10-31 07:12:08'),(2,'Прививка от кори','С другой стороны дальнейшее развитие различных форм деятельности в позволяет значительной',NULL,12,'year','2019-10-31 07:12:08','2019-10-31 07:12:08');
/*!40000 ALTER TABLE `vaccines` ENABLE KEYS */;
UNLOCK TABLES;
/*!40103 SET TIME_ZONE=@OLD_TIME_ZONE */;

/*!40101 SET SQL_MODE=@OLD_SQL_MODE */;
/*!40014 SET FOREIGN_KEY_CHECKS=@OLD_FOREIGN_KEY_CHECKS */;
/*!40014 SET UNIQUE_CHECKS=@OLD_UNIQUE_CHECKS */;
/*!40101 SET CHARACTER_SET_CLIENT=@OLD_CHARACTER_SET_CLIENT */;
/*!40101 SET CHARACTER_SET_RESULTS=@OLD_CHARACTER_SET_RESULTS */;
/*!40101 SET COLLATION_CONNECTION=@OLD_COLLATION_CONNECTION */;
/*!40111 SET SQL_NOTES=@OLD_SQL_NOTES */;

-- Dump completed on 2019-11-08 15:54:25
